dataset,model,test_size,n_classes,true_brier,true_l1,true_l2,KDE-CV_brier_draw0,KDE-CV_brier_draw0_unclipped,KDE-CV_brier_draw1,KDE-CV_brier_draw1_unclipped,KDE-CV_brier_draw2,KDE-CV_brier_draw2_unclipped,KDE-CV_brier,KDE-CV_brier_unclipped,KDE-CV_l1_draw0,KDE-CV_l1_draw0_unclipped,KDE-CV_l1_draw1,KDE-CV_l1_draw1_unclipped,KDE-CV_l1_draw2,KDE-CV_l1_draw2_unclipped,KDE-CV_l1,KDE-CV_l1_unclipped,KDE-CV_l2_draw0,KDE-CV_l2_draw0_unclipped,KDE-CV_l2_draw1,KDE-CV_l2_draw1_unclipped,KDE-CV_l2_draw2,KDE-CV_l2_draw2_unclipped,KDE-CV_l2,KDE-CV_l2_unclipped,KDE-CV_time
Diabetes130US,CatBoost,10177,3,0.0016086395196506246,0.05733175133226558,0.03656954341112219,0.0,-0.0019928058657698194,0.0,-0.001501353880023086,0.0,-0.0009256876800281413,0.0,-0.0014732824752736824,0.03281147592186077,0.03281147592186077,0.030384308553712696,0.030384308553712696,0.043277609720121506,0.043277609720121506,0.03549113139856499,0.03549113139856499,0.020858352140992995,0.020858352140992995,0.020202777237582185,0.020202777237582185,0.026030123071886582,0.026030123071886582,0.02236375081682059,0.02236375081682059,0.3415078750003886
Diabetes130US,ExtraTrees,10177,3,0.003548031191907819,0.08519960534726378,0.05444837368851004,0.0,-0.0005067004664280786,0.0,-0.0002706323548033631,0.0,-0.0003075660059816627,0.0,-0.0003616329424043681,0.06374437035521452,0.06374437035521452,0.06085872118394879,0.06085872118394879,0.05465389858917393,0.05465389858917393,0.05975233004277908,0.05975233004277908,0.04360183376930305,0.04360183376930305,0.03795833194004347,0.03795833194004347,0.03826614148689826,0.03826614148689826,0.03994210239874826,0.03994210239874826,0.33782797233288875
Diabetes130US,LightGBM,10177,3,0.0016027445670819015,0.055730741722379774,0.03604141421709866,0.0,-0.001281017148372354,0.0,-0.002150560793071952,0.0,-0.0009421887221586555,0.0,-0.0014579222212009874,0.033362742368279394,0.033362742368279394,0.026149761405215875,0.026149761405215875,0.04234965425945575,0.04234965425945575,0.03395405267765034,0.03395405267765034,0.017204607130557905,0.017204607130557905,0.016437769377109775,0.016437769377109775,0.02715206720988717,0.02715206720988717,0.020264814572518285,0.020264814572518285,0.3270699306667666
Diabetes130US,LinearModel,10177,3,0.002149691995999166,0.052393972870647884,0.03394398822824026,0.0,-0.00017915588705393745,0.00029066854592184907,0.00029066854592184907,0.0,-0.0010167443359487133,9.688951530728302e-05,-0.0003017438923602672,0.03517249786935693,0.03517249786935693,0.051802072479035136,0.051802072479035136,0.03001378587149567,0.03001378587149567,0.03899611873996258,0.03899611873996258,0.023764845866073456,0.023764845866073456,0.029874964559022176,0.029874964559022176,0.019544923585951043,0.019544923585951043,0.02439491133701556,0.02439491133701556,0.3251149719993312
Diabetes130US,NeuralNetFastAI,10177,3,0.0016481854562203908,0.05695356242020088,0.03636952127109828,0.0,-0.00010184958329873038,0.0,-0.002394303636996464,0.0,-0.0025940857385772114,0.0,-0.0016967463196241352,0.03758558530901848,0.03758558530901848,0.036530833746998156,0.036530833746998156,0.030841547621336646,0.030841547621336646,0.034985988892451095,0.034985988892451095,0.0253830762890735,0.0253830762890735,0.023563662618916674,0.023563662618916674,0.020714896652521422,0.020714896652521422,0.023220545186837197,0.023220545186837197,0.3254119583337645
Diabetes130US,NeuralNetTorch,10177,3,0.0011759317898800547,0.050708863385009975,0.03194255125827821,0.0,-0.0015422329587850597,0.0,-0.0021188297651593313,0.0,-0.002401369854796358,0.0,-0.00202081085958025,0.03990451978920201,0.03990451978920201,0.03696286070405913,0.03696286070405913,0.0221606563443443,0.0221606563443443,0.03300934561253515,0.03300934561253515,0.026148050485676994,0.026148050485676994,0.02020038396324195,0.02020038396324195,0.015827703151227186,0.015827703151227186,0.020725379200048712,0.020725379200048712,0.3233150833330001
Diabetes130US,RandomForest,10177,3,0.002665146142226344,0.07671693249991687,0.04834042504195794,0.0,-0.0005431943060477156,0.0,-0.002021015491515471,0.0,-0.0007304886752432722,0.0,-0.0010982328242688194,0.06804412860848677,0.06804412860848677,0.03614005087183453,0.03614005087183453,0.05330169734607189,0.05330169734607189,0.0524952922754644,0.0524952922754644,0.038915793027494365,0.038915793027494365,0.024717029710451803,0.024717029710451803,0.0385798288818233,0.0385798288818233,0.03407088387325649,0.03407088387325649,0.32714030533437227
Diabetes130US,XGBoost,10177,3,0.001967571817568942,0.06423117164511656,0.041152343651050104,0.0,-0.0004831392974330307,0.0,-0.0017300012003139016,0.0,-0.0012168428774607016,0.0,-0.001143327791735878,0.04174117939526571,0.04174117939526571,0.037183498746051195,0.037183498746051195,0.05196416629557036,0.05196416629557036,0.04362961481229575,0.04362961481229575,0.032202740122907934,0.032202740122907934,0.02376056130304769,0.02376056130304769,0.029445427893161114,0.029445427893161114,0.028469576439705577,0.028469576439705577,0.3179917916665242
GesturePhaseSegmentationProcessed,CatBoost,988,5,0.0071668965344737845,0.10136794115145573,0.060671430553177176,0.0,-0.1407757493134235,0.0,-0.13333303336218622,0.0,-0.1363316185114286,0.0,-0.1368134670623461,0.014224503573575797,0.014224503573575797,0.027968704757751567,0.027968704757751567,0.018451286732767847,0.018451286732767847,0.020214831688031735,0.020214831688031735,0.005579123929730963,0.005579123929730963,0.013790282838216029,0.013790282838216029,0.02007120353787005,0.02007120353787005,0.013146870101939013,0.013146870101939013,0.041911930666780485
GesturePhaseSegmentationProcessed,ExtraTrees,988,5,0.06162996186083821,0.38642976097806614,0.22302738728114585,0.00406604478164611,0.00406604478164611,0.024306765020650573,0.024306765020650573,0.019277573249879585,0.019277573249879585,0.01588346101739209,0.01588346101739209,0.26547235172168454,0.26547235172168454,0.3160863891918221,0.3160863891918221,0.29599866707510025,0.29599866707510025,0.2925191359962023,0.2925191359962023,0.14697262938552377,0.14697262938552377,0.1763139123168516,0.1763139123168516,0.17373391177837877,0.17373391177837877,0.1656734844935847,0.1656734844935847,0.04269652766743093
GesturePhaseSegmentationProcessed,LightGBM,988,5,0.014010699391688738,0.1417867914176726,0.08536326801701195,0.0,-0.1251909464794698,0.0,-0.11410868378199583,0.0,-0.10230231605177635,0.0,-0.11386731543774732,0.001930808446353039,0.001930808446353039,0.07373516774365448,0.07373516774365448,0.07319702698055061,0.07319702698055061,0.04962100105685271,0.04962100105685271,0.0,-0.00048521410748477583,0.04442081641016704,0.04442081641016704,0.049513588692315716,0.049513588692315716,0.03131146836749425,0.031149730331665997,0.04234544433226498
GesturePhaseSegmentationProcessed,LinearModel,988,5,0.036262875774159244,0.26025479376216326,0.14945089609966328,0.0,-0.03524417366145925,0.0,-0.04730148387342069,0.0,-0.04875894821210921,0.0,-0.04376820191566305,0.1083224063032146,0.1083224063032146,0.09665572303911103,0.09665572303911103,0.06523086629014781,0.06523086629014781,0.09006966521082448,0.09006966521082448,0.0645635247982073,0.0645635247982073,0.0464016114709382,0.0464016114709382,0.04361593399925828,0.04361593399925828,0.051527023422801264,0.051527023422801264,0.041616791666456265
GesturePhaseSegmentationProcessed,NeuralNetFastAI,988,5,0.006906013966221273,0.11322902470226533,0.06562246978647254,0.0,-0.07088043801548823,0.0,-0.0969957764933134,0.0,-0.07857699099686671,0.0,-0.08215106850188945,0.06428462301664356,0.06428462301664356,0.0,-0.025919321464192187,0.03645329029698362,0.03645329029698362,0.033579304437875726,0.024939530616478328,0.04681221984229586,0.04681221984229586,0.0,-0.012329979681206813,0.020628085393775246,0.020628085393775246,0.02248010174535704,0.0183701085182881,0.04217161099950317
GesturePhaseSegmentationProcessed,NeuralNetTorch,988,5,0.0018030478356820577,0.06313178062008257,0.03635655897692895,0.0,-0.08302179482756955,0.0,-0.0884580809179561,0.0,-0.07934709029865808,0.0,-0.08360898868139459,0.045340809779672656,0.045340809779672656,0.004404254747664193,0.004404254747664193,0.0,-0.008004471615482187,0.016581688175778948,0.01391353097061822,0.020903760181830416,0.020903760181830416,0.00328967110659217,0.00328967110659217,0.0,-0.008401672882705782,0.008064477096140861,0.0052639194685722675,0.04197465266649184
GesturePhaseSegmentationProcessed,RandomForest,988,5,0.04442749298032476,0.3237571456269545,0.18541876920669065,0.00781617666325082,0.00781617666325082,0.0,-0.010735176136405629,0.0,-0.01010281273918728,0.0026053922210836065,-0.004340604070780696,0.26921054709121484,0.26921054709121484,0.19921728814031958,0.19921728814031958,0.2405533287705048,0.2405533287705048,0.2363270546673464,0.2363270546673464,0.15050412153655748,0.15050412153655748,0.11007765838051982,0.11007765838051982,0.13198042926435566,0.13198042926435566,0.13085406972714433,0.13085406972714433,0.04177915266579172
GesturePhaseSegmentationProcessed,XGBoost,988,5,0.015086708835272444,0.14883599315146373,0.09029044301814813,0.0,-0.09873138210354253,0.0,-0.0874108517051725,0.0,-0.10698420863433826,0.0,-0.09770881414768444,0.08473889670418606,0.08473889670418606,0.07245266021754095,0.07245266021754095,0.03365495003419879,0.03365495003419879,0.06361550231864194,0.06361550231864194,0.05710602162478304,0.05710602162478304,0.054874420282322714,0.054874420282322714,0.02770053388253355,0.02770053388253355,0.046560325263213104,0.046560325263213104,0.04211938899970846
Indian_pines,CatBoost,915,8,0.0049242090128783465,0.04483090896832079,0.030277541065110793,0.0,-0.023731107796953796,0.0,-0.005964547233809775,0.0,-0.027828951351873216,0.0,-0.019174868794212263,0.0,-0.007393844016438377,0.04241973056841402,0.04241973056841402,0.014375181741002238,0.014375181741002238,0.018931637436472085,0.01646702276432596,0.0,-0.002732937670757575,0.030751572290562915,0.030751572290562915,0.011522489431546993,0.011522489431546993,0.01409135390736997,0.013180374683784113,0.03883315266648424
Indian_pines,ExtraTrees,915,8,0.0228636249841085,0.1692029355968209,0.11711849299896687,0.006212993305793845,0.006212993305793845,0.009615695422584327,0.009615695422584327,0.0021021992252336975,0.0021021992252336975,0.005976962651203957,0.005976962651203957,0.189152141574434,0.189152141574434,0.16653647150772036,0.16653647150772036,0.14271132974461953,0.14271132974461953,0.1661333142755913,0.1661333142755913,0.13293470807883637,0.13293470807883637,0.11610227081448353,0.11610227081448353,0.09850826080591137,0.09850826080591137,0.11584841323307708,0.11584841323307708,0.03891748600047625
Indian_pines,LightGBM,915,8,0.0024434344198273083,0.028719104669641775,0.019403360594115876,0.0,-0.02372486563654519,0.0,-0.018365240236891643,0.0,-0.014680168991537344,0.0,-0.018923424954991393,0.0,-0.0029088526371486498,0.007231748237951095,0.007231748237951095,0.0,-0.0013365807237153257,0.0024105827459836985,0.0009954382923623732,0.0,-4.672528246344933e-05,0.006468016746030711,0.006468016746030711,0.0017479010292969133,0.0017479010292969133,0.0027386392584425414,0.0027230641642880583,0.03818801366651314
Indian_pines,LinearModel,915,8,0.005636388128951369,0.03233415423215235,0.021422567452381667,0.0,-0.025019692376874157,0.0,-0.021946724708236533,0.0,-0.04273738159446015,0.0,-0.029901266226523615,0.0,-0.02303982685511154,0.0,-0.022771164911882066,0.0,-0.0350849273404611,0.0,-0.026965306369151565,0.0,-0.013655340928383825,0.0,-0.011466667335193342,0.0,-0.024155213576615445,0.0,-0.01642574061339754,0.03871329166698464
Indian_pines,NeuralNetFastAI,915,8,0.0020159553803426773,0.016621540769085192,0.011178810718330563,0.0,-0.022203393892215453,0.0,-0.010353770136414123,0.0,-0.015406723604378803,0.0,-0.015987962544336126,0.0,-0.0162518768148653,0.03439019693974133,0.03439019693974133,0.01228933647024951,0.01228933647024951,0.015559844469996947,0.010142552198375182,0.0,-0.011513342681725193,0.023427996605152577,0.023427996605152577,0.008804149358924032,0.008804149358924032,0.010744048654692202,0.006906267760783805,0.03816906933328331
Indian_pines,NeuralNetTorch,915,8,0.0006908872503069405,0.014824366441958978,0.010027484402378712,0.0,-0.016230535104480755,0.0,-0.013908726978834891,0.0,-0.027544733212550132,0.0,-0.01922799843195526,0.0,-0.004621256827521696,0.0,-0.004561802857671881,0.0,-0.017293581105399015,0.0,-0.00882554693019753,0.0,-0.001925766603577113,0.0,-0.0029196625205777696,0.0,-0.011918001513427257,0.0,-0.00558781021252738,0.03763091666648203
Indian_pines,RandomForest,915,8,0.020138384325996777,0.15703055875663371,0.10881000794122941,0.0,-0.00758674758480314,0.0,-0.011233581703023644,0.0,-0.0056009052524831635,0.0,-0.00814041151343665,0.15057290823848976,0.15057290823848976,0.155345189893361,0.155345189893361,0.08607744343735282,0.08607744343735282,0.13066518052306786,0.13066518052306786,0.10571339430309377,0.10571339430309377,0.10912105438777235,0.10912105438777235,0.05999410256017875,0.05999410256017875,0.09160951708368163,0.09160951708368163,0.03798252766743341
Indian_pines,XGBoost,915,8,0.004582054492342882,0.045270129598377014,0.030935784689916663,0.0,-0.03087177295226505,0.0,-0.006229736306105793,0.0,-0.014254709734983011,0.0,-0.017118739664451283,0.0,-0.034252975908467244,0.0212974427304754,0.0212974427304754,0.004260949983543893,0.004260949983543893,0.00851946423800643,-0.0028981943981493175,0.0,-0.022346523111402075,0.016543197974765163,0.016543197974765163,0.002994230429967953,0.002994230429967953,0.0065124761349110395,-0.0009363649022229863,0.038337347332950834
Traffic_violations,CatBoost,7034,3,0.00048591279209783293,0.02465501577948444,0.017392922982024463,0.0,-0.003473082601287777,0.0,-0.0035078339620135653,0.0,-0.002393151220110007,0.0,-0.0031246892611371166,0.0,-0.006411997958676463,0.03617525613392501,0.03617525613392501,0.0164069694299163,0.0164069694299163,0.01752740852128044,0.015390075868388283,0.0,-0.004488710724871877,0.02548406387308974,0.02548406387308974,0.011502939563103267,0.011502939563103267,0.01232900114539767,0.010832764237107044,0.2422370280000905
Traffic_violations,ExtraTrees,7034,3,0.0013607883365434332,0.04047196817797265,0.028445189804474223,0.0,-0.0037274245126020906,0.0,-0.0045856525954409266,0.0,-0.006346222207967606,0.0,-0.0048864331053368746,0.04490387923648337,0.04490387923648337,0.03796485339906355,0.03796485339906355,0.01234005628836982,0.01234005628836982,0.03173626297463891,0.03173626297463891,0.03153870168843614,0.03153870168843614,0.0267626966059567,0.0267626966059567,0.008200279709655176,0.008200279709655176,0.022167226001349336,0.022167226001349336,0.22196155533432224
Traffic_violations,LightGBM,7034,3,0.0010193978068248166,0.036138988876151176,0.02531730562810956,0.0,-0.0017928987929995979,0.0,-0.005408756223654704,0.0,-0.0027713910055686725,0.0,-0.003324348674074325,0.037237443282988655,0.037237443282988655,0.0222418910281919,0.0222418910281919,0.0015757294786388294,0.0015757294786388294,0.020351687929939796,0.020351687929939796,0.02610050518432907,0.02610050518432907,0.015192215234046324,0.015192215234046324,0.0008948934432640178,0.0008948934432640178,0.014062537953879803,0.014062537953879803,0.2075916386662963
Traffic_violations,LinearModel,7034,3,0.00171924151251214,0.03555607506895476,0.024279215407125836,0.0,-0.0036911571569917504,0.0,-0.000424957361196578,0.0,-0.0031285251600993392,0.0,-0.002414879892762556,0.024422572909123922,0.024422572909123922,0.04851116348407566,0.04851116348407566,0.031582029865896664,0.031582029865896664,0.034838588753032085,0.034838588753032085,0.016761178254224556,0.016761178254224556,0.03362570336568726,0.03362570336568726,0.021012730280443405,0.021012730280443405,0.023799870633451736,0.023799870633451736,0.21446002766727665
Traffic_violations,NeuralNetFastAI,7034,3,0.0007873078875786522,0.027239715217720558,0.01903225005183275,0.0,-0.0010650560485161997,0.0,-0.001358033868938958,0.0,-0.0013703815184924974,0.0,-0.0012644904786492184,0.026108480007963744,0.026108480007963744,0.005726358729017791,0.005726358729017791,0.02172272828635593,0.02172272828635593,0.017852522341112488,0.017852522341112488,0.018332245531917285,0.018332245531917285,0.0035753982344109885,0.0035753982344109885,0.015250702429574117,0.015250702429574117,0.012386115398634129,0.012386115398634129,0.20827300000019022
Traffic_violations,NeuralNetTorch,7034,3,0.0014551262194951256,0.04330329635892014,0.030279246680878422,0.0,-0.013690728839386839,0.0,-0.01407652388625259,0.0,-0.022146395665636306,0.0,-0.016637882797091913,0.04454969757308654,0.04454969757308654,0.04080468156130749,0.04080468156130749,0.0243421406656982,0.0243421406656982,0.036565506600030745,0.036565506600030745,0.030964516894324036,0.030964516894324036,0.02858858237998549,0.02858858237998549,0.016842926136251202,0.016842926136251202,0.025465341803520242,0.025465341803520242,0.20840269466740816
Traffic_violations,RandomForest,7034,3,0.0018002708426171265,0.047586669590003176,0.033512978129443184,0.0,-0.008996495826011641,0.0,-0.005708997695249845,0.0,-0.005543125733846638,0.0,-0.0067495397517027085,0.023907084660363877,0.023907084660363877,0.05242437088476565,0.05242437088476565,0.022327094524649694,0.022327094524649694,0.03288618335659307,0.03288618335659307,0.01671961045693154,0.01671961045693154,0.03698841323403138,0.03698841323403138,0.015514260330212462,0.015514260330212462,0.023074094673725124,0.023074094673725124,0.20685250000072605
Traffic_violations,XGBoost,7034,3,0.0004592308860081075,0.02440214500595531,0.016983586306610128,0.0,-0.003443228115056946,0.0,-0.00309795726300085,0.0,-0.004383310419774986,0.0,-0.003641498599277594,0.006226173176188235,0.006226173176188235,0.024253679706798034,0.024253679706798034,0.00964864312270338,0.00964864312270338,0.013376165335229883,0.013376165335229883,0.003989007048920003,0.003989007048920003,0.016889190277455647,0.016889190277455647,0.006341112816198168,0.006341112816198168,0.00907310338085794,0.00907310338085794,0.21031611100018685
artificial-characters,CatBoost,1022,10,0.008576866745938369,0.09014940381504767,0.05703745974256834,0.0,-0.0741374344686016,0.0,-0.03149858605814569,0.0,-0.07285853127823566,0.0,-0.05949818393499432,0.018132917055472007,0.018132917055472007,0.07065669460231652,0.07065669460231652,0.01937668359394666,0.01937668359394666,0.0360554317505784,0.0360554317505784,0.012269594428863422,0.012269594428863422,0.046818723036780856,0.046818723036780856,0.013278654858873383,0.013278654858873383,0.024122324108172555,0.024122324108172555,0.05353270833317462
artificial-characters,ExtraTrees,1022,10,0.042348911993169355,0.2526445941669373,0.1610002531254145,0.0,-0.009236754439598182,0.024479584821583973,0.024479584821583973,0.00810123196441166,0.00810123196441166,0.010860272261998545,0.007781354115465817,0.20407739965422525,0.20407739965422525,0.24376522615771234,0.24376522615771234,0.23991905159117122,0.23991905159117122,0.22925389246770292,0.22925389246770292,0.13321786580079933,0.13321786580079933,0.15852477402402892,0.15852477402402892,0.15668281494566827,0.15668281494566827,0.14947515159016553,0.14947515159016553,0.052537360999849625
artificial-characters,LightGBM,1022,10,0.00794627976236701,0.06837172011934788,0.04346876478101381,0.0,-0.05005464409757987,0.0,-0.03246015786291708,0.0,-0.06060141278716452,0.0,-0.04770540491588716,0.012601151240665158,0.012601151240665158,0.03630130660573442,0.03630130660573442,0.001958860852353984,0.001958860852353984,0.01695377289958452,0.01695377289958452,0.009069934693605715,0.009069934693605715,0.021971842383651265,0.021971842383651265,0.0008899860242561119,0.0008899860242561119,0.010643921033837697,0.010643921033837697,0.0522297916674385
artificial-characters,LinearModel,1022,10,0.4122181119631924,1.137252286753229,0.5907205664368463,0.04366194153868881,0.04366194153868881,0.0,-0.016623932437530603,0.00657588617643117,0.00657588617643117,0.01674594257170666,0.01120463175919646,0.7224997288715692,0.7224997288715692,0.6287389434512843,0.6287389434512843,0.6735311688279424,0.6735311688279424,0.6749232803835987,0.6749232803835987,0.37697644214058434,0.37697644214058434,0.32737252898552105,0.32737252898552105,0.3484487855332354,0.3484487855332354,0.3509325855531136,0.3509325855531136,0.051411319667143594
artificial-characters,NeuralNetFastAI,1022,10,0.004103091922015901,0.0711852478622672,0.044451971453939754,0.0,-0.1638803500245656,0.0,-0.17234694174610093,0.0,-0.1628647163627452,0.0,-0.16636400271113724,0.039357732332673215,0.039357732332673215,0.027924085971044767,0.027924085971044767,0.0,-0.005137799246491626,0.022427272767905997,0.020714673019075456,0.024643465394096134,0.024643465394096134,0.02160824016144812,0.02160824016144812,0.0,-0.01009182987916598,0.015417235185181418,0.01205329189212609,0.05129819433326096
artificial-characters,NeuralNetTorch,1022,10,0.005123686153767621,0.07923117662745924,0.0483003772312462,0.0,-0.17556973802613537,0.0,-0.17396513839841543,0.0,-0.15253359061308835,0.0,-0.16735615567921305,0.038174061197056686,0.038174061197056686,0.018957497664626746,0.018957497664626746,0.034990988780583994,0.034990988780583994,0.03070751588075581,0.03070751588075581,0.025143232304043864,0.025143232304043864,0.012313013098606993,0.012313013098606993,0.020269702511962178,0.020269702511962178,0.019241982638204345,0.019241982638204345,0.05215090266695673
artificial-characters,RandomForest,1022,10,0.043009199595340275,0.248355979177513,0.15988631128690328,0.0,-0.014668385497229248,0.006274641194511991,0.006274641194511991,0.019969798022915455,0.019969798022915455,0.008748146405809148,0.003858684573399399,0.19290734743023874,0.19290734743023874,0.21862490496605402,0.21862490496605402,0.24144986524021522,0.24144986524021522,0.217660705878836,0.217660705878836,0.12523179824114145,0.12523179824114145,0.1440157042598644,0.1440157042598644,0.15921325005892728,0.15921325005892728,0.14282025085331104,0.14282025085331104,0.05183958333388242
artificial-characters,XGBoost,1022,10,0.010560751888096277,0.07709857949591896,0.04908057121956061,0.0,-0.060412800653851524,0.0,-0.03536817098628951,0.0,-0.04523639511632503,0.0,-0.04700578891882203,0.009748795303085797,0.009748795303085797,0.04994493622181763,0.04994493622181763,0.03808740133856085,0.03808740133856085,0.03259371095448809,0.03259371095448809,0.005417715327486779,0.005417715327486779,0.031483114887878964,0.031483114887878964,0.02761530783518161,0.02761530783518161,0.021505379350182447,0.021505379350182447,0.05069362500095546
connect-4,CatBoost,6756,3,0.004427499665650684,0.06570158453845441,0.042823903051512735,0.0,-0.023193929420033028,0.0,-0.019092303188248977,0.0,-0.022992795832228005,0.0,-0.02175967614683667,0.026997226199133206,0.026997226199133206,0.039885237811037005,0.039885237811037005,0.02448126804594545,0.02448126804594545,0.030454577352038558,0.030454577352038558,0.01652022683587416,0.01652022683587416,0.025697719177560106,0.025697719177560106,0.015325805436727406,0.015325805436727406,0.019181250483387226,0.019181250483387226,0.22379599999961405
connect-4,ExtraTrees,6756,3,0.0166603770583421,0.1729757911490274,0.11208573497292576,0.012655529755612528,0.012655529755612528,0.012970222744735187,0.012970222744735187,0.01122647228476065,0.01122647228476065,0.012284074928369457,0.012284074928369457,0.15939883394265816,0.15939883394265816,0.16577291680512224,0.16577291680512224,0.1497980745018452,0.1497980745018452,0.15832327508320854,0.15832327508320854,0.10326439432096529,0.10326439432096529,0.10839509390473012,0.10839509390473012,0.09878301162669918,0.09878301162669918,0.10348083328413153,0.10348083328413153,0.22852269433254455
connect-4,LightGBM,6756,3,0.004029432043026862,0.06185400753839046,0.04016068561421418,0.0,-0.020543062352653137,0.0,-0.023570682232283226,0.0,-0.018163399373727396,0.0,-0.02075904798622125,0.036446942215775706,0.036446942215775706,0.025784035628675813,0.025784035628675813,0.037136626461653194,0.037136626461653194,0.03312253476870157,0.03312253476870157,0.024458597253359162,0.024458597253359162,0.017403914508671146,0.017403914508671146,0.023291896838125468,0.023291896838125468,0.021718136200051922,0.021718136200051922,0.2058320140010134
connect-4,LinearModel,6756,3,0.0021389235917375405,0.06424349517259093,0.041033344683017545,0.0,-0.000996442391054113,0.0,-0.00560780834560806,0.0,-0.0016452887532708506,0.0,-0.002749846496644341,0.04340076835143004,0.04340076835143004,0.033987937049409396,0.033987937049409396,0.05056311140543688,0.05056311140543688,0.042650605602092106,0.042650605602092106,0.025067263208428083,0.025067263208428083,0.022993630230236522,0.022993630230236522,0.03421197201180902,0.03421197201180902,0.02742428848349121,0.02742428848349121,0.2058495973336297
connect-4,NeuralNetFastAI,6756,3,0.002113800894790454,0.0472011043983557,0.03058543758800198,0.0,-0.021946381336258414,0.0,-0.025636215039469282,0.0,-0.028706289054917317,0.0,-0.025429628476881672,0.029732091903699152,0.029732091903699152,0.019838230889890895,0.019838230889890895,0.0025410202186537177,0.0025410202186537177,0.017370447670747923,0.017370447670747923,0.01833923808141634,0.01833923808141634,0.014283771893617975,0.014283771893617975,0.0029453644498361035,0.0029453644498361035,0.011856124808290139,0.011856124808290139,0.20645036100055827
connect-4,NeuralNetTorch,6756,3,0.0007716482532119061,0.02609551317041516,0.016704406655984397,0.0,-0.027241840802558988,0.0,-0.028300541875731777,0.0,-0.025784232465125866,0.0,-0.02710887171447221,0.0,-0.005906048803165141,0.0006198034350181266,0.0006198034350181266,0.009447765337052307,0.009447765337052307,0.0033558562573568107,0.0013871733229684309,0.0,-0.003120449811088662,0.0003256458255866784,0.0003256458255866784,0.0042669018099334675,0.0042669018099334675,0.0015308492118400487,0.0004906992748104946,0.20508879166663974
connect-4,RandomForest,6756,3,0.013029208573619291,0.15945840389129867,0.10222971748259368,0.009451924882848916,0.009451924882848916,0.009742283118711543,0.009742283118711543,0.010629073903685995,0.010629073903685995,0.009941093968415485,0.009941093968415485,0.1443433800192253,0.1443433800192253,0.1569947172792368,0.1569947172792368,0.14249141300204632,0.14249141300204632,0.14794317010016947,0.14794317010016947,0.0891139338900184,0.0891139338900184,0.10052026165074915,0.10052026165074915,0.09443007243912624,0.09443007243912624,0.09468808932663127,0.09468808932663127,0.2056427083334711
connect-4,XGBoost,6756,3,0.003336878171734325,0.05611743358482482,0.03659478456066552,0.0,-0.024377945348756862,0.0,-0.023932282773376837,0.0,-0.021139848132269802,0.0,-0.0231500254181345,0.020067746727170054,0.020067746727170054,0.023662923060328078,0.023662923060328078,0.02275366377360009,0.02275366377360009,0.022161444520366076,0.022161444520366076,0.015113702896898886,0.015113702896898886,0.01669389169252508,0.01669389169252508,0.014076140799472742,0.014076140799472742,0.015294578462965572,0.015294578462965572,0.21126837499953885
dilbert,CatBoost,1000,5,0.006768934069546685,0.05720470998332982,0.037864503291102636,0.0,-0.006311485185074751,0.0,-0.022382619539287028,0.0,-0.009336618926266962,0.0,-0.012676907883542914,0.04932882892315493,0.04932882892315493,0.03673791136567698,0.03673791136567698,0.04419224394228323,0.04419224394228323,0.043419661410371714,0.043419661410371714,0.03220034253805087,0.03220034253805087,0.02310547573681302,0.02310547573681302,0.029313745755354753,0.029313745755354753,0.028206521343406215,0.028206521343406215,0.039749638666156294
dilbert,ExtraTrees,1000,5,0.09519398378636033,0.43435934865632486,0.26130586933333994,0.08681514522537986,0.08681514522537986,0.08185906489998832,0.08185906489998832,0.08782844847314644,0.08782844847314644,0.08550088619950487,0.08550088619950487,0.42667343920630446,0.42667343920630446,0.4175801059917831,0.4175801059917831,0.4296001052276515,0.4296001052276515,0.4246178834752463,0.4246178834752463,0.2563753377975597,0.2563753377975597,0.249829149260066,0.249829149260066,0.25747944088663766,0.25747944088663766,0.25456130931475446,0.25456130931475446,0.04020799999974164
dilbert,LightGBM,1000,5,0.0015946964107772868,0.008826413437633185,0.0061703287815728135,0.0,-0.005875035817525978,0.0,-0.005398194094400071,0.0,-0.006579216193582731,0.0,-0.005950815368502927,0.0012796641218038546,0.0012796641218038546,0.004499311782655333,0.004499311782655333,0.0,-0.000585090316596414,0.0019263253014863955,0.0017312951959542577,0.000803568064631279,0.000803568064631279,0.0030833722036117833,0.0030833722036117833,0.0,-0.0005064376217904152,0.0012956467560810208,0.0011268342154842157,0.03970062499987156
dilbert,LinearModel,1000,5,0.005360481013518462,0.054880148030766254,0.03690731556565659,0.0,-0.061099979033188714,0.0,-0.05027470218335401,0.0,-0.06159830908864585,0.0,-0.057657663435062866,0.0,-0.029963910247069174,0.0,-0.012085183257155997,0.0,-0.02928467510935682,0.0,-0.023777922871193995,0.0,-0.019884426870475508,0.0,-0.00509328599823323,0.0,-0.01874201561757117,0.0,-0.014573242828759969,0.039982985999813536
dilbert,NeuralNetFastAI,1000,5,0.0016958361242939964,0.015796541948625047,0.010726789312228608,0.0,-0.01767634652781027,0.0,-0.02232753991855458,0.0,-0.024396232662218915,0.0,-0.02146670636952792,0.0,-0.012232953792210665,0.0,-0.014614736466142232,0.0,-0.015406232681372074,0.0,-0.014084640979908324,0.0,-0.008071737115727715,0.0,-0.009169819567873248,0.0,-0.010806328556827878,0.0,-0.009349295080142947,0.038929305666291235
dilbert,NeuralNetTorch,1000,5,0.0008857990045916397,0.011333310200863344,0.0076297080427736004,0.0,-0.012725470840057262,0.001439495489834806,0.001439495489834806,0.0,-0.014375355298949623,0.0004798318299449353,-0.00855377688305736,0.0017488613689521557,0.0017488613689521557,0.019724307127503515,0.019724307127503515,0.0036650235084411164,0.0036650235084411164,0.008379397334965595,0.008379397334965595,0.0009200853437361332,0.0009200853437361332,0.013569700283378984,0.013569700283378984,0.003204921225707862,0.003204921225707862,0.00589823561760766,0.00589823561760766,0.03918352800004262
dilbert,RandomForest,1000,5,0.08775761837856237,0.4143578605870016,0.24826780347392377,0.07742725791507457,0.07742725791507457,0.05907181032807512,0.05907181032807512,0.06188931011918481,0.06188931011918481,0.0661294594541115,0.0661294594541115,0.40354679051603043,0.40354679051603043,0.3717867907192823,0.3717867907192823,0.3811934576537725,0.3811934576537725,0.38550901296302836,0.38550901296302836,0.24102664081868846,0.24102664081868846,0.2185413453709249,0.2185413453709249,0.22645090487975877,0.22645090487975877,0.2286729636897907,0.2286729636897907,0.04078266666692798
dilbert,XGBoost,1000,5,0.00403308495185275,0.025276598399295722,0.017093355434976275,0.0,-0.001876784034130798,0.0,-0.0014684964567171566,0.0,-0.004878935274167611,0.0,-0.002741405255005189,0.023627232406826692,0.023627232406826692,0.02505438283512183,0.02505438283512183,0.018454711745584433,0.018454711745584433,0.022378775662510984,0.022378775662510984,0.015612755792010486,0.015612755792010486,0.01667514766937494,0.01667514766937494,0.012029232384798975,0.012029232384798975,0.014772378615394799,0.014772378615394799,0.041155263666344886
eye_movements,CatBoost,1094,3,0.0037163991318039605,0.07546711089333198,0.04833673877617085,0.0,-0.03984497779467868,0.0,-0.02524784125688375,0.0,-0.042666800720553524,0.0,-0.03591987325737198,0.0,-0.02227239553191762,0.038310674382875956,0.038310674382875956,0.0,-0.016162526723545664,0.012770224794291985,-4.1415957529109905e-05,0.0,-0.008460356135136663,0.019726529593565315,0.019726529593565315,0.0,-0.009536413756120422,0.006575509864521771,0.0005765865674360766,0.047258527666902715
eye_movements,ExtraTrees,1094,3,0.055897378930405625,0.34227167586414925,0.21421970184909883,0.046401753132701236,0.046401753132701236,0.04862194169797948,0.04862194169797948,0.05627259729852018,0.05627259729852018,0.0504320973764003,0.0504320973764003,0.29918952067118443,0.29918952067118443,0.30965874682310407,0.30965874682310407,0.3476234027165349,0.3476234027165349,0.3188238900702745,0.3188238900702745,0.1849254744466874,0.1849254744466874,0.18873239253527208,0.18873239253527208,0.2165629759098195,0.2165629759098195,0.19674028096392635,0.19674028096392635,0.045711069333871514
eye_movements,LightGBM,1094,3,0.005841663077177695,0.07581074108397917,0.049324813109072746,0.0,-0.05683517210243934,0.0,-0.04652192925168697,0.0,-0.05797861290078223,0.0,-0.053778571418302855,0.015131543470603952,0.015131543470603952,0.052170666553233894,0.052170666553233894,0.0,-0.026178064208121528,0.02243407000794595,0.013708048605238774,0.01150737783183391,0.01150737783183391,0.03701975345856188,0.03701975345856188,0.0,-0.014641768715866126,0.01617571043013193,0.011295120858176555,0.045888374999776715
eye_movements,LinearModel,1094,3,0.0011261930073775592,0.0448315109088387,0.028669159680653103,0.0,-0.013895574496052332,0.0,-0.02171661551600074,0.0,-0.013679798258565853,0.0,-0.016430662756872976,0.029607599004600842,0.029607599004600842,0.0,-0.0019810597573609603,0.0007203539122165039,0.0007203539122165039,0.010109317638939115,0.009448964386485462,0.023607164061011345,0.023607164061011345,0.0,-0.010685323716548983,0.005663518704772933,0.005663518704772933,0.009756894255261427,0.006195119683078432,0.04674723633312775
eye_movements,NeuralNetFastAI,1094,3,0.0011465707948066098,0.04379902342003525,0.02846853574971935,0.0,-0.021087554335479756,0.0,-0.026175581352433367,0.0,-0.014050524604170963,0.0,-0.02043788676402803,0.0,-0.04033223237605263,0.0,-0.002769487291084541,0.0,-0.022484178659658616,0.0,-0.02186196610893193,0.0,-0.02339857120005327,0.0013801088817063044,0.0013801088817063044,0.0,-0.022056365310342763,0.0004600362939021015,-0.014691609209563243,0.046077874999658285
eye_movements,NeuralNetTorch,1094,3,0.0009938878526800905,0.040744909712089925,0.026307135922959978,0.0,-0.038722293355073885,0.0,-0.03357516797808104,0.0,-0.031712825606937695,0.0,-0.03467009564669754,0.0,-0.0034226790018045765,0.0,-0.00614395107679106,0.0332461831394556,0.0332461831394556,0.0110820610464852,0.007893184353619987,0.0,-0.0036269884493850763,0.0,-0.004591618542841456,0.018370273346537076,0.018370273346537076,0.006123424448845692,0.003383888784770181,0.04801806933392072
eye_movements,RandomForest,1094,3,0.035587344924221095,0.27143115952180286,0.1704372527156682,0.018276010407861514,0.018276010407861514,0.026294645589578485,0.026294645589578485,0.03156087949837707,0.03156087949837707,0.025377178498605688,0.025377178498605688,0.19341255753532424,0.19341255753532424,0.24635588054123903,0.24635588054123903,0.28265692111240437,0.28265692111240437,0.24080845306298923,0.24080845306298923,0.12943998402052753,0.12943998402052753,0.15894733010921636,0.15894733010921636,0.17107784352919037,0.17107784352919037,0.1531550525529781,0.1531550525529781,0.04624343066704265
eye_movements,XGBoost,1094,3,0.0035569310619324498,0.06804768215616144,0.044865591409719234,0.0,-0.027917069535593152,0.0,-0.031621217138838864,0.0,-0.038443587095538974,0.0,-0.032660624589990334,0.028135813604669598,0.028135813604669598,0.02119966386909509,0.02119966386909509,0.006834848161067685,0.006834848161067685,0.018723441878277458,0.018723441878277458,0.023800418194585834,0.023800418194585834,0.017263951231178562,0.017263951231178562,0.0040005437727487474,0.0040005437727487474,0.015021637732837717,0.015021637732837717,0.046548125000602646
har,CatBoost,1030,6,0.00037319444735221547,0.006451468442696633,0.004458880951382337,0.0,-0.002705179505316461,0.0,-0.0009535911697121174,0.0,-0.0025996471341021786,0.0,-0.0020861392697102523,0.005477207393495955,0.005477207393495955,0.008055359950517161,0.008055359950517161,0.005514208597060719,0.005514208597060719,0.006348925313691279,0.006348925313691279,0.0037578640222344977,0.0037578640222344977,0.00566474098074157,0.00566474098074157,0.003968207219147431,0.003968207219147431,0.004463604074041166,0.004463604074041166,0.042700736000066776
har,ExtraTrees,1030,6,0.015735917290517005,0.11739919890353204,0.07797656828130108,0.0041860034632328616,0.0041860034632328616,0.002336870001622,0.002336870001622,0.0,-0.000516245844373092,0.0021742911549516206,0.0020022092068272567,0.10535345996187528,0.10535345996187528,0.10587125922589426,0.10587125922589426,0.10462854346902425,0.10462854346902425,0.10528442088559793,0.10528442088559793,0.06977960876685091,0.06977960876685091,0.06949639777107215,0.06949639777107215,0.06898783992448733,0.06898783992448733,0.06942128215413679,0.06942128215413679,0.04309470833322848
har,LightGBM,1030,6,0.00019556857347271855,0.002254383812832186,0.0015807799502644227,0.0,-0.00858531901842368,0.0,-0.0002541088174460676,0.0,-0.0007862366967312073,0.0,-0.003208554844200318,0.0,-0.0048934660287234324,0.0018079386578326293,0.0018079386578326293,0.0024530124142635424,0.0024530124142635424,0.0014203170240320573,-0.00021083831887575358,0.0,-0.0034652179980758633,0.0012733926786580381,0.0012733926786580381,0.0017295335899803596,0.0017295335899803596,0.001000975422879466,-0.00015409724314582188,0.0425347639999624
har,LinearModel,1030,6,0.0006046009667587552,0.008452800110451268,0.0058032318134575754,0.0,-0.008822230905917524,0.0,-0.013188100184254876,0.0,-0.007666353253713282,0.0,-0.00989222811462856,0.0,-0.0005180057500907874,0.0,-0.002461576874824614,0.003996748691281723,0.003996748691281723,0.0013322495637605744,0.0003390553554554407,0.0,-0.00041235993026035106,0.0,-0.001955741689234585,0.0026811683735248966,0.0026811683735248966,0.0008937227911749655,0.00010435558467665343,0.043042749999585794
har,NeuralNetFastAI,1030,6,0.0003859163907120546,0.006321720879705512,0.004401765273041188,0.0,-0.0049934251615908,0.0,-0.0045865140700090895,0.0,-0.007234894570584681,0.0,-0.00560494460072819,0.0,-5.534582711578154e-06,0.004676185947667588,0.004676185947667588,0.0,-0.0010029208243507014,0.0015587286492225294,0.001222576846868436,0.0,-6.989097227032666e-05,0.0032422323980104534,0.0032422323980104534,0.0,-0.000651918601970103,0.0010807441326701511,0.0008401409412566746,0.04256241666613884
har,NeuralNetTorch,1030,6,0.0008073825759216715,0.005864917398892599,0.003994639166006553,0.0,-0.009379012082180078,0.0,-0.009471000442666275,0.0,-0.008548454765396157,0.0,-0.009132822430080836,0.0,-0.00196137899049813,0.002719574285601381,0.002719574285601381,0.0,-0.0016326304366514836,0.0009065247618671269,-0.00029147838051607754,0.0,-0.0015250567724179659,0.0017784728048323207,0.0017784728048323207,0.0,-0.0013030955862500312,0.0005928242682774402,-0.0003498931846118921,0.043319972333847545
har,RandomForest,1030,6,0.011370120150426079,0.09355980633329027,0.06232128888330894,0.0,-0.0032901535569820747,0.0041120563411578305,0.0041120563411578305,0.0,-0.005009941084605671,0.0013706854470526102,-0.0013960127668099717,0.08424021618341654,0.08424021618341654,0.08854443484456512,0.08854443484456512,0.07969653976801247,0.07969653976801247,0.08416039693199805,0.08416039693199805,0.05579420150746188,0.05579420150746188,0.05863021000309456,0.05863021000309456,0.05232881355613505,0.05232881355613505,0.05558440835556383,0.05558440835556383,0.04800473600092422
har,XGBoost,1030,6,0.0009549393943845829,0.00684254242923025,0.004690445261291344,0.0,-0.005346706309823021,0.00243270565116967,0.00243270565116967,0.0,-0.007227502553787594,0.0008109018837232233,-0.003380501070813648,0.005292806093504061,0.005292806093504061,0.01313003935913084,0.01313003935913084,0.0,-0.001448777962706688,0.006140948484211634,0.005658022496642739,0.003573643562151515,0.003573643562151515,0.009119885939317377,0.009119885939317377,0.0,-0.0011862782838846103,0.004231176500489631,0.003835750405861427,0.05637947233238568
jungle_chess_2pcs_raw_endgame_complete,CatBoost,4482,3,0.014053593135053522,0.09274645296755835,0.06318432413293248,0.0,-0.03771610456980316,0.0,-0.037107238186621,0.0,-0.025310224295778342,0.0,-0.0333778556840675,0.03117979815561806,0.03117979815561806,0.04886377326013325,0.04886377326013325,0.05799656089276825,0.05799656089276825,0.04601337743617318,0.04601337743617318,0.0184022299203673,0.0184022299203673,0.03212154554307931,0.03212154554307931,0.03814783234638182,0.03814783234638182,0.029557202603276142,0.029557202603276142,0.1809354303344056
jungle_chess_2pcs_raw_endgame_complete,ExtraTrees,4482,3,0.02477702401391262,0.13856622358869608,0.09359703946457414,0.0,-0.01302159751021707,0.0,-0.014579090154257329,0.0,-0.02092940003906176,0.0,-0.01617669590117872,0.09435566042063769,0.09435566042063769,0.09794322017885818,0.09794322017885818,0.08796289531903544,0.08796289531903544,0.09342059197284376,0.09342059197284376,0.06274569201205331,0.06274569201205331,0.066338168169894,0.066338168169894,0.058997365421565424,0.058997365421565424,0.06269374186783758,0.06269374186783758,0.145398527666354
jungle_chess_2pcs_raw_endgame_complete,LightGBM,4482,3,0.016859088776100244,0.09285671953337173,0.0635104550308488,0.0,-0.019664886085256288,0.0,-0.037528802119563165,0.0,-0.022946777123997418,0.0,-0.026713488442938957,0.06172409317571165,0.06172409317571165,0.029747023606764084,0.029747023606764084,0.061378011317167074,0.061378011317167074,0.0509497093665476,0.0509497093665476,0.04096334805463579,0.04096334805463579,0.019323380639225646,0.019323380639225646,0.041438851464246515,0.041438851464246515,0.033908526719369315,0.033908526719369315,0.2000183890001305
jungle_chess_2pcs_raw_endgame_complete,LinearModel,4482,3,0.11610840456994556,0.42814959801618524,0.27470267340852383,0.022517392392457303,0.022517392392457303,0.027555982999993962,0.027555982999993962,0.03141894978670771,0.03141894978670771,0.02716410839305299,0.02716410839305299,0.30294405575384525,0.30294405575384525,0.30758093966861844,0.30758093966861844,0.3038222671393762,0.3038222671393762,0.30478242085394663,0.30478242085394663,0.1891653425595019,0.1891653425595019,0.19974818395968938,0.19974818395968938,0.19307061692900035,0.19307061692900035,0.19399471448273053,0.19399471448273053,0.17299863866598267
jungle_chess_2pcs_raw_endgame_complete,NeuralNetFastAI,4482,3,0.00935107167297175,0.0721255790669106,0.04907181622293344,0.0,-0.00780417600051786,0.0,-0.009682152612911455,0.0003177341760063203,0.0003177341760063203,0.00010591139200210677,-0.005722864812474332,0.054501056123419205,0.054501056123419205,0.05184440790198809,0.05184440790198809,0.06498085558960884,0.06498085558960884,0.057108773205005375,0.057108773205005375,0.03673077574025471,0.03673077574025471,0.03471537839236743,0.03471537839236743,0.04400864446982302,0.04400864446982302,0.038484932867481725,0.038484932867481725,0.14916268066735938
jungle_chess_2pcs_raw_endgame_complete,NeuralNetTorch,4482,3,0.002369854162133053,0.02839485734710651,0.019691403749758984,0.0,-0.009118640414098331,0.0,-0.011568702468245177,0.0,-0.011405337211595524,0.0,-0.010697560031313011,0.020442791615502373,0.020442791615502373,0.026067442968741774,0.026067442968741774,0.012496981677030016,0.012496981677030016,0.01966907208709139,0.01966907208709139,0.013874740182913526,0.013874740182913526,0.01810185019068077,0.01810185019068077,0.008473188106645664,0.008473188106645664,0.01348325949341332,0.01348325949341332,0.1422517360006168
jungle_chess_2pcs_raw_endgame_complete,RandomForest,4482,3,0.033928298006243196,0.1505593480139543,0.10211244562663135,0.0,-0.032977128021348334,0.0,-0.02293292173930018,0.0,-0.021650794101402908,0.0,-0.025853614620683807,0.07707420630293493,0.07707420630293493,0.10083337944550914,0.10083337944550914,0.09536218443565109,0.09536218443565109,0.09108992339469839,0.09108992339469839,0.050733907609479025,0.050733907609479025,0.0675786306603375,0.0675786306603375,0.06372532764687762,0.06372532764687762,0.060679288638898043,0.060679288638898043,0.17338520833436633
jungle_chess_2pcs_raw_endgame_complete,XGBoost,4482,3,0.011852408751123665,0.0765725738494498,0.05235663752289446,0.0,-0.041457151683443584,0.0,-0.0383708850611954,0.0,-0.0231911266569722,0.0,-0.0343397211338704,0.021025757086162628,0.021025757086162628,0.017919929878116105,0.017919929878116105,0.0551965302937504,0.0551965302937504,0.03138073908600971,0.03138073908600971,0.013306141246649208,0.013306141246649208,0.011528757891905593,0.011528757891905593,0.03685646494046614,0.03685646494046614,0.020563788026340315,0.020563788026340315,0.16580426400105353
kr-vs-k,CatBoost,2806,18,0.017727234665061327,0.12664787202856947,0.07759071657830326,0.0,-0.08264073988692146,0.0,-0.08228764561546578,0.0,-0.05591769597032266,0.0,-0.0736153604909033,0.047260885116779415,0.047260885116779415,0.040178313466445084,0.040178313466445084,0.06325549437326285,0.06325549437326285,0.050231564318829115,0.050231564318829115,0.029955162780786335,0.029955162780786335,0.026519748117085153,0.026519748117085153,0.041271473888490486,0.041271473888490486,0.03258212826212065,0.03258212826212065,0.17227716666578394
kr-vs-k,ExtraTrees,2806,18,0.06593518683976486,0.3643259643572245,0.21830506672921993,0.0,-0.07277189884217704,0.0,-0.08273087211778296,0.0,-0.06167425493591022,0.0,-0.07239234196529008,0.2807431749144641,0.2807431749144641,0.2714131561064545,0.2714131561064545,0.29290044723169745,0.29290044723169745,0.28168559275087196,0.28168559275087196,0.17135597620788517,0.17135597620788517,0.16366419835520996,0.16366419835520996,0.17931816822606403,0.17931816822606403,0.17144611426305303,0.17144611426305303,0.16135744433267973
kr-vs-k,LightGBM,2806,18,0.01440574355817309,0.11532960489681163,0.07138344647104054,0.0,-0.08580226161754105,0.0,-0.07726321204140627,0.0,-0.07489687949727894,0.0,-0.07932078438540875,0.020491605473289785,0.020491605473289785,0.04835626193415976,0.04835626193415976,0.041115375068657985,0.041115375068657985,0.03665441415870251,0.03665441415870251,0.015432498595420346,0.015432498595420346,0.03323807039830306,0.03323807039830306,0.03074353770957421,0.03074353770957421,0.026471368901099204,0.026471368901099204,0.16973381966696857
kr-vs-k,LinearModel,2806,18,0.23880313640288536,0.9491692221783756,0.4667404548334447,0.0,-0.3512068208300688,0.0,-0.3865712035603216,0.0,-0.3429794670458882,0.0,-0.3602524971454262,0.35600812228785056,0.35600812228785056,0.3230513508389456,0.3230513508389456,0.3618826246264384,0.3618826246264384,0.3469806992510782,0.3469806992510782,0.19078873798380291,0.19078873798380291,0.16582874205990064,0.16582874205990064,0.18960251701687458,0.18960251701687458,0.18207333235352605,0.18207333235352605,0.16539545833317484
kr-vs-k,NeuralNetFastAI,2806,18,0.013404493903373947,0.1407707950280061,0.08572838795128905,0.0,-0.12141066221345911,0.0,-0.09761002436907869,0.0,-0.11502514310518097,0.0,-0.11134860989590627,0.0869512347258171,0.0869512347258171,0.11351878509487102,0.11351878509487102,0.08089390898089084,0.08089390898089084,0.09378797626719299,0.09378797626719299,0.05028214087675511,0.05028214087675511,0.06999411415601771,0.06999411415601771,0.04909964147624707,0.04909964147624707,0.05645863216967329,0.05645863216967329,0.16590884699932454
kr-vs-k,NeuralNetTorch,2806,18,0.006359229346340811,0.07742093778052392,0.048924817231977634,0.0,-0.09512357932191201,0.0,-0.09496638578893149,0.0,-0.09906263370549163,0.0,-0.09638419960544505,0.029973657591147007,0.029973657591147007,0.028402949167743066,0.028402949167743066,0.0259739036010407,0.0259739036010407,0.02811683678664359,0.02811683678664359,0.020200649838418707,0.020200649838418707,0.018756612869159306,0.018756612869159306,0.016168104811074332,0.016168104811074332,0.01837512250621745,0.01837512250621745,0.15887293066649968
kr-vs-k,RandomForest,2806,18,0.02169736621852782,0.17857466341067385,0.10711758231613076,0.0,-0.10778973570793762,0.0,-0.09546161252754527,0.0,-0.09415834069960918,0.0,-0.09913656297836404,0.09064378909103134,0.09064378909103134,0.09459235963440087,0.09459235963440087,0.10013541401191549,0.10013541401191549,0.09512385424578257,0.09512385424578257,0.05990341004398608,0.05990341004398608,0.06403228318207779,0.06403228318207779,0.06581881775154547,0.06581881775154547,0.06325150365920311,0.06325150365920311,0.17174881933412203
kr-vs-k,XGBoost,2806,18,0.014674091398866001,0.1066449462884519,0.06508625065742753,0.0,-0.0691198419452965,0.0,-0.06765933309487569,0.0,-0.0707918867706016,0.0,-0.06919035393692459,0.036993756213491526,0.036993756213491526,0.03853185703745126,0.03853185703745126,0.023754532536665086,0.023754532536665086,0.03309338192920262,0.03309338192920262,0.025635910184388287,0.025635910184388287,0.026659223563894944,0.026659223563894944,0.01727417462336501,0.01727417462336501,0.02318976945721608,0.02318976945721608,0.1695836666658579
letter,CatBoost,2000,26,0.004255993064831611,0.030009713116450367,0.018116286048094232,0.0,-0.02078831823263861,0.0,-0.016858075008121975,0.0,-0.016581680056896635,0.0,-0.018076024432552407,0.0004833030213377505,0.0004833030213377505,0.00574784977211414,0.00574784977211414,0.0038407658504728665,0.0038407658504728665,0.0033573062146415853,0.0033573062146415853,0.0016305670725560066,0.0016305670725560066,0.003873463552028042,0.003873463552028042,0.00296675841134448,0.00296675841134448,0.0028235963453095096,0.0028235963453095096,0.15214173599936962
letter,ExtraTrees,2000,26,0.04569687883237064,0.252579925875248,0.134223285350043,0.005691226862415595,0.005691226862415595,0.006572324002431425,0.006572324002431425,0.0043890510108501035,0.0043890510108501035,0.005550867291899041,0.005550867291899041,0.2285199024513884,0.2285199024513884,0.23292991252098155,0.23292991252098155,0.22801657480147247,0.22801657480147247,0.22982212992461415,0.22982212992461415,0.12100627603302554,0.12100627603302554,0.12297884272602264,0.12297884272602264,0.1204140157590745,0.1204140157590745,0.12146637817270756,0.12146637817270756,0.1460627359992941
letter,LightGBM,2000,26,0.004864167170994022,0.03088577657915298,0.01836893509874046,0.0,-0.017864608122582108,0.0,-0.025206880406504973,0.0,-0.0174717751604771,0.0,-0.020181087896521396,0.0,-0.0005347179597334027,0.0,-0.00613189127478498,0.0,-0.0002814860632921743,0.0,-0.002316031765936852,0.0005429903452249536,0.0005429903452249536,0.0,-0.004226763612825193,0.0011362289348179479,0.0011362289348179479,0.0005597397600143005,-0.0008491814442607638,0.1402828889998394
letter,LinearModel,2000,26,0.2451456296516359,0.6127896410528776,0.3573688235815555,0.0,-0.0503925272562922,0.0,-0.054304551843937704,0.0,-0.058397644227111516,0.0,-0.05436490777578048,0.2535061467847908,0.2535061467847908,0.25350224512640973,0.25350224512640973,0.24945533365416755,0.24945533365416755,0.252154575188456,0.252154575188456,0.15642923493857788,0.15642923493857788,0.1537542699199962,0.1537542699199962,0.1538419354577588,0.1538419354577588,0.15467514677211094,0.15467514677211094,0.1512293056669781
letter,NeuralNetFastAI,2000,26,0.004284066129532922,0.021328517797897243,0.013437596428232097,0.0,-0.010548443444349225,0.0,-0.01243893163775229,0.0,-0.009965591435680663,0.0,-0.01098432217259406,0.0,-0.004386538399069203,0.0,-0.0038783840114833836,0.0,-0.010600206247088031,0.0,-0.006288376219213539,0.0,-0.0026101216146091053,0.0,-0.0014893148602856475,0.0,-0.005221444463447116,0.0,-0.003106960312780623,0.142066375000771
letter,NeuralNetTorch,2000,26,0.0034953380019756676,0.02367170557723264,0.01501904269494205,0.0,-0.020837574662193437,0.0,-0.011035015269820947,0.0,-0.018352782748643746,0.0,-0.01674179089355271,0.0,-0.007448941340304227,0.0,-0.0005160266492583468,0.0,-0.007805119351467365,0.0,-0.005256695780343313,0.0,-0.005214489758856611,0.00019758872990135011,0.00019758872990135011,0.0,-0.004362138320745818,6.58629099671167e-05,-0.00312634644990036,0.14122319466696354
letter,RandomForest,2000,26,0.026978864787004578,0.18370833400608522,0.09686202909193208,0.0,-0.031982358535915405,0.0,-0.03406739985966285,0.0,-0.03297731321891559,0.0,-0.03300902387149795,0.1482702214540439,0.1482702214540439,0.1442268497835355,0.1442268497835355,0.15014689869370254,0.15014689869370254,0.14754798997709398,0.14754798997709398,0.07944518951400652,0.07944518951400652,0.07623177769152027,0.07623177769152027,0.08065201704210238,0.08065201704210238,0.07877632808254305,0.07877632808254305,0.14351440300015383
letter,XGBoost,2000,26,0.006121085134006654,0.03784884802008972,0.02257626849232951,0.0,-0.02254135049088237,0.0,-0.02727947661559314,0.0,-0.03080172533740039,0.0,-0.02687418414795863,0.0021574227750038835,0.0021574227750038835,0.0,-0.005062791216233986,0.0,-0.006855070083926077,0.0007191409250012945,-0.003253479508385393,0.000270597135289401,0.000270597135289401,0.0,-0.00436027258447075,0.0,-0.004899814359580185,9.0199045096467e-05,-0.0029964966029205112,0.14203479166705316
microaggregation2,CatBoost,2000,5,0.004425955362764038,0.08578353211622221,0.050220108882334545,0.0,-0.11277678900684589,0.0,-0.09154447543923866,0.0,-0.08745015948192036,0.0,-0.09725714130933498,0.0,-0.011362269812971363,0.01584961157473822,0.01584961157473822,0.03714035981440043,0.03714035981440043,0.01766332379637955,0.013875900525389095,0.0,-0.007197171137046564,0.007110620078669684,0.007110620078669684,0.021200796141058666,0.021200796141058666,0.009437138739909449,0.0070380816942272615,0.1315205556663083
microaggregation2,ExtraTrees,2000,5,0.010000650302604941,0.12777668303769396,0.07484334518319721,0.0,-0.07869752597233423,0.0,-0.07564607964018419,0.0,-0.07485061141572456,0.0,-0.07639807234274766,0.04304505818911845,0.04304505818911845,0.07230993746610272,0.07230993746610272,0.04189114285474635,0.04189114285474635,0.05241537950332251,0.05241537950332251,0.025662083382716836,0.025662083382716836,0.03409552365211062,0.03409552365211062,0.024744610866693124,0.024744610866693124,0.028167405967173525,0.028167405967173525,0.14025937500021732
microaggregation2,LightGBM,2000,5,0.003319752467302851,0.07705375825406736,0.0450185433993776,0.0,-0.0862650651982784,0.0,-0.07424525751717573,0.0,-0.0678681465933977,0.0,-0.07612615643628394,0.016969749910087557,0.016969749910087557,0.04475612295305473,0.04475612295305473,0.029009648160106736,0.029009648160106736,0.03024517367441634,0.03024517367441634,0.00949639420571627,0.00949639420571627,0.025342949965963688,0.025342949965963688,0.014942156922322493,0.014942156922322493,0.016593833698000816,0.016593833698000816,0.13209002766598132
microaggregation2,LinearModel,2000,5,0.011341261062655306,0.14099309564804108,0.08335649605058382,0.0,-0.056873923613285866,0.0,-0.05246762012971904,0.0,-0.05312661293303314,0.0,-0.05415605222534601,0.06353462374548606,0.06353462374548606,0.09036020092136514,0.09036020092136514,0.03851259214899354,0.03851259214899354,0.06413580560528158,0.06413580560528158,0.04026206052519601,0.04026206052519601,0.052163921787317886,0.052163921787317886,0.022713324838702875,0.022713324838702875,0.03837976905040559,0.03837976905040559,0.13080154166770322
microaggregation2,NeuralNetFastAI,2000,5,0.003121442640177399,0.08193230338565359,0.04764301956249478,0.0,-0.0800539666613858,0.0,-0.07556067069270589,0.0,-0.07645779144314352,0.0,-0.07735747626574507,0.0,-0.021606424891170893,0.03239066687858539,0.03239066687858539,0.04177306818479241,0.04177306818479241,0.024721245021125934,0.017519103390735636,0.0,-0.020360062207292154,0.020679242130775065,0.020679242130775065,0.017719171174378334,0.017719171174378334,0.012799471101717799,0.006012783699287081,0.13440919433317808
microaggregation2,NeuralNetTorch,2000,5,0.0016520063104879963,0.05739776427959413,0.03362307334066176,0.0,-0.07785589829022752,0.0,-0.06955122275998932,0.0,-0.06673324270945485,0.0,-0.07138012125322389,0.0,-0.003799012733703137,0.020095029641299618,0.020095029641299618,0.06678256072325195,0.06678256072325195,0.028959196788183855,0.02769285921028281,0.0,-0.0075754020413162345,0.009090351973457922,0.009090351973457922,0.034797905168406036,0.034797905168406036,0.014629419047287985,0.012104285033515906,0.14352638900042317
microaggregation2,RandomForest,2000,5,0.0058309911781329335,0.1038339177731687,0.05971669806879386,0.0,-0.07731278782414953,0.0,-0.07138062777394644,0.0,-0.06015220535201985,0.0,-0.06961520698337194,0.0005014907233322922,0.0005014907233322922,0.03545473971738616,0.03545473971738616,0.052831784939309685,0.052831784939309685,0.02959600512667605,0.02959600512667605,0.0,-0.0026624810482651223,0.0298061164148113,0.0298061164148113,0.023418732372295418,0.023418732372295418,0.017741616262368906,0.016854122579613866,0.13276493066587136
microaggregation2,XGBoost,2000,5,0.0038146678912859464,0.0800837735512523,0.04695139756457209,0.0,-0.09367333175542193,0.0,-0.07967154107308037,0.0,-0.0598538831113731,0.0,-0.07773291864662514,0.008911127695264441,0.008911127695264441,0.03292917068212773,0.03292917068212773,0.0665568442306576,0.0665568442306576,0.036132380869349924,0.036132380869349924,0.0015965267932679277,0.0015965267932679277,0.020284353780219633,0.020284353780219633,0.042826626666581324,0.042826626666581324,0.02156916908002296,0.02156916908002296,0.13308411133281575
okcupid-stem,CatBoost,5079,3,0.0006773200133498716,0.03547505773984919,0.02267946124658855,0.0,-0.008690063004390883,0.0,-0.008031528560606665,0.0,-0.007870745128706575,0.0,-0.008197445564568041,0.010097921236986765,0.010097921236986765,0.011968498542917644,0.011968498542917644,0.015801063914904826,0.015801063914904826,0.01262249456493641,0.01262249456493641,0.009778859050902125,0.009778859050902125,0.004872518702776212,0.004872518702776212,0.00945590941043551,0.00945590941043551,0.008035762388037949,0.008035762388037949,0.22943690266644504
okcupid-stem,ExtraTrees,5079,3,0.0022979966425398482,0.06543713169999368,0.04181035076587999,0.0,-0.001777574240225125,0.0,-0.0013816916351740594,0.0,-0.0063883582636698145,0.0,-0.003182541379689666,0.037477822759114494,0.037477822759114494,0.0558834473517745,0.0558834473517745,0.03479788058579754,0.03479788058579754,0.04271971689889551,0.04271971689889551,0.023986953055580254,0.023986953055580254,0.03388353564464288,0.03388353564464288,0.02385115935139917,0.02385115935139917,0.027240549350540766,0.027240549350540766,0.1686292360003184
okcupid-stem,LightGBM,5079,3,0.0006449197534057724,0.03569265388903637,0.022585002648695538,0.0,-0.006297768297876649,0.0,-0.006472256178138844,0.0,-0.0065530943724288635,0.0,-0.006441039616148119,0.02258607633511361,0.02258607633511361,0.004040934881326534,0.004040934881326534,0.024579637568933787,0.024579637568933787,0.017068882928457974,0.017068882928457974,0.013413232246602064,0.013413232246602064,0.0,-0.0016851540771951647,0.014229664016458744,0.014229664016458744,0.009214298754353603,0.00865258072862188,0.1642235140000897
okcupid-stem,LinearModel,5079,3,0.001358977139256274,0.04035455534302769,0.02618270766430311,0.0,-0.00824487232372163,0.0,-0.00704955905419477,0.0,-0.011536624170006301,0.0,-0.0089436851826409,0.0,-0.006007926508146747,0.0058810909742323956,0.0058810909742323956,0.0,-0.004374138894996411,0.001960363658077465,-0.0015003248096369208,0.0,-0.004897135068264053,0.0022315655065784186,0.0022315655065784186,0.0,-0.00362674429801445,0.0007438551688594728,-0.0020974379532333613,0.16062101399923753
okcupid-stem,NeuralNetFastAI,5079,3,0.001179730633992059,0.04591331654999272,0.029523740693720043,0.0,-0.006582671625251127,0.0,-0.007982321495547054,0.0,-0.007694907807023621,0.0,-0.0074199669759406,0.016104748692448836,0.016104748692448836,0.0,-0.0001963745535365868,0.029532392244129638,0.029532392244129638,0.015212380312192825,0.015146922127680628,0.011269429929145,0.011269429929145,0.0010637333126524904,0.0010637333126524904,0.019124650973608905,0.019124650973608905,0.010485938071802132,0.010485938071802132,0.18076677766657667
okcupid-stem,NeuralNetTorch,5079,3,0.0020729826977929004,0.05774367545739686,0.03707143061087514,0.0,-0.004825575629789695,0.0,-0.009191223967081405,0.0,-0.005584327796657197,0.0,-0.006533709131176099,0.042152219635136386,0.042152219635136386,0.0024338795944428,0.0024338795944428,0.02449621324765326,0.02449621324765326,0.023027437492410815,0.023027437492410815,0.025790820371895288,0.025790820371895288,0.0,-0.0005503547454756044,0.015978069781140938,0.015978069781140938,0.013922963384345408,0.013739511802520208,0.1592290833335331
okcupid-stem,RandomForest,5079,3,0.0020301497117508694,0.061505937764924634,0.03945848306873523,0.0,-0.005196592138510782,0.0,-0.00563608037270949,0.0,-0.0018424511776558854,0.0,-0.004225041229625386,0.026249486447933252,0.026249486447933252,0.042975885324858215,0.042975885324858215,0.05447543754521372,0.05447543754521372,0.04123360310600173,0.04123360310600173,0.016884784106027693,0.016884784106027693,0.02524432609130546,0.02524432609130546,0.0373426127413331,0.0373426127413331,0.02649057431288875,0.02649057431288875,0.18465504166670144
okcupid-stem,XGBoost,5079,3,0.0014007333529837168,0.0488280841886681,0.03136542399400592,0.0,-0.007203668286186985,0.0,-0.0038076609043740032,0.0,-0.006169670406005379,0.0,-0.005726999865522123,0.0228241272774825,0.0228241272774825,0.01722239296325266,0.01722239296325266,0.03870634459238096,0.03870634459238096,0.026250954944372035,0.026250954944372035,0.01248943650849323,0.01248943650849323,0.008777029664117506,0.008777029664117506,0.027414829463815002,0.027414829463815002,0.016227098545475247,0.016227098545475247,0.15443559699997422
pendigits,CatBoost,1100,10,0.0021217200569293845,0.00843620447921628,0.005489822254747607,0.0,-0.0026417782505118183,0.0015042251506627703,0.0015042251506627703,0.0,-0.0017660689653243797,0.0005014083835542568,-0.0009678740217244759,0.002392727847140502,0.002392727847140502,0.005827849596809475,0.005827849596809475,0.0,-0.0012216080428368188,0.002740192481316659,0.0023329898003710526,0.0023868436011375113,0.0023868436011375113,0.003678037424138197,0.003678037424138197,0.00022118375066259717,0.00022118375066259717,0.0020953549253127685,0.0020953549253127685,0.054964958333584946
pendigits,ExtraTrees,1100,10,0.011400755688328953,0.08582264977754735,0.05268470172058738,0.00618004066617157,0.00618004066617157,0.005032216173898081,0.005032216173898081,0.008563055081984149,0.008563055081984149,0.006591770640684599,0.006591770640684599,0.0829589415571323,0.0829589415571323,0.08247409324024206,0.08247409324024206,0.08452863974274555,0.08452863974274555,0.08332055818003997,0.08332055818003997,0.05124562573725255,0.05124562573725255,0.0503551144375767,0.0503551144375767,0.0522544862359291,0.0522544862359291,0.05128507547025279,0.05128507547025279,0.05433024999971773
pendigits,LightGBM,1100,10,0.0012981148343873994,0.007797327829163665,0.005032290909330896,3.6375376951711974e-05,3.6375376951711974e-05,0.0019660147937694003,0.0019660147937694003,0.0,-0.0037624481441097756,0.0006674633902403708,-0.0005866859911295544,0.003907177372591067,0.003907177372591067,0.00678635716377595,0.00678635716377595,0.0,-0.00040386484911912455,0.003564511512122339,0.003429889895749298,0.002985635047248041,0.002985635047248041,0.004431325030671624,0.004431325030671624,0.0004580726212478936,0.0004580726212478936,0.0026250108997225192,0.0026250108997225192,0.05475270833388398
pendigits,LinearModel,1100,10,0.033344671098264576,0.10581121269928132,0.06990742182890308,0.0,-0.03071859857423245,0.0,-0.02330101596924436,0.0,-0.022311879569455084,0.0,-0.0254438313709773,0.023712844546099527,0.023712844546099527,0.030224941170351745,0.030224941170351745,0.03502246814767224,0.03502246814767224,0.02965341795470784,0.02965341795470784,0.015437465667820845,0.015437465667820845,0.021652695457500416,0.021652695457500416,0.023979652389930974,0.023979652389930974,0.02035660450508408,0.02035660450508408,0.05606573600016418
pendigits,NeuralNetFastAI,1100,10,0.0005824192086093986,0.004819607202697482,0.0030233000243000273,0.0,-0.0015251740191120767,0.0,-0.0009908033503690343,0.0,-0.00037958337628489014,0.0,-0.0009651869152553337,0.0004208350170033464,0.0004208350170033464,0.0011876933129642063,0.0011876933129642063,0.0004202696158704294,0.0004202696158704294,0.0006762659819459941,0.0006762659819459941,0.0011185397474824318,0.0011185397474824318,0.0010446841854050272,0.0010446841854050272,0.001312992734975291,0.001312992734975291,0.0011587388892875833,0.0011587388892875833,0.05387694433253879
pendigits,NeuralNetTorch,1100,10,0.0009422258784420211,0.0061325000013990405,0.0038578228456889797,0.0,-0.0024551230352604283,0.0,-0.004798998522378498,0.0,-0.007054820922521601,0.0,-0.004769647493386843,0.0012043452818325112,0.0012043452818325112,0.0,-0.0023142616104622894,0.0,-0.008328319563657871,0.00040144842727750374,-0.00314607863076255,0.0017686551880328168,0.0017686551880328168,0.0,-0.0012494668826252729,0.0,-0.003662290610029066,0.0005895517293442723,-0.0010477007682071738,0.06926152766633702
pendigits,RandomForest,1100,10,0.010761446285082068,0.07444501663534343,0.04540471551469003,0.0,-0.008154446922191127,0.0,-0.009816152500527258,0.0,-0.005325326904413888,0.0,-0.007765308775710758,0.06191658174826291,0.06191658174826291,0.06074085954457472,0.06074085954457472,0.06552267922138577,0.06552267922138577,0.06272670683807446,0.06272670683807446,0.0376290784617543,0.0376290784617543,0.03583648439437396,0.03583648439437396,0.039510843332819026,0.039510843332819026,0.03765880206298243,0.03765880206298243,0.05926116666645006
pendigits,XGBoost,1100,10,0.0025062337204737146,0.011829058665083984,0.007640731205749373,0.0,-0.003895040536337196,0.0028308396791640747,0.0028308396791640747,0.0,-0.005178594130082339,0.0009436132263880249,-0.0020809316624184867,0.00019961117430775422,0.00019961117430775422,0.010819768676222039,0.010819768676222039,0.0015853117347961643,0.0015853117347961643,0.004201563861775319,0.004201563861775319,0.0007012266486991248,0.0007012266486991248,0.007248043901005785,0.007248043901005785,0.002167699860802877,0.002167699860802877,0.0033723234701692625,0.0033723234701692625,0.05661083333325223
robert,CatBoost,1000,10,0.017624948294056503,0.2383850026162454,0.12209890408003464,0.0,-0.22391042903729208,0.0,-0.23057023360295723,0.0,-0.23456243417046652,0.0,-0.22968103227023862,0.14206236506685854,0.14206236506685854,0.1266315081642988,0.1266315081642988,0.14841269597674728,0.14841269597674728,0.13903552306930153,0.13903552306930153,0.06434853441239592,0.06434853441239592,0.061978745056116454,0.061978745056116454,0.06257356787199858,0.06257356787199858,0.06296694911350366,0.06296694911350366,0.048497166666493285
robert,ExtraTrees,1000,10,0.0680658098179553,0.4998728279425654,0.237385178014579,0.0,-0.12408911894232179,0.0,-0.14676965214041393,0.0,-0.10355310268639076,0.0,-0.12480395792304215,0.28860540415299113,0.28860540415299113,0.2421283306446763,0.2421283306446763,0.3397377195260393,0.3397377195260393,0.29015715144123555,0.29015715144123555,0.12802814742033125,0.12802814742033125,0.0929421008207841,0.0929421008207841,0.14880928078280858,0.14880928078280858,0.12325984300797464,0.12325984300797464,0.05077329166670097
robert,LightGBM,1000,10,0.007535427270837726,0.1515053119553022,0.07433105159940193,0.0,-0.30027172394445917,0.0,-0.29682708177767464,0.0,-0.2660009139736318,0.0,-0.2876999065652552,0.0009669539639353389,0.0009669539639353389,0.0,-0.0026646549690276513,0.04256351886389075,0.04256351886389075,0.014510157609275364,0.013621939286266148,0.0,-0.003630524048677678,0.0013306523973680448,0.0013306523973680448,0.023401731142821344,0.023401731142821344,0.008244127846729796,0.007033953163837237,0.048674666665950404
robert,LinearModel,1000,10,0.24785945106419613,0.9292555489488609,0.47333529627112203,0.0,-0.20821263240845525,0.0,-0.21231039265481302,0.0,-0.20832992051626367,0.0,-0.20961764852651066,0.24939818673958442,0.24939818673958442,0.27481687856894527,0.27481687856894527,0.25598957777028153,0.25598957777028153,0.26006821435960376,0.26006821435960376,0.26913694904084057,0.26913694904084057,0.2630214424576592,0.2630214424576592,0.2693101750130241,0.2693101750130241,0.2671561888371746,0.2671561888371746,0.05664451399934478
robert,NeuralNetFastAI,1000,10,0.004850223811458982,0.1293875899722339,0.06304291164382365,0.0,-0.26263611384295654,0.0,-0.28650325353628736,0.0,-0.2726208460246327,0.0,-0.2739200711346255,0.03303626959043271,0.03303626959043271,0.0,-0.0058651044721996755,0.016386464876587924,0.016386464876587924,0.016474244822340212,0.014519209998273655,0.01875810253565097,0.01875810253565097,0.004119385347388379,0.004119385347388379,0.019853429407895164,0.019853429407895164,0.014243639096978171,0.014243639096978171,0.04879970833280822
robert,NeuralNetTorch,1000,10,0.01393316565559233,0.22094795238396908,0.10823914274763084,0.0,-0.2497645463452785,0.0,-0.3049748244598155,0.0,-0.27914311585693397,0.0,-0.2779608288873427,0.12799558176072606,0.12799558176072606,0.021807829677665723,0.021807829677665723,0.10601269645600406,0.10601269645600406,0.08527203596479861,0.08527203596479861,0.05227523895952817,0.05227523895952817,0.00974937729941777,0.00974937729941777,0.042361887924089826,0.042361887924089826,0.03479550139434526,0.03479550139434526,0.04967148600068564
robert,RandomForest,1000,10,0.06645873146276295,0.49250925973351917,0.23481679186598217,0.0,-0.14836618519383762,0.0,-0.14782080397683597,0.0,-0.13521626024888905,0.0,-0.1438010831398542,0.3115628613432542,0.3115628613432542,0.28277424801081874,0.28277424801081874,0.29832138291221566,0.29832138291221566,0.29755283075542954,0.29755283075542954,0.12567716700052659,0.12567716700052659,0.11913125818446044,0.11913125818446044,0.1334886288108003,0.1334886288108003,0.12609901799859577,0.12609901799859577,0.04899905533360046
robert,XGBoost,1000,10,0.02338617787886926,0.29370448226336154,0.14310535579655284,0.0,-0.22491450950829364,0.0,-0.21851855967978173,0.0,-0.23162423695974818,0.0,-0.22501910204927453,0.1617239607410156,0.1617239607410156,0.15288429354463007,0.15288429354463007,0.15325610353291266,0.15325610353291266,0.15595478593951942,0.15595478593951942,0.07032618203503248,0.07032618203503248,0.06819014555233255,0.06819014555233255,0.0628655007476308,0.0628655007476308,0.06712727611166529,0.06712727611166529,0.050128110999745935
volcanoes-b1,CatBoost,1018,5,0.00045513170869576657,0.019712063861693326,0.011268150848170698,0.0,-0.011561814088443508,0.0,-0.0334377572759027,0.0,-0.0387934904932103,0.0,-0.0279310206191855,0.02408120588240285,0.02408120588240285,0.0,-0.0019945918780445967,0.0,-0.007627333535891473,0.008027068627467616,0.004819760156155594,0.015502468822246152,0.015502468822246152,0.0,-0.0013675757899964276,0.0,-0.005588172793185035,0.0051674896074153836,0.0028489067463548963,0.050699333334099116
volcanoes-b1,ExtraTrees,1018,5,0.001626433791904622,0.032444946097926336,0.01963963246015379,0.0,-0.025082368378014763,0.0,-0.03838492671475706,0.0,-0.03567426644227239,0.0,-0.03304718717834807,0.022373711163212667,0.022373711163212667,0.00639292143678006,0.00639292143678006,0.015407872678727157,0.015407872678727157,0.014724835092906627,0.014724835092906627,0.012157988177708077,0.012157988177708077,0.005507616278800764,0.005507616278800764,0.008243565381800998,0.008243565381800998,0.008636389946103279,0.008636389946103279,0.04958326366734885
volcanoes-b1,LightGBM,1018,5,0.0008985909182515702,0.024625471925201824,0.014492761163882307,0.0,-0.02366964361617134,0.0,-0.033944722831430685,0.0,-0.03273405650314353,0.0,-0.03011614098358185,0.022225054609633414,0.022225054609633414,0.0,-0.0025874459462952625,0.018253769354768728,0.018253769354768728,0.01349294132146738,0.01263045933936896,0.012423959782666798,0.012423959782666798,0.0,-0.00035245527506886883,0.01383329386456674,0.01383329386456674,0.008752417882411179,0.008634932790721556,0.05660006933248951
volcanoes-b1,LinearModel,1018,5,0.0003019624297333631,0.017109805685544065,0.009895512143271102,0.0,-0.011104737850520883,0.0,-0.02195963908996789,0.0,-0.032025022695167014,0.0,-0.0216964665452186,0.02063813629108863,0.02063813629108863,0.013405319458384992,0.013405319458384992,0.003963367472864639,0.003963367472864639,0.012668941074112754,0.012668941074112754,0.012552696068898484,0.012552696068898484,0.006373201771599888,0.006373201771599888,0.0018512482145127125,0.0018512482145127125,0.006925715351670362,0.006925715351670362,0.04463362500003617
volcanoes-b1,NeuralNetFastAI,1018,5,0.0004367303630289617,0.01809172023421697,0.010486472612574045,0.0,-0.026184643766149443,0.0,-0.037847092607163756,0.0,-0.02736910571133457,0.0,-0.030466947361549254,0.01525539969856909,0.01525539969856909,0.0007288917413874808,0.0007288917413874808,0.012181211625217089,0.012181211625217089,0.009388501021724553,0.009388501021724553,0.00833420777440826,0.00833420777440826,0.00010600630356483678,0.00010600630356483678,0.007947171656482807,0.007947171656482807,0.005462461911485301,0.005462461911485301,0.04702736100080074
volcanoes-b1,NeuralNetTorch,1018,5,0.000490943918788432,0.01798999759887532,0.010596111021980166,0.0,-0.02262977001062347,0.0,-0.02986129183982164,0.0,-0.03168481593780214,0.0,-0.028058625929415753,0.018818314059746648,0.018818314059746648,0.003999748014387591,0.003999748014387591,0.008142001133202228,0.008142001133202228,0.010320021069112157,0.010320021069112157,0.010651265781129416,0.010651265781129416,0.0028824432617051685,0.0028824432617051685,0.006101232425138722,0.006101232425138722,0.006544980489324435,0.006544980489324435,0.04476268033370919
volcanoes-b1,RandomForest,1018,5,0.0012995979994181578,0.0285953144012137,0.016521986620091005,0.0,-0.00982544699042022,0.0,-0.019405692488158995,0.0,-0.012317415672440692,0.0,-0.013849518383673301,0.03163971861154374,0.03163971861154374,0.020238483720661258,0.020238483720661258,0.02480311663968865,0.02480311663968865,0.025560439657297884,0.025560439657297884,0.016419713221298187,0.016419713221298187,0.010973963336898996,0.010973963336898996,0.013711848959422816,0.013711848959422816,0.013701841839206667,0.013701841839206667,0.04552702799992403
volcanoes-b1,XGBoost,1018,5,0.000566913706494959,0.02235764534942703,0.012804585570577783,0.0,-0.0038766991634799452,0.0,-0.017703742018770993,0.0,-0.021512998465170945,0.0,-0.014364479882473961,0.03905036319975791,0.03905036319975791,0.013928496057427468,0.013928496057427468,0.01757118974772075,0.01757118974772075,0.023516683001635372,0.023516683001635372,0.02328994010408895,0.02328994010408895,0.00508413577685729,0.00508413577685729,0.011709556006900322,0.011709556006900322,0.013361210629282187,0.013361210629282187,0.04500976366640922
volcanoes-b2,CatBoost,1067,5,0.0005657893116520998,0.020406299096959804,0.011691870488135608,0.0,-0.01649908268156938,0.0,-0.017898584421843156,0.0,-0.03006306162126774,0.0,-0.021486909574893426,0.021977693050765478,0.021977693050765478,0.008061927215732118,0.008061927215732118,0.013376696879195177,0.013376696879195177,0.014472105715230924,0.014472105715230924,0.013883996762803925,0.013883996762803925,0.002027059061774389,0.002027059061774389,0.007388845907112233,0.007388845907112233,0.007766633910563516,0.007766633910563516,0.04772072233390645
volcanoes-b2,ExtraTrees,1067,5,0.0027286349126300585,0.03645534381641459,0.021842911945115152,0.0,-0.007764684231720064,0.0,-0.008200354042194052,0.0,-0.014596180696256861,0.0,-0.010187072990056991,0.03558950107682546,0.03558950107682546,0.034233006484345435,0.034233006484345435,0.023788425844841535,0.023788425844841535,0.03120364446867081,0.03120364446867081,0.022569278526022304,0.022569278526022304,0.019572009165209483,0.019572009165209483,0.015095528353760055,0.015095528353760055,0.019078938681663948,0.019078938681663948,0.047646388999661816
volcanoes-b2,LightGBM,1067,5,0.0015177772409819858,0.027879087199134678,0.01652451082078418,0.0,-0.024896495398221426,0.0,-0.02215092480007476,0.0,-0.01923177044035045,0.0,-0.022093063546215545,0.011114218900873664,0.011114218900873664,0.024870772965999238,0.024870772965999238,0.02017218631477,0.02017218631477,0.018719059393880966,0.018719059393880966,0.00676536010712013,0.00676536010712013,0.014554428567273344,0.014554428567273344,0.011658779250814117,0.011658779250814117,0.010992855975069197,0.010992855975069197,0.049625596999248955
volcanoes-b2,LinearModel,1067,5,0.0005279930063592708,0.018225597434231154,0.010584307196040315,0.0,-0.02577708498376636,0.0,-0.01683227547064048,0.0,-0.029914236311258915,0.0,-0.024174532255221915,0.0,-0.0016619336956262708,0.0064708379342592525,0.0064708379342592525,0.011679993693041688,0.011679993693041688,0.006050277209100313,0.005496299310558224,0.0,-0.0013635126605680504,0.002264546966427453,0.002264546966427453,0.005475176161561325,0.005475176161561325,0.0025799077093295927,0.0021254034891402423,0.04773229166554908
volcanoes-b2,NeuralNetFastAI,1067,5,0.0002620464904624876,0.01276449755386589,0.007379603842862986,0.0,-0.025515689549125684,0.0,-0.02604474876453491,0.0,-0.03278114773430935,0.0,-0.028113862015989987,0.005851673093104823,0.005851673093104823,0.0,-0.0004851324393398118,0.0,-0.0021391612436998443,0.0019505576977016078,0.001075793136688389,0.004982450342761295,0.004982450342761295,0.0,-0.00242020524764601,0.0,-0.0023003625250687864,0.0016608167809204317,8.729419001549963e-05,0.04905904166662367
volcanoes-b2,NeuralNetTorch,1067,5,0.0004184984402655963,0.022335214381593735,0.012760812791060403,0.0,-0.02730496225931615,0.0,-0.024784135221435893,0.0,-0.03492114273858045,0.0,-0.029003413406444162,0.009662589449320094,0.009662589449320094,0.0,-0.011414029308002704,0.0,-0.002549521698135673,0.0032208631497733647,-0.001433653852272761,0.004725300974708472,0.004725300974708472,0.0,-0.007850836736335718,0.0,-0.0025915165637550694,0.001575100324902824,-0.0019056841084607718,0.04780136100089294
volcanoes-b2,RandomForest,1067,5,0.0020955785737269954,0.033422858867265516,0.019834951679019233,0.0,-0.018993142545873462,0.0,-0.0017199761962087454,0.0,-0.022332541240429105,0.0,-0.014348553327503769,0.03002509308028388,0.03002509308028388,0.04335107056575894,0.04335107056575894,0.018682809052430246,0.018682809052430246,0.030686324232824358,0.030686324232824358,0.017320793240505953,0.017320793240505953,0.026287589393547098,0.026287589393547098,0.01316776669356092,0.01316776669356092,0.018925383109204656,0.018925383109204656,0.04688329166674521
volcanoes-b2,XGBoost,1067,5,0.001349724849746865,0.027897866496233874,0.015958939686801968,0.0,-0.019974197833726694,0.0,-0.024022391585781247,0.0,-0.037361781954027944,0.0,-0.02711945712451196,0.022941672379286713,0.022941672379286713,0.011493819837046887,0.011493819837046887,0.008085183405560453,0.008085183405560453,0.014173558540631353,0.014173558540631353,0.013005989690095575,0.013005989690095575,0.005972240034271987,0.005972240034271987,0.004390456913487599,0.004390456913487599,0.007789562212618387,0.007789562212618387,0.046221277665608795
volcanoes-b5,CatBoost,999,5,0.0006123048276108617,0.020109406879677303,0.011603034396410425,0.0,-0.027723835282721748,0.0,-0.02512864621075378,0.0,-0.03636135098089194,0.0,-0.02973794415812249,0.011850797964362064,0.011850797964362064,0.0024177007037690383,0.0024177007037690383,0.0,-0.0026970928827010736,0.0047561662227103675,0.0038571352618100093,0.008457939920146868,0.008457939920146868,0.0014901462247036757,0.0014901462247036757,0.0,-0.004025693128251537,0.003316028714950181,0.001974131005533002,0.042066666666263096
volcanoes-b5,ExtraTrees,999,5,0.0025774957661788963,0.03865552344487053,0.023088190623654328,0.0,-0.02204888761026996,0.0,-0.029196465077961406,0.0,-0.02643427353704823,0.0,-0.025893208741759866,0.014649625974652889,0.014649625974652889,0.011610374802316486,0.011610374802316486,0.01964289494363782,0.01964289494363782,0.0153009652402024,0.0153009652402024,0.009955336725659838,0.009955336725659838,0.004750794218121715,0.004750794218121715,0.011896087633083358,0.011896087633083358,0.008867406192288305,0.008867406192288305,0.04336574999979348
volcanoes-b5,LightGBM,999,5,0.0009687694794763837,0.027521588372785795,0.01622497090663866,0.0,-0.027396492839823944,0.0,-0.028739873727832623,0.0,-0.024460206529011923,0.0,-0.02686552436555616,0.006789998282103399,0.006789998282103399,0.004152789238883866,0.004152789238883866,0.019896369067118776,0.019896369067118776,0.010279718862702014,0.010279718862702014,0.0038018993760983943,0.0038018993760983943,0.0013466435277412448,0.0013466435277412448,0.010038190099386566,0.010038190099386566,0.005062244334408735,0.005062244334408735,0.04222662500008786
volcanoes-b5,LinearModel,999,5,0.0006872098116750334,0.020867978877901847,0.012129785647234477,0.0,-0.03150185614333664,0.0,-0.02874412551870706,0.0,-0.0218915232331222,0.0,-0.027379168298388632,0.0023361705014269107,0.0023361705014269107,0.015552625078868046,0.015552625078868046,0.008968295962658586,0.008968295962658586,0.008952363847651182,0.008952363847651182,0.0015680461143483878,0.0015680461143483878,0.008997769270043667,0.008997769270043667,0.005329870686321963,0.005329870686321963,0.005298562023571339,0.005298562023571339,0.04218734733391708
volcanoes-b5,NeuralNetFastAI,999,5,0.0007909577494941509,0.02439619770710307,0.014310080758064477,0.0,-0.025469599508728017,0.0,-0.03591952625587832,0.0,-0.028354738450391832,0.0,-0.029914621404999387,0.0,-0.0016538099605015618,0.003906543312870217,0.003906543312870217,0.013539982360401711,0.013539982360401711,0.00581550855775731,0.005264238570923455,0.0,-0.0004075139589659552,0.0,-6.205750015076139e-05,0.00760362945177315,0.00760362945177315,0.00253454315059105,0.0023780193308854778,0.04231334733291684
volcanoes-b5,NeuralNetTorch,999,5,0.00048093489419967007,0.024038308728390745,0.013974620462129154,0.0,-0.02171791120696256,0.0,-0.02819585110454538,0.0,-0.018959653987823195,0.0,-0.02295780543311038,0.009780233605702812,0.009780233605702812,0.02407318486761464,0.02407318486761464,0.012478071300348302,0.012478071300348302,0.015443829924555251,0.015443829924555251,0.005855315037597377,0.005855315037597377,0.013883719648261987,0.013883719648261987,0.00731500884173438,0.00731500884173438,0.009018014509197916,0.009018014509197916,0.04303848633329229
volcanoes-b5,RandomForest,999,5,0.0019302921202535932,0.0340037352573421,0.019458604537421702,0.0,-0.026041923188161908,0.0,-0.022842843580131694,0.0,-0.020870559280617828,0.0,-0.023251775349637144,0.0,-0.0020709988130794958,0.014655593520774278,0.014655593520774278,0.016283006514179455,0.016283006514179455,0.010312866678317911,0.009622533740624746,0.0,-0.00023700649906735195,0.008125813741891624,0.008125813741891624,0.007034251050668025,0.007034251050668025,0.005053354930853216,0.004974352764497433,0.042422833333451614
volcanoes-b5,XGBoost,999,5,0.0007743890425936602,0.025851417492325075,0.014631205277103343,0.0,-0.03662439023475125,0.0,-0.024928526189964616,0.0,-0.026741206532360767,0.0,-0.02943137431902555,0.003905003360990953,0.003905003360990953,0.015168304546378195,0.015168304546378195,0.021982393819615954,0.021982393819615954,0.013685233908995035,0.013685233908995035,0.0017054282593181834,0.0017054282593181834,0.008846713093774251,0.008846713093774251,0.012536120243692401,0.012536120243692401,0.007696087198928278,0.007696087198928278,0.044110096999550784
volcanoes-b6,CatBoost,1013,5,0.0007069256956990177,0.019504170795059634,0.011221497144560243,0.0,-0.029478272879542515,0.0,-0.019163165415928454,0.0,-0.03566197915060903,0.0,-0.028101139148693333,0.018629117435587227,0.018629117435587227,0.013601397720615123,0.013601397720615123,0.003707257142889903,0.003707257142889903,0.01197925743303075,0.01197925743303075,0.012465256479348685,0.012465256479348685,0.009191818582625291,0.009191818582625291,0.001540019970160507,0.001540019970160507,0.007732365010711495,0.007732365010711495,0.04385827766600414
volcanoes-b6,ExtraTrees,1013,5,0.0018947639006548255,0.034375314578192505,0.02048433570130177,0.0,-0.021114135698894112,0.0,-0.023520610790244784,0.0,-0.02079318486113376,0.0,-0.02180931045009089,0.02257012124283717,0.02257012124283717,0.012314067154685169,0.012314067154685169,0.023123556211890516,0.023123556211890516,0.019335914869804283,0.019335914869804283,0.014913958016664728,0.014913958016664728,0.0054848129042748585,0.0054848129042748585,0.019007566485235328,0.019007566485235328,0.013135445802058304,0.013135445802058304,0.043923361000148965
volcanoes-b6,LightGBM,1013,5,0.0011702734844151528,0.026357187206295495,0.015452562939601367,0.0,-0.017694459753279906,0.0,-0.021026577995864378,0.0,-0.030454279095871277,0.0,-0.023058438948338523,0.022366789963514027,0.022366789963514027,0.01565844798733451,0.01565844798733451,0.014521921095560369,0.014521921095560369,0.017515719682136305,0.017515719682136305,0.01297139330253393,0.01297139330253393,0.010094176890264069,0.010094176890264069,0.009053389262235652,0.009053389262235652,0.01070631981834455,0.01070631981834455,0.04365374999906635
volcanoes-b6,LinearModel,1013,5,0.0003547472129238345,0.017547776069100816,0.010194297857701913,0.0,-0.025032141462641464,0.0,-0.027410997756951,0.0,-0.03655147800498826,0.0,-0.029664872408193575,0.011018893250387287,0.011018893250387287,0.008522040162732742,0.008522040162732742,0.0,-0.01041821113086125,0.006513644471040009,0.003040907427419592,0.0057316252820897385,0.0057316252820897385,0.003595615572020729,0.003595615572020729,0.0,-0.0060169388838084885,0.003109080284703489,0.0011034339901006595,0.04415565266632863
volcanoes-b6,NeuralNetFastAI,1013,5,0.00037031572557459045,0.015836364229095075,0.00920882029898925,0.0,-0.025077446139776076,0.0,-0.03249674925639367,0.0,-0.026525999496296117,0.0,-0.02803339829748862,0.008774437853659566,0.008774437853659566,0.0,-0.001807420736128753,0.006247388150898208,0.006247388150898208,0.005007275334852591,0.004404801756143007,0.004590836073576522,0.004590836073576522,0.0,-0.003658455920023072,0.002649603575854168,0.002649603575854168,0.002413479883143563,0.0011939945764692058,0.044453903000733895
volcanoes-b6,NeuralNetTorch,1013,5,0.00048703081519714563,0.02619876223061088,0.014894723115956127,0.0,-0.02684098117688675,0.0,-0.04084005449490413,0.0,-0.017858125000029756,0.0,-0.028513053557273547,0.010398369432090097,0.010398369432090097,0.0,-0.012002882388086729,0.019822314024043212,0.019822314024043212,0.010073561152044436,0.006072600356015527,0.010319553426492836,0.010319553426492836,0.0,-0.009251950873068255,0.01330619659723773,0.01330619659723773,0.007875250007910188,0.004791266383554104,0.04578229166630384
volcanoes-b6,RandomForest,1013,5,0.001383808946485179,0.031694412691847085,0.018766121442519327,0.0,-0.013873729622412699,0.0,-0.027984241631091356,0.0,-0.04280807308007253,0.0,-0.02822201477785886,0.03838369003736862,0.03838369003736862,0.01692517176190801,0.01692517176190801,0.0003482906525890059,0.0003482906525890059,0.018552384150621878,0.018552384150621878,0.022140499128779762,0.022140499128779762,0.007949761167427951,0.007949761167427951,0.0,-0.0003110052905022352,0.01003008676540257,0.009926418335235158,0.04397791666754832
volcanoes-b6,XGBoost,1013,5,0.0009507441471579504,0.02516714310221124,0.014375008060914601,0.0,-0.02069016044430462,0.0,-0.016801933879448887,0.0,-0.027716747639696778,0.0,-0.021736280654483426,0.014942922584711586,0.014942922584711586,0.017304147037342815,0.017304147037342815,0.011559819666000391,0.011559819666000391,0.014602296429351597,0.014602296429351597,0.009591652482285355,0.009591652482285355,0.01126378860397747,0.01126378860397747,0.007618032929802437,0.007618032929802437,0.009491158005355087,0.009491158005355087,0.0437048193331672
volkert,CatBoost,5831,10,0.00786869255130637,0.11370675150931676,0.06421180760410321,0.0,-0.15167496017841797,0.0,-0.1633138626146419,0.0,-0.16417006309112386,0.0,-0.15971962862806124,0.05534765371096335,0.05534765371096335,0.03680632362980311,0.03680632362980311,0.04138280957594763,0.04138280957594763,0.044512262305571364,0.044512262305571364,0.03489977628641381,0.03489977628641381,0.020952613795853007,0.020952613795853007,0.022979950687279163,0.022979950687279163,0.026277446923181996,0.026277446923181996,0.20948952766654352
volkert,ExtraTrees,5831,10,0.05372474487137684,0.375876255104135,0.20128288861963975,0.0,-0.10717751969133817,0.0,-0.11003820077358185,0.0,-0.10391542652591566,0.0,-0.10704371566361189,0.2646878900901115,0.2646878900901115,0.23762677037565144,0.23762677037565144,0.2576690722725025,0.2576690722725025,0.25332791091275514,0.25332791091275514,0.1322266380083672,0.1322266380083672,0.11715618127005616,0.11715618127005616,0.12800293953974673,0.12800293953974673,0.12579525293939003,0.12579525293939003,0.19423418033329654
volkert,LightGBM,5831,10,0.014659388676216164,0.14623174491276478,0.08363888574110404,0.0,-0.16177249550463504,0.0,-0.17702001446021196,0.0,-0.11228524177619166,0.0,-0.15035925058034622,0.05544819546744896,0.05544819546744896,0.03413843986282938,0.03413843986282938,0.04498301073494578,0.04498301073494578,0.04485654868840804,0.04485654868840804,0.036659118274990715,0.036659118274990715,0.021194856771450426,0.021194856771450426,0.02865559569229018,0.02865559569229018,0.028836523579577108,0.028836523579577108,0.1957661110003149
volkert,LinearModel,5831,10,0.03507931014555769,0.2746011329628368,0.14889917754229445,0.0,-0.18923085134554996,0.0,-0.19637892897641365,0.0,-0.1797156608127144,0.0,-0.18844181371155933,0.08640887272538599,0.08640887272538599,0.07480729602153746,0.07480729602153746,0.09478195371063415,0.09478195371063415,0.08533270748585253,0.08533270748585253,0.042422155306520805,0.042422155306520805,0.038948952341097125,0.038948952341097125,0.05538166767223196,0.05538166767223196,0.04558425843994996,0.04558425843994996,0.21455941666620978
volkert,NeuralNetFastAI,5831,10,0.0047297946708924786,0.0946615503279002,0.051902588674734886,0.0,-0.17607177520370984,0.0,-0.14984090909647738,0.0,-0.16139445647923675,0.0,-0.16243571359314132,0.004595400690307859,0.004595400690307859,0.030842981530231857,0.030842981530231857,0.014828188391349495,0.014828188391349495,0.016755523537296403,0.016755523537296403,0.004188774891499552,0.004188774891499552,0.019635244068884724,0.019635244068884724,0.010742186260670203,0.010742186260670203,0.011522068407018159,0.011522068407018159,0.24292890266588074
volkert,NeuralNetTorch,5831,10,0.0042187959189809755,0.08354234758628522,0.04636418943327202,0.0,-0.1710233836574748,0.0,-0.17099503570913446,0.0,-0.1750014196043451,0.0,-0.17233994632365146,0.015584824333768064,0.015584824333768064,0.011592487987423463,0.011592487987423463,0.023462014283001324,0.023462014283001324,0.01687977553473095,0.01687977553473095,0.011083782168088663,0.011083782168088663,0.006243099178840381,0.006243099178840381,0.015059221642965541,0.015059221642965541,0.010795367663298194,0.010795367663298194,0.2074645556664715
volkert,RandomForest,5831,10,0.04768371300717827,0.3453452348329215,0.1850196624249789,0.0,-0.09887710791700094,0.0,-0.10179012019305114,0.0,-0.11258965442476171,0.0,-0.10441896084493792,0.2356093345351481,0.2356093345351481,0.23272192328605043,0.23272192328605043,0.2078463974137464,0.2078463974137464,0.22539255174498166,0.22539255174498166,0.11921208430269789,0.11921208430269789,0.11491676492769974,0.11491676492769974,0.100576559273723,0.100576559273723,0.11156846950137354,0.11156846950137354,0.20306484733252242
volkert,XGBoost,5831,10,0.01592521201740465,0.14419241851537037,0.08394488565491044,0.0,-0.1703708560773109,0.0,-0.17509718647126205,0.0,-0.12033498627623011,0.0,-0.15526767627493435,0.032982128940640176,0.032982128940640176,0.018247630020767874,0.018247630020767874,0.03010698144054828,0.03010698144054828,0.02711224680065211,0.02711224680065211,0.025625207610503083,0.025625207610503083,0.014030599106402725,0.014030599106402725,0.021708326435545305,0.021708326435545305,0.020454711050817035,0.020454711050817035,0.2412078750009338
