dataset,model,test_size,n_classes,true_brier,true_l1,true_l2,SMS-CV_brier_draw0,SMS-CV_brier_draw0_unclipped,SMS-CV_brier_draw1,SMS-CV_brier_draw1_unclipped,SMS-CV_brier_draw2,SMS-CV_brier_draw2_unclipped,SMS-CV_brier,SMS-CV_brier_unclipped,SMS-CV_l1_draw0,SMS-CV_l1_draw0_unclipped,SMS-CV_l1_draw1,SMS-CV_l1_draw1_unclipped,SMS-CV_l1_draw2,SMS-CV_l1_draw2_unclipped,SMS-CV_l1,SMS-CV_l1_unclipped,SMS-CV_l2_draw0,SMS-CV_l2_draw0_unclipped,SMS-CV_l2_draw1,SMS-CV_l2_draw1_unclipped,SMS-CV_l2_draw2,SMS-CV_l2_draw2_unclipped,SMS-CV_l2,SMS-CV_l2_unclipped,SMS-CV_time
Diabetes130US,CatBoost,10177,3,0.0016086395196506246,0.05733175133226558,0.03656954341112219,0.0007592117891018321,0.0007592117891018321,0.000808688058610161,0.000808688058610161,0.0007014493314280339,0.0007014493314280339,0.000756449726380009,0.000756449726380009,0.04844115796605383,0.04844115796605383,0.04756279309118514,0.04756279309118514,0.039911197345203084,0.039911197345203084,0.045305049467480686,0.045305049467480686,0.027746311150723613,0.027746311150723613,0.030273170725275262,0.030273170725275262,0.027726283184263973,0.027726283184263973,0.028581921686754285,0.028581921686754285,0.1812151526658757
Diabetes130US,ExtraTrees,10177,3,0.003548031191907819,0.08519960534726378,0.05444837368851004,0.003296921163326625,0.003296921163326625,0.0025131220625523734,0.0025131220625523734,0.0025783472096540575,0.0025783472096540575,0.0027961301451776854,0.0027961301451776854,0.08411403202460094,0.08411403202460094,0.0802359655540639,0.0802359655540639,0.06850778719096778,0.06850778719096778,0.07761926158987754,0.07761926158987754,0.05427977168027076,0.05427977168027076,0.048467912102027555,0.048467912102027555,0.04483233452242756,0.04483233452242756,0.04919333943490863,0.04919333943490863,0.17659579166744757
Diabetes130US,LightGBM,10177,3,0.0016027445670819015,0.055730741722379774,0.03604141421709866,0.0008651981730674586,0.0008651981730674586,0.0003385291599894181,0.0003385291599894181,0.0005659821471102515,0.0005659821471102515,0.0005899031600557094,0.0005899031600557094,0.04445309771747027,0.04445309771747027,0.041405853321666894,0.041405853321666894,0.037690608017567545,0.037690608017567545,0.0411831863522349,0.0411831863522349,0.02961185379271716,0.02961185379271716,0.024996679154235937,0.024996679154235937,0.023641031077543555,0.023641031077543555,0.02608318800816555,0.02608318800816555,0.16929612499977034
Diabetes130US,LinearModel,10177,3,0.002149691995999166,0.052393972870647884,0.03394398822824026,0.0006060053220983933,0.0006060053220983933,0.0012128774997772218,0.0012128774997772218,0.0011091736455408866,0.0011091736455408866,0.0009760188224721671,0.0009760188224721671,0.026209099901736126,0.026209099901736126,0.045469934580513044,0.045469934580513044,0.035780178677368456,0.035780178677368456,0.03581973771987254,0.03581973771987254,0.020209374469894806,0.020209374469894806,0.02822357861816496,0.02822357861816496,0.024881776557968843,0.024881776557968843,0.02443824321534287,0.02443824321534287,0.17847347233328037
Diabetes130US,NeuralNetFastAI,10177,3,0.0016481854562203908,0.05695356242020088,0.03636952127109828,0.0016443124741349691,0.0016443124741349691,0.001046278754761069,0.001046278754761069,0.0004706083696489916,0.0004706083696489916,0.00105373319951501,0.00105373319951501,0.061802862256353924,0.061802862256353924,0.05599914506678821,0.05599914506678821,0.039585079646553015,0.039585079646553015,0.052462362323231725,0.052462362323231725,0.03626079921009345,0.03626079921009345,0.03384523910619369,0.03384523910619369,0.02543650015044481,0.02543650015044481,0.03184751282224398,0.03184751282224398,0.1858731946667831
Diabetes130US,NeuralNetTorch,10177,3,0.0011759317898800547,0.050708863385009975,0.03194255125827821,0.0007841861064681227,0.0007841861064681227,0.00082673462200625,0.00082673462200625,0.0004251420091943489,0.0004251420091943489,0.0006786875792229072,0.0006786875792229072,0.042692529318812664,0.042692529318812664,0.047084389484055626,0.047084389484055626,0.03868046973264483,0.03868046973264483,0.0428191295118377,0.0428191295118377,0.028130414048619688,0.028130414048619688,0.029086056706261732,0.029086056706261732,0.02386471255561495,0.02386471255561495,0.027027061103498787,0.027027061103498787,0.19701455566610093
Diabetes130US,RandomForest,10177,3,0.002665146142226344,0.07671693249991687,0.04834042504195794,0.002635779681273635,0.002635779681273635,0.0017307861668032422,0.0017307861668032422,0.0016761035082357484,0.0016761035082357484,0.0020142231187708754,0.0020142231187708754,0.08054149128052629,0.08054149128052629,0.0667766369089493,0.0667766369089493,0.06278919666491971,0.06278919666491971,0.07003577495146511,0.07003577495146511,0.04816664495111241,0.04816664495111241,0.04237208669626808,0.04237208669626808,0.04007089265512411,0.04007089265512411,0.043536541434168206,0.043536541434168206,0.18041138900055861
Diabetes130US,XGBoost,10177,3,0.001967571817568942,0.06423117164511656,0.041152343651050104,0.0016105702769403218,0.0016105702769403218,0.0010050889000489717,0.0010050889000489717,0.0011093188846864567,0.0011093188846864567,0.0012416593538919166,0.0012416593538919166,0.060086027358017935,0.060086027358017935,0.05176611334209739,0.05176611334209739,0.05312313428174251,0.05312313428174251,0.05499175832728594,0.05499175832728594,0.037921924174514815,0.037921924174514815,0.03228559541494487,0.03228559541494487,0.03507735829292072,0.03507735829292072,0.0350949592941268,0.0350949592941268,0.1627771110009538
GesturePhaseSegmentationProcessed,CatBoost,988,5,0.0071668965344737845,0.10136794115145573,0.060671430553177176,0.0,-0.0025788638440117544,0.001965392912031803,0.001965392912031803,0.0035996052203150232,0.0035996052203150232,0.001854999377448942,0.0009953780961116908,0.0,-0.017020584094795784,0.0726327348974013,0.0726327348974013,0.09325972119886648,0.09325972119886648,0.055297485365422595,0.049623957333824,0.0,-0.0027457100959549464,0.047140019691714295,0.047140019691714295,0.05025132865886887,0.05025132865886887,0.03246378278352772,0.03154854608487607,0.13151954166581467
GesturePhaseSegmentationProcessed,ExtraTrees,988,5,0.06162996186083821,0.38642976097806614,0.22302738728114585,0.0557314582209182,0.0557314582209182,0.06052409812232473,0.06052409812232473,0.058646709684292926,0.058646709684292926,0.05830075534251195,0.05830075534251195,0.3791430474693211,0.3791430474693211,0.3960661240292199,0.3960661240292199,0.399325232902372,0.399325232902372,0.39151146813363763,0.39151146813363763,0.2152960392240525,0.2152960392240525,0.22482520583004748,0.22482520583004748,0.2333169959169018,0.2333169959169018,0.2244794136570006,0.2244794136570006,0.1427012083331647
GesturePhaseSegmentationProcessed,LightGBM,988,5,0.014010699391688738,0.1417867914176726,0.08536326801701195,0.0014375412918906985,0.0014375412918906985,0.014166042300639047,0.014166042300639047,0.01594316561264008,0.01594316561264008,0.010515583068389942,0.010515583068389942,0.03845897792206625,0.03845897792206625,0.14365772294115917,0.14365772294115917,0.1476057583987287,0.1476057583987287,0.10990748642065136,0.10990748642065136,0.029745838295270784,0.029745838295270784,0.08773035567528012,0.08773035567528012,0.09146504936658208,0.09146504936658208,0.06964708111237766,0.06964708111237766,0.14378990266656425
GesturePhaseSegmentationProcessed,LinearModel,988,5,0.036262875774159244,0.26025479376216326,0.14945089609966328,0.0,-0.00032081961846989695,0.0,-0.002056411263752313,0.0,-0.00105879697492283,0.0,-0.0011453426190483468,0.05388863866122523,0.05388863866122523,0.002257105904682101,0.002257105904682101,0.007551295306397011,0.007551295306397011,0.021232346624101447,0.021232346624101447,0.03130336846038845,0.03130336846038845,0.0026636859007294475,0.0026636859007294475,0.012593316479546807,0.012593316479546807,0.0155201236135549,0.0155201236135549,0.13033959733365919
GesturePhaseSegmentationProcessed,NeuralNetFastAI,988,5,0.006906013966221273,0.11322902470226533,0.06562246978647254,0.0,-0.0006234364547244728,0.0,-0.0029364391389954687,1.888204071235199e-05,1.888204071235199e-05,6.294013570783997e-06,-0.0011803311843358632,0.056940604611446094,0.056940604611446094,0.0691593957371383,0.0691593957371383,0.09868900337900434,0.09868900337900434,0.07492966790919624,0.07492966790919624,0.03193659185359435,0.03193659185359435,0.028962802205957896,0.028962802205957896,0.04345317099183663,0.04345317099183663,0.03478418835046296,0.03478418835046296,0.14146776366639338
GesturePhaseSegmentationProcessed,NeuralNetTorch,988,5,0.0018030478356820577,0.06313178062008257,0.03635655897692895,0.0,-0.0025036732496859435,0.0,-0.0032912247398098958,0.0022207734864892344,0.0022207734864892344,0.0007402578288297448,-0.0011913748343355352,0.0,-0.00856615281254185,0.024931511440189503,0.024931511440189503,0.0790975648097865,0.0790975648097865,0.034676358749991996,0.03182097447914472,0.0,-0.0002385971301523013,0.021996303579253036,0.021996303579253036,0.04361308720579743,0.04361308720579743,0.021869796928350154,0.02179026455163272,0.15037979166663717
GesturePhaseSegmentationProcessed,RandomForest,988,5,0.04442749298032476,0.3237571456269545,0.18541876920669065,0.040735386086606346,0.040735386086606346,0.03662903909279365,0.03662903909279365,0.03718737986772997,0.03718737986772997,0.03818393501570999,0.03818393501570999,0.32332658191160585,0.32332658191160585,0.29830633883192903,0.29830633883192903,0.31430498944563373,0.31430498944563373,0.3119793033963896,0.3119793033963896,0.18285940975404505,0.18285940975404505,0.167064274967504,0.167064274967504,0.18023366564706755,0.18023366564706755,0.17671911678953886,0.17671911678953886,0.1385505136665112
GesturePhaseSegmentationProcessed,XGBoost,988,5,0.015086708835272444,0.14883599315146373,0.09029044301814813,0.004375564516833878,0.004375564516833878,0.010747498639592122,0.010747498639592122,0.014196423101257372,0.014196423101257372,0.009773162085894458,0.009773162085894458,0.07006913871093186,0.07006913871093186,0.15993550332779838,0.15993550332779838,0.13644842182502875,0.13644842182502875,0.12215102128791966,0.12215102128791966,0.04125993286079966,0.04125993286079966,0.09462650874728025,0.09462650874728025,0.08295521083654733,0.08295521083654733,0.07294721748154241,0.07294721748154241,0.13990522233386096
Indian_pines,CatBoost,915,8,0.0049242090128783465,0.04483090896832079,0.030277541065110793,0.0018677095579583125,0.0018677095579583125,0.00184223981083588,0.00184223981083588,0.0,-0.0007766991943190413,0.0012366497895980643,0.0009777500581583838,0.030109444873378913,0.030109444873378913,0.03944935644051489,0.03944935644051489,0.03623452421311928,0.03623452421311928,0.0352644418423377,0.0352644418423377,0.023060814522466534,0.023060814522466534,0.029490806797330998,0.029490806797330998,0.02330126898471206,0.02330126898471206,0.025284296768169862,0.025284296768169862,0.16786402766714068
Indian_pines,ExtraTrees,915,8,0.0228636249841085,0.1692029355968209,0.11711849299896687,0.02843370606753227,0.02843370606753227,0.02373826313731638,0.02373826313731638,0.018753823494007726,0.018753823494007726,0.02364193089961879,0.02364193089961879,0.1965825879636015,0.1965825879636015,0.162032498054909,0.162032498054909,0.1401964411567085,0.1401964411567085,0.16627050905840635,0.16627050905840635,0.13763229907811655,0.13763229907811655,0.1133647230069027,0.1133647230069027,0.09656170742149238,0.09656170742149238,0.11585290983550389,0.11585290983550389,0.18461315300010028
Indian_pines,LightGBM,915,8,0.0024434344198273083,0.028719104669641775,0.019403360594115876,0.0,-0.0012132839503685203,0.00027374639062852476,0.00027374639062852476,0.0008930068652343852,0.0008930068652343852,0.00038891775195430337,-1.5510231501870092e-05,0.0,-0.00801928918208818,0.010934643825370344,0.010934643825370344,0.02482783386479009,0.02482783386479009,0.011920825896720146,0.009247729502690752,0.0,-0.00413449835617499,0.008835336403711369,0.008835336403711369,0.016167679629303794,0.016167679629303794,0.008334338677671721,0.006956172558946725,0.16568418066647914
Indian_pines,LinearModel,915,8,0.005636388128951369,0.03233415423215235,0.021422567452381667,0.0,-0.0025509561186240633,0.0,-0.0025025262324558676,0.0,-0.005277331507490543,0.0,-0.003443604619523491,0.02412337417428262,0.02412337417428262,0.014886182955827311,0.014886182955827311,0.0,-0.0420806214198335,0.013003185710036643,-0.0010236880965745234,0.013476216499022167,0.013476216499022167,0.005306682935932678,0.005306682935932678,0.0,-0.029127243002701107,0.0062609664783182814,-0.0034481145225820874,0.16692386099991077
Indian_pines,NeuralNetFastAI,915,8,0.0020159553803426773,0.016621540769085192,0.011178810718330563,0.0008988746751686164,0.0008988746751686164,0.0004768197842715277,0.0004768197842715277,0.0,-0.003149868292539266,0.00045856481981338136,-0.0005913912776997072,0.0029521764831991278,0.0029521764831991278,0.019572313940544688,0.019572313940544688,0.0,-0.01444720275481999,0.007508163474581272,0.0026924292229746085,0.0017714770114538518,0.0017714770114538518,0.014817158311131005,0.014817158311131005,0.0,-0.00961186757958141,0.005529545107528285,0.002325589247667815,0.14339522199952626
Indian_pines,NeuralNetTorch,915,8,0.0006908872503069405,0.014824366441958978,0.010027484402378712,0.0,-0.0008271180104780201,0.0,-0.00015663240324315745,0.0,-0.0019114705567949458,0.0,-0.0009650736568387079,0.0031200503109173753,0.0031200503109173753,0.0015655974160282515,0.0015655974160282515,0.0,-0.014415340274372685,0.0015618825756485422,-0.003243230849142353,0.00026561565112355945,0.00026561565112355945,0.000556766011227364,0.000556766011227364,0.0,-0.010613785473476247,0.00027412722078364114,-0.003263801270375108,0.1372337500009356
Indian_pines,RandomForest,915,8,0.020138384325996777,0.15703055875663371,0.10881000794122941,0.024155493208757355,0.024155493208757355,0.017641407787707404,0.017641407787707404,0.013431868144119273,0.013431868144119273,0.018409589713528008,0.018409589713528008,0.17038223130818062,0.17038223130818062,0.15929297901238362,0.15929297901238362,0.13046965939747296,0.13046965939747296,0.15338162323934573,0.15338162323934573,0.12048354525199537,0.12048354525199537,0.1111946078884186,0.1111946078884186,0.0900024220920454,0.0900024220920454,0.10722685841081979,0.10722685841081979,0.17434966666648202
Indian_pines,XGBoost,915,8,0.004582054492342882,0.045270129598377014,0.030935784689916663,0.0,-0.0014471419010874391,0.0001047502351016659,0.0001047502351016659,0.003290099720098733,0.003290099720098733,0.0011316166517334662,0.0006492360180376533,0.00844941120658872,0.00844941120658872,0.027953558972764518,0.027953558972764518,0.01634623949472003,0.01634623949472003,0.017583069891357758,0.017583069891357758,0.007928208881180248,0.007928208881180248,0.02136318164976627,0.02136318164976627,0.010862874280513895,0.010862874280513895,0.01338475493715347,0.01338475493715347,0.16725720833346713
Traffic_violations,CatBoost,7034,3,0.00048591279209783293,0.02465501577948444,0.017392922982024463,0.0002070179870587446,0.0002070179870587446,7.158006183938969e-05,7.158006183938969e-05,0.0,-8.913045217659942e-05,9.286601629937808e-05,6.315586557384494e-05,0.01908357893912796,0.01908357893912796,0.02216744128360181,0.02216744128360181,0.011767568690732975,0.011767568690732975,0.01767286297115425,0.01767286297115425,0.013515845898799108,0.013515845898799108,0.01569711932828366,0.01569711932828366,0.008105533226720215,0.008105533226720215,0.012439499484600996,0.012439499484600996,0.12570533333321995
Traffic_violations,ExtraTrees,7034,3,0.0013607883365434332,0.04047196817797265,0.028445189804474223,0.0007972437827417781,0.0007972437827417781,0.0010687535003098534,0.0010687535003098534,0.0005039797908977851,0.0005039797908977851,0.0007899923579831389,0.0007899923579831389,0.03710442665408254,0.03710442665408254,0.04406829377461093,0.04406829377461093,0.02445922731132685,0.02445922731132685,0.03521064924667344,0.03521064924667344,0.025947450468772518,0.025947450468772518,0.03089682290464619,0.03089682290464619,0.016930788954639505,0.016930788954639505,0.02459168744268607,0.02459168744268607,0.13770505566693222
Traffic_violations,LightGBM,7034,3,0.0010193978068248166,0.036138988876151176,0.02531730562810956,0.000657002282476239,0.000657002282476239,0.0008370226695615185,0.0008370226695615185,0.0006380950748376321,0.0006380950748376321,0.0007107066756251298,0.0007107066756251298,0.03176611562367156,0.03176611562367156,0.037754999124493205,0.037754999124493205,0.037798602091119814,0.037798602091119814,0.0357732389464282,0.0357732389464282,0.022179211762291515,0.022179211762291515,0.026248867393488196,0.026248867393488196,0.026653330885408374,0.026653330885408374,0.025027136680396026,0.025027136680396026,0.1383023056660022
Traffic_violations,LinearModel,7034,3,0.00171924151251214,0.03555607506895476,0.024279215407125836,0.00104565277432253,0.00104565277432253,0.0005852731897554811,0.0005852731897554811,0.00038684955214042364,0.00038684955214042364,0.0006725918387394782,0.0006725918387394782,0.0366649142526206,0.0366649142526206,0.01971268463682197,0.01971268463682197,0.014491472370734898,0.014491472370734898,0.02362302375339249,0.02362302375339249,0.02505792152120017,0.02505792152120017,0.013253580730791572,0.013253580730791572,0.009215887286870728,0.009215887286870728,0.015842463179620823,0.015842463179620823,0.1549083609994947
Traffic_violations,NeuralNetFastAI,7034,3,0.0007873078875786522,0.027239715217720558,0.01903225005183275,0.00022732580962612212,0.00022732580962612212,0.0,-3.469507396383444e-05,0.0,-5.112160417481163e-05,7.577526987537404e-05,4.716971049582535e-05,0.01489669599731525,0.01489669599731525,0.026459473743445535,0.026459473743445535,0.00926976118602673,0.00926976118602673,0.01687531030892917,0.01687531030892917,0.010549551016525407,0.010549551016525407,0.01833559872154136,0.01833559872154136,0.006348361287572065,0.006348361287572065,0.011744503675212944,0.011744503675212944,0.14913480566732082
Traffic_violations,NeuralNetTorch,7034,3,0.0014551262194951256,0.04330329635892014,0.030279246680878422,0.001638059099725511,0.001638059099725511,0.0012628047527388471,0.0012628047527388471,0.000573540807849446,0.000573540807849446,0.001158134886771268,0.001158134886771268,0.05097397112828605,0.05097397112828605,0.050137266879868254,0.050137266879868254,0.036349078358054496,0.036349078358054496,0.04582010545540294,0.04582010545540294,0.0360319747049415,0.0360319747049415,0.035431914727994535,0.035431914727994535,0.02519531737690446,0.02519531737690446,0.03221973560328017,0.03221973560328017,0.15596534699943732
Traffic_violations,RandomForest,7034,3,0.0018002708426171265,0.047586669590003176,0.033512978129443184,0.0015040011518298862,0.0015040011518298862,0.0009964186399120025,0.0009964186399120025,0.001219930441972744,0.001219930441972744,0.0012401167445715443,0.0012401167445715443,0.03550018436232273,0.03550018436232273,0.04449201649659997,0.04449201649659997,0.039119035450692535,0.039119035450692535,0.03970374543653841,0.03970374543653841,0.025110900915489003,0.025110900915489003,0.031266639509838226,0.031266639509838226,0.027736112618555527,0.027736112618555527,0.02803788434796092,0.02803788434796092,0.14252273633367926
Traffic_violations,XGBoost,7034,3,0.0004592308860081075,0.02440214500595531,0.016983586306610128,0.0,-2.539012022176938e-05,0.00016877000928021326,0.00016877000928021326,0.00010371281126410876,0.00010371281126410876,9.082760684810734e-05,8.236423344085088e-05,0.01580172455099159,0.01580172455099159,0.019078921255343387,0.019078921255343387,0.01552207310675085,0.01552207310675085,0.01680090630436194,0.01680090630436194,0.010501539634603535,0.010501539634603535,0.013402659348399968,0.013402659348399968,0.010828603027916989,0.010828603027916989,0.011577600670306831,0.011577600670306831,0.13309426400034377
artificial-characters,CatBoost,1022,10,0.008576866745938369,0.09014940381504767,0.05703745974256834,0.0,-0.004340483948382852,0.0,-0.0017754300714111564,0.0,-0.004905384773570539,0.0,-0.003673766264454849,0.00317227118990051,0.00317227118990051,0.026707593023144162,0.026707593023144162,0.014554814796590572,0.014554814796590572,0.014811559669878413,0.014811559669878413,0.0,-0.0014609798984246943,0.018338845328271087,0.018338845328271087,0.01284271557240589,0.01284271557240589,0.010393853633558992,0.009906860334084095,0.16452406966709532
artificial-characters,ExtraTrees,1022,10,0.042348911993169355,0.2526445941669373,0.1610002531254145,0.025655653959639816,0.025655653959639816,0.040411030815957386,0.040411030815957386,0.03980681418271543,0.03980681418271543,0.035291166319437545,0.035291166319437545,0.21728218749529343,0.21728218749529343,0.2579208707210306,0.2579208707210306,0.24811268491361776,0.24811268491361776,0.24110524770998057,0.24110524770998057,0.13725527940457122,0.13725527940457122,0.1658705799216073,0.1658705799216073,0.1600173964775913,0.1600173964775913,0.15438108526792327,0.15438108526792327,0.18017454166571648
artificial-characters,LightGBM,1022,10,0.00794627976236701,0.06837172011934788,0.04346876478101381,0.0,-0.0036141596501745674,0.0,-0.000481046642462807,0.0,-0.0035928529979751163,0.0,-0.0025626864302041633,0.0,-0.018514037427775083,0.023947609713443684,0.023947609713443684,0.0,-0.004303252942435096,0.007982536571147895,0.0003767731144111684,0.0,-0.013974887840556543,0.016756720772199134,0.016756720772199134,0.0002999952921985002,0.0002999952921985002,0.0056855720214658775,0.001027276074613697,0.14522590299990648
artificial-characters,LinearModel,1022,10,0.4122181119631924,1.137252286753229,0.5907205664368463,0.0,-0.002946353014561293,0.0,-0.005164853647852368,0.0,-0.004690609461740653,0.0,-0.004267272041384771,0.038353340404467764,0.038353340404467764,0.05944466851334305,0.05944466851334305,0.0024232498412244795,0.0024232498412244795,0.03340708625301177,0.03340708625301177,0.01829022710714122,0.01829022710714122,0.00915092283251159,0.00915092283251159,0.0,-0.0022249939992104667,0.00914704997988427,0.00840538531348078,0.19840468033241146
artificial-characters,NeuralNetFastAI,1022,10,0.004103091922015901,0.0711852478622672,0.044451971453939754,0.0,-0.0038401147420283163,0.0,-0.0011458432055677825,0.0,-0.006493450283609389,0.0,-0.0038264694104018296,0.055760538468371194,0.055760538468371194,0.044576969105624295,0.044576969105624295,0.013391842962933453,0.013391842962933453,0.03790978351230965,0.03790978351230965,0.03696012022457813,0.03696012022457813,0.03006660894923186,0.03006660894923186,0.007973063441467915,0.007973063441467915,0.024999930871759307,0.024999930871759307,0.223298777667272
artificial-characters,NeuralNetTorch,1022,10,0.005123686153767621,0.07923117662745924,0.0483003772312462,0.0,-0.0032621114307612832,0.0,-0.002638006888121138,0.0,-0.008029664444710436,0.0,-0.004643260921197619,0.039883072356359635,0.039883072356359635,0.06993108363944381,0.06993108363944381,0.0,-0.010559570611490146,0.036604718665267814,0.033084861794771096,0.02590859045183629,0.02590859045183629,0.043612161493578105,0.043612161493578105,0.0,-0.009362207191585597,0.023173583981804798,0.020052848251276265,0.23860580566664188
artificial-characters,RandomForest,1022,10,0.043009199595340275,0.248355979177513,0.15988631128690328,0.025814090754582485,0.025814090754582485,0.03464386932559712,0.03464386932559712,0.03708232671826817,0.03708232671826817,0.032513428932815926,0.032513428932815926,0.21123603722110032,0.21123603722110032,0.2368723728267756,0.2368723728267756,0.24764647461902525,0.24764647461902525,0.23191829488896706,0.23191829488896706,0.1366623576822302,0.1366623576822302,0.15401888657138194,0.15401888657138194,0.1584135580963961,0.1584135580963961,0.14969826745000273,0.14969826745000273,0.2160942499989081
artificial-characters,XGBoost,1022,10,0.010560751888096277,0.07709857949591896,0.04908057121956061,0.0,-0.0018480234449110798,0.0,-0.000250510737550206,0.0,-0.0026941318927301105,0.0,-0.001597555358397132,0.0071481601903120385,0.0071481601903120385,0.030702163689323353,0.030702163689323353,0.0,-0.002483436893312892,0.01261677462654513,0.011788962328774166,0.0034026652787406196,0.0034026652787406196,0.020184764364640333,0.020184764364640333,0.0,-0.004331677728800436,0.007862476547793651,0.006418583971526839,0.22055304166618347
connect-4,CatBoost,6756,3,0.004427499665650684,0.06570158453845441,0.042823903051512735,0.00532698793564476,0.00532698793564476,0.003727366641494679,0.003727366641494679,0.004507396349523181,0.004507396349523181,0.004520583642220873,0.004520583642220873,0.06748289795406887,0.06748289795406887,0.05987232663869857,0.05987232663869857,0.06771197350736445,0.06771197350736445,0.06502239936671063,0.06502239936671063,0.044745097048825885,0.044745097048825885,0.040732465229479514,0.040732465229479514,0.043039606439016616,0.043039606439016616,0.04283905623910734,0.04283905623910734,0.14078213866620595
connect-4,ExtraTrees,6756,3,0.0166603770583421,0.1729757911490274,0.11208573497292576,0.016103262263157708,0.016103262263157708,0.016672717944860218,0.016672717944860218,0.016142142659716457,0.016142142659716457,0.01630604095591146,0.01630604095591146,0.16846804547196673,0.16846804547196673,0.17412914963244427,0.17412914963244427,0.17043559092132018,0.17043559092132018,0.17101092867524373,0.17101092867524373,0.10898612812906677,0.10898612812906677,0.11376386391909486,0.11376386391909486,0.11011799610985279,0.11011799610985279,0.11095599605267148,0.11095599605267148,0.14756738866587207
connect-4,LightGBM,6756,3,0.004029432043026862,0.06185400753839046,0.04016068561421418,0.004378446700669099,0.004378446700669099,0.0027855047378489367,0.0027855047378489367,0.004082998125481085,0.004082998125481085,0.003748983187999707,0.003748983187999707,0.06470561735826542,0.06470561735826542,0.0507984183616995,0.0507984183616995,0.05515209574025261,0.05515209574025261,0.05688537715340584,0.05688537715340584,0.04450162825302051,0.04450162825302051,0.034229295460921266,0.034229295460921266,0.037801535628901366,0.037801535628901366,0.03884415311428105,0.03884415311428105,0.14913337500062576
connect-4,LinearModel,6756,3,0.0021389235917375405,0.06424349517259093,0.041033344683017545,0.0007517201400290299,0.0007517201400290299,0.0010951159851173287,0.0010951159851173287,0.0015784520662275672,0.0015784520662275672,0.0011417627304579753,0.0011417627304579753,0.045640832961383,0.045640832961383,0.047064784213856986,0.047064784213856986,0.06425332930022173,0.06425332930022173,0.05231964882515391,0.05231964882515391,0.02830387739612284,0.02830387739612284,0.03091597813408011,0.03091597813408011,0.039915502487694245,0.039915502487694245,0.033045119339299066,0.033045119339299066,0.16605366666650903
connect-4,NeuralNetFastAI,6756,3,0.002113800894790454,0.0472011043983557,0.03058543758800198,0.0014207519583202142,0.0014207519583202142,0.0022011162861703777,0.0022011162861703777,0.0007761045136730011,0.0007761045136730011,0.0014659909193878646,0.0014659909193878646,0.042866762276495836,0.042866762276495836,0.048165422888739914,0.048165422888739914,0.03318399747753642,0.03318399747753642,0.041405394214257395,0.041405394214257395,0.02813825216677073,0.02813825216677073,0.03173759324712346,0.03173759324712346,0.02222478171068789,0.02222478171068789,0.027366875708194027,0.027366875708194027,0.1424091666667664
connect-4,NeuralNetTorch,6756,3,0.0007716482532119061,0.02609551317041516,0.016704406655984397,0.0,-4.771574141597377e-05,0.00031239403817185914,0.00031239403817185914,0.00047246280408394465,0.00047246280408394465,0.00026161894741860123,0.0002457137002799433,0.017871673110105957,0.017871673110105957,0.016563047607341348,0.016563047607341348,0.023717615364584835,0.023717615364584835,0.01938411202734405,0.01938411202734405,0.011504638230665868,0.011504638230665868,0.010773177746106108,0.010773177746106108,0.01560261545075319,0.01560261545075319,0.012626810475841722,0.012626810475841722,0.13709036133271488
connect-4,RandomForest,6756,3,0.013029208573619291,0.15945840389129867,0.10222971748259368,0.01187080270024302,0.01187080270024302,0.012462699246986736,0.012462699246986736,0.01318737387463283,0.01318737387463283,0.01250695860728753,0.01250695860728753,0.1513841269485285,0.1513841269485285,0.16075891175351723,0.16075891175351723,0.1583086232304057,0.1583086232304057,0.1568172206441505,0.1568172206441505,0.09536927956011224,0.09536927956011224,0.10267647480108266,0.10267647480108266,0.10097911128855869,0.10097911128855869,0.09967495521658454,0.09967495521658454,0.14749179166634954
connect-4,XGBoost,6756,3,0.003336878171734325,0.05611743358482482,0.03659478456066552,0.0033015472558763485,0.0033015472558763485,0.0028146502698170946,0.0028146502698170946,0.0028543291691073927,0.0028543291691073927,0.002990175564933612,0.002990175564933612,0.057774388191401876,0.057774388191401876,0.05203704974215327,0.05203704974215327,0.0482342238566067,0.0482342238566067,0.05268188726338729,0.05268188726338729,0.0379662330483912,0.0379662330483912,0.035545768735721614,0.035545768735721614,0.032367440273785235,0.032367440273785235,0.03529314735263269,0.03529314735263269,0.1519301946670263
dilbert,CatBoost,1000,5,0.006768934069546685,0.05720470998332982,0.037864503291102636,0.006273797022922091,0.006273797022922091,0.002426970843647168,0.002426970843647168,0.0033843243817829856,0.0033843243817829856,0.004028364082784081,0.004028364082784081,0.058044125570881164,0.058044125570881164,0.04491414253843877,0.04491414253843877,0.047099714983307506,0.047099714983307506,0.05001932769754248,0.05001932769754248,0.03794205402688863,0.03794205402688863,0.02983357544698479,0.02983357544698479,0.03154583935165815,0.03154583935165815,0.03310715627517719,0.03310715627517719,0.09355206933347897
dilbert,ExtraTrees,1000,5,0.09519398378636033,0.43435934865632486,0.26130586933333994,0.09114614127484562,0.09114614127484562,0.09148410843475419,0.09148410843475419,0.09416628628033956,0.09416628628033956,0.09226551199664645,0.09226551199664645,0.42945997739748054,0.42945997739748054,0.42815331066564616,0.42815331066564616,0.43043997476414736,0.43043997476414736,0.42935108760909135,0.42935108760909135,0.25825048547904494,0.25825048547904494,0.2580316034363842,0.2580316034363842,0.2589822530820403,0.2589822530820403,0.2584214473324898,0.2584214473324898,0.10684572233246097
dilbert,LightGBM,1000,5,0.0015946964107772868,0.008826413437633185,0.0061703287815728135,0.0,-0.0019531289793378796,0.001460664361808392,0.001460664361808392,0.0,-0.0012970603225458304,0.0004868881206027973,-0.0005965083133584393,0.0,-0.0024611407847033675,0.006555489254992516,0.006555489254992516,0.0,-0.0008560141673288869,0.0021851630849975055,0.0010794447676534208,0.0,-0.001755719895840287,0.004822560623988083,0.004822560623988083,0.0,-0.000441472506690042,0.0016075202079960276,0.000875122740485918,0.075856888666749
dilbert,LinearModel,1000,5,0.005360481013518462,0.054880148030766254,0.03690731556565659,6.322179940737583e-06,6.322179940737583e-06,0.0032712880254236482,0.0032712880254236482,0.0,-0.004910401843450359,0.001092536735121462,-0.000544263879361991,0.042248011846915366,0.042248011846915366,0.045692808805882716,0.045692808805882716,0.0060399402238305346,0.0060399402238305346,0.031326920292209536,0.031326920292209536,0.02847768709835089,0.02847768709835089,0.028720109246811495,0.028720109246811495,0.0017696117066306233,0.0017696117066306233,0.019655802683931006,0.019655802683931006,0.12266654166645215
dilbert,NeuralNetFastAI,1000,5,0.0016958361242939964,0.015796541948625047,0.010726789312228608,0.0,-0.0003609645514898138,0.0,-0.0009622119261384082,0.0,-0.0004746385403079788,0.0,-0.0005992716726454003,0.01350333915145822,0.01350333915145822,0.002324019327307923,0.002324019327307923,0.0,-0.0016967204113396122,0.005275786159588715,0.004710212689142177,0.009365496040061651,0.009365496040061651,0.0006938231620848323,0.0006938231620848323,0.0,-0.0014716207876431643,0.003353106400715495,0.002862566138167773,0.09227512500001467
dilbert,NeuralNetTorch,1000,5,0.0008857990045916397,0.011333310200863344,0.0076297080427736004,0.0,-0.0019243764411787825,0.0,-0.0008973059806370226,0.0,-0.005618328833035709,0.0,-0.0028133370849505045,0.0,-0.007496617934669438,0.010497341983301205,0.010497341983301205,0.0,-0.001855715947279485,0.003499113994433735,0.00038166936711742723,0.0,-0.005169246516590936,0.007088320537475486,0.007088320537475486,0.0,-0.0019865576281158123,0.002362773512491829,-2.249453574375412e-05,0.08956127766577993
dilbert,RandomForest,1000,5,0.08775761837856237,0.4143578605870016,0.24826780347392377,0.08423299248190513,0.08423299248190513,0.08090120294389132,0.08090120294389132,0.0779672618219638,0.0779672618219638,0.08103381908258674,0.08103381908258674,0.4110533097162578,0.4110533097162578,0.40211330837753745,0.40211330837753745,0.3938666430785987,0.3938666430785987,0.402344420390798,0.402344420390798,0.24468505779670227,0.24468505779670227,0.2375984534969556,0.2375984534969556,0.23629141322172806,0.23629141322172806,0.239524974838462,0.239524974838462,0.13245040300049973
dilbert,XGBoost,1000,5,0.00403308495185275,0.025276598399295722,0.017093355434976275,0.003523400701697495,0.003523400701697495,0.0005114396446866515,0.0005114396446866515,0.0019613819322987216,0.0019613819322987216,0.001998740759560956,0.001998740759560956,0.025762969184146754,0.025762969184146754,0.02506574163822745,0.02506574163822745,0.019401896467157825,0.019401896467157825,0.02341020242984401,0.02341020242984401,0.017631796568127703,0.017631796568127703,0.016775815575048838,0.016775815575048838,0.013263339364727787,0.013263339364727787,0.015890317169301445,0.015890317169301445,0.09028944466626854
eye_movements,CatBoost,1094,3,0.0037163991318039605,0.07546711089333198,0.04833673877617085,0.0006666797427469793,0.0006666797427469793,0.0,-0.0006491751762930977,0.0003559980437312863,0.0003559980437312863,0.0003408925954927552,0.0001245008700617226,0.05576704760871434,0.05576704760871434,0.015264805879495387,0.015264805879495387,0.039074815714327873,0.039074815714327873,0.036702223067512536,0.036702223067512536,0.03263598780381728,0.03263598780381728,0.013968575458469145,0.013968575458469145,0.020329350760383932,0.020329350760383932,0.022311304674223455,0.022311304674223455,0.09401568033232859
eye_movements,ExtraTrees,1094,3,0.055897378930405625,0.34227167586414925,0.21421970184909883,0.047605873953411204,0.047605873953411204,0.047862363256166315,0.047862363256166315,0.059645774020502154,0.059645774020502154,0.051704670410026556,0.051704670410026556,0.3215844009645833,0.3215844009645833,0.31787324900772523,0.31787324900772523,0.34383302971647056,0.34383302971647056,0.3277635598962597,0.3277635598962597,0.19974524274932767,0.19974524274932767,0.19613324102086682,0.19613324102086682,0.21556317274018508,0.21556317274018508,0.20381388550345989,0.20381388550345989,0.08715069433310418
eye_movements,LightGBM,1094,3,0.005841663077177695,0.07581074108397917,0.049324813109072746,0.001615931416128324,0.001615931416128324,0.001601135638313227,0.001601135638313227,0.005198672909041418,0.005198672909041418,0.002805246654494323,0.002805246654494323,0.03227791506876103,0.03227791506876103,0.03725646187083813,0.03725646187083813,0.043258237415417566,0.043258237415417566,0.03759753811833891,0.03759753811833891,0.02210153236280478,0.02210153236280478,0.018154580678568497,0.018154580678568497,0.0273809571440304,0.0273809571440304,0.022545690061801224,0.022545690061801224,0.08482663900091818
eye_movements,LinearModel,1094,3,0.0011261930073775592,0.0448315109088387,0.028669159680653103,0.0,-0.00030481066993415603,0.0,-0.0035243423715808787,0.0,-0.0012895990401464265,0.0,-0.0017062506938871538,0.03232842702456874,0.03232842702456874,0.0,-0.033644604458562155,0.011923641895396905,0.011923641895396905,0.01475068963998855,0.0035358214871344974,0.023710133508024686,0.023710133508024686,0.0,-0.02973772710750937,0.0023183108850261753,0.0023183108850261753,0.008676148131016954,-0.00123642757148617,0.08353966666739628
eye_movements,NeuralNetFastAI,1094,3,0.0011465707948066098,0.04379902342003525,0.02846853574971935,0.0,-0.0014609420504113314,0.0,-0.0014843363789220955,0.0,-0.0017584782145477242,0.0,-0.0015679188812937172,0.040042450477489513,0.040042450477489513,0.012533415041720402,0.012533415041720402,0.014437395682091195,0.014437395682091195,0.022337753733767035,0.022337753733767035,0.024879393685764275,0.024879393685764275,0.010741111565475463,0.010741111565475463,0.016231447094657504,0.016231447094657504,0.017283984115299078,0.017283984115299078,0.08207537500008281
eye_movements,NeuralNetTorch,1094,3,0.0009938878526800905,0.040744909712089925,0.026307135922959978,0.0,-0.0007760164581165393,0.0,-0.0010655083070556111,0.0,-0.002229336866309006,0.0,-0.0013569538771603855,0.0,-0.028187019591508846,0.0,-0.0119191865852726,0.0,-0.018409373737770875,0.0,-0.019505193304850774,0.0,-0.01583310392916816,0.0,-0.007083030454334836,0.0,-0.012521513152837276,0.0,-0.011812549178780092,0.08353679166611983
eye_movements,RandomForest,1094,3,0.035587344924221095,0.27143115952180286,0.1704372527156682,0.022707119352188623,0.022707119352188623,0.03337256745553962,0.03337256745553962,0.03347314365739684,0.03347314365739684,0.029850943488375026,0.029850943488375026,0.21776355732920682,0.21776355732920682,0.2745703823079952,0.2745703823079952,0.2666666652992336,0.2666666652992336,0.25300020164547854,0.25300020164547854,0.14297782735770181,0.14297782735770181,0.17126364937304808,0.17126364937304808,0.16882018647217223,0.16882018647217223,0.16102055440097404,0.16102055440097404,0.0894725416668128
eye_movements,XGBoost,1094,3,0.0035569310619324498,0.06804768215616144,0.044865591409719234,0.00013669982689975649,0.00013669982689975649,0.0,-0.0006250323609901389,0.0005111439943536093,0.0005111439943536093,0.00021594794041778856,7.603820087742268e-06,0.04982730208809733,0.04982730208809733,0.035687767359136084,0.035687767359136084,0.0479765311173596,0.0479765311173596,0.04449720018819767,0.04449720018819767,0.03273465144420892,0.03273465144420892,0.027079926537804794,0.027079926537804794,0.031052597506171106,0.031052597506171106,0.030289058496061606,0.030289058496061606,0.08653118066649768
har,CatBoost,1030,6,0.00037319444735221547,0.006451468442696633,0.004458880951382337,0.0,-0.0019229326287427066,0.0014589453178395118,0.0014589453178395118,0.0,-0.0009709727636262082,0.0004863151059465039,-0.0004783200248431343,0.0024210747145701197,0.0024210747145701197,0.010136970443820049,0.010136970443820049,0.0,-0.0009707150927462845,0.004186015052796723,0.0038624433552146282,0.0016058288065543631,0.0016058288065543631,0.007136142531588956,0.007136142531588956,0.0,-0.0006137402756410442,0.002913990446047773,0.0027094103541674248,0.07640690266756185
har,ExtraTrees,1030,6,0.015735917290517005,0.11739919890353204,0.07797656828130108,0.014252123196945393,0.014252123196945393,0.010676575813942294,0.010676575813942294,0.012343127599704363,0.012343127599704363,0.012423942203530684,0.012423942203530684,0.11471169021206629,0.11471169021206629,0.10849809800220402,0.10849809800220402,0.11457576743290897,0.11457576743290897,0.11259518521572642,0.11259518521572642,0.0759588384194798,0.0759588384194798,0.07143687193018396,0.07143687193018396,0.07613164746274129,0.07613164746274129,0.07450911927080169,0.07450911927080169,0.10130781966654467
har,LightGBM,1030,6,0.00019556857347271855,0.002254383812832186,0.0015807799502644227,0.0,-0.000981281640928308,0.0,-0.0008380952167326554,0.0,-0.0010639557329700786,0.0,-0.0009611108635436807,0.0003975155200019797,0.0003975155200019797,0.0,-0.005120645744419706,0.0,-0.005697617269656222,0.00013250517333399323,-0.003473582498024649,0.0001456500291380585,0.0001456500291380585,0.0,-0.0036146429467670375,0.0,-0.004025326608069073,4.855000971268616e-05,-0.0024981065085660174,0.07325437500063951
har,LinearModel,1030,6,0.0006046009667587552,0.008452800110451268,0.0058032318134575754,0.0,-0.0005694714445682572,0.0,-0.000742252919283941,0.0,-0.0011680825444848558,0.0,-0.0008266023027790181,0.0,-0.011396243474234097,0.0,-0.00258267827935973,0.0,-0.004325318151692814,0.0,-0.006101413301762213,0.0,-0.007467094829545523,0.0,-0.0013516659583938618,0.0,-0.003056205766988787,0.0,-0.003958322184976058,0.09589634733371592
har,NeuralNetFastAI,1030,6,0.0003859163907120546,0.006321720879705512,0.004401765273041188,0.0,-0.0005560803892334037,0.0,-0.0004136350120872129,0.0,-0.0019693270340934584,0.0,-0.0009796808118046915,0.0,-0.014351639646984962,0.0,-0.0017876491596699547,0.0,-0.0027463240143672254,0.0,-0.0062952042736740465,0.0,-0.009939462450982475,0.0,-0.001275697855879159,0.0,-0.0025638146994446313,0.0,-0.004592991668768755,0.0827635973340269
har,NeuralNetTorch,1030,6,0.0008073825759216715,0.005864917398892599,0.003994639166006553,0.0,-0.0006634410337319938,0.0,-0.0008594802727514401,0.0,-0.0014007349488280132,0.0,-0.0009745520851038157,0.0,-0.0028958943944266177,0.0,-0.008541605089283415,0.0,-0.006694920688484757,0.0,-0.006044140057398263,0.0,-0.0022121402017034955,0.0,-0.006068261833311251,0.0,-0.004864426226990766,0.0,-0.004381609420668504,0.0813708613338046
har,RandomForest,1030,6,0.011370120150426079,0.09355980633329027,0.06232128888330894,0.01058153687748638,0.01058153687748638,0.015128364757723878,0.015128364757723878,0.00834474390180117,0.00834474390180117,0.011351548512337143,0.011351548512337143,0.09229738491885357,0.09229738491885357,0.10566955266122166,0.10566955266122166,0.09051744896863914,0.09051744896863914,0.09616146218290478,0.09616146218290478,0.060910598272677426,0.060910598272677426,0.07026804110178257,0.07026804110178257,0.05956968166222424,0.05956968166222424,0.06358277367889474,0.06358277367889474,0.1081047636665365
har,XGBoost,1030,6,0.0009549393943845829,0.00684254242923025,0.004690445261291344,0.0,-0.0010227283157114844,0.0,-0.00016622796418904384,0.0,-0.0007100095901963489,0.0,-0.0006329886233656257,0.0043787807597038325,0.0043787807597038325,0.004521650023182513,0.004521650023182513,0.0,-0.002470727282425131,0.002966810260962115,0.0021432345001537382,0.0030182204908387024,0.0030182204908387024,0.0030680556952004294,0.0030680556952004294,0.0,-0.0020495744596115933,0.0020287587286797106,0.0013455672421425126,0.07339140266655401
jungle_chess_2pcs_raw_endgame_complete,CatBoost,4482,3,0.014053593135053522,0.09274645296755835,0.06318432413293248,0.0,-0.0011683659363449438,0.0,-0.0011993617763835143,0.0,-0.0015540493278165277,0.0,-0.0013072590135149952,0.0,-0.024588465334934966,0.0023379176712003758,0.0023379176712003758,0.0,-0.015461649688335933,0.0007793058904001253,-0.012570732450690174,0.0,-0.016074381872789926,0.0004148281541455958,0.0004148281541455958,0.0,-0.0108111414199347,0.00013827605138186526,-0.008823565046193011,0.12197551366625703
jungle_chess_2pcs_raw_endgame_complete,ExtraTrees,4482,3,0.02477702401391262,0.13856622358869608,0.09359703946457414,0.0,-0.0019902483582414933,0.0,-0.0016786129923784,0.0,-0.0028274599275883217,0.0,-0.002165440426069405,0.017019010921985114,0.017019010921985114,0.015423648214155677,0.015423648214155677,0.016525567784527715,0.016525567784527715,0.0163227423068895,0.0163227423068895,0.01121754469316424,0.01121754469316424,0.009333317271517812,0.009333317271517812,0.01047754581123444,0.01047754581123444,0.010342802591972164,0.010342802591972164,0.11909088899968386
jungle_chess_2pcs_raw_endgame_complete,LightGBM,4482,3,0.016859088776100244,0.09285671953337173,0.0635104550308488,0.0,-4.811138946230964e-05,0.0,-0.0005665904947864884,0.0,-0.00011054005931894595,0.0,-0.00024174731452258132,0.016820917447035573,0.016820917447035573,0.009235748912530182,0.009235748912530182,0.002230697039155039,0.002230697039155039,0.009429121132906932,0.009429121132906932,0.012695096863005979,0.012695096863005979,0.0063056575703106426,0.0063056575703106426,0.0011547243664155864,0.0011547243664155864,0.006718492933244069,0.006718492933244069,0.12946119433399872
jungle_chess_2pcs_raw_endgame_complete,LinearModel,4482,3,0.11610840456994556,0.42814959801618524,0.27470267340852383,0.002238220275280579,0.002238220275280579,0.0023553934503671298,0.0023553934503671298,0.0018573600562961673,0.0018573600562961673,0.002150324593981292,0.002150324593981292,0.07505579935598725,0.07505579935598725,0.06934378517684409,0.06934378517684409,0.057220931038998536,0.057220931038998536,0.06720683852394328,0.06720683852394328,0.04900287028292355,0.04900287028292355,0.05020085261727804,0.05020085261727804,0.03864150617417642,0.03864150617417642,0.04594840969145934,0.04594840969145934,0.16342027766586398
jungle_chess_2pcs_raw_endgame_complete,NeuralNetFastAI,4482,3,0.00935107167297175,0.0721255790669106,0.04907181622293344,0.003298582796991176,0.003298582796991176,0.0029705169431718443,0.0029705169431718443,0.00366115675666227,0.00366115675666227,0.0033100854989417637,0.0033100854989417637,0.04602907019661731,0.04602907019661731,0.04860730286473899,0.04860730286473899,0.04869614534141562,0.04869614534141562,0.047777506134257304,0.047777506134257304,0.03176788255193691,0.03176788255193691,0.032184625492419246,0.032184625492419246,0.032924555057881034,0.032924555057881034,0.032292354367412394,0.032292354367412394,0.12446301366677896
jungle_chess_2pcs_raw_endgame_complete,NeuralNetTorch,4482,3,0.002369854162133053,0.02839485734710651,0.019691403749758984,0.0010723978846074963,0.0010723978846074963,0.0018573008780042395,0.0018573008780042395,0.0017934543808884541,0.0017934543808884541,0.00157438438116673,0.00157438438116673,0.024241015373697036,0.024241015373697036,0.030605200766799134,0.030605200766799134,0.028204460275352797,0.028204460275352797,0.02768355880528299,0.02768355880528299,0.016828039627084335,0.016828039627084335,0.021443572664864827,0.021443572664864827,0.01929123469147664,0.01929123469147664,0.019187615661141934,0.019187615661141934,0.1355835833334519
jungle_chess_2pcs_raw_endgame_complete,RandomForest,4482,3,0.033928298006243196,0.1505593480139543,0.10211244562663135,0.0,-0.002712509606784139,0.0,-0.0020104539481544887,0.0,-0.0031920813425215574,0.0,-0.002638348299153395,0.0,-0.018647395672643004,0.0,-0.015656045586119938,0.0,-0.01384935399439334,0.0,-0.016050931751052096,0.0,-0.01188153742104333,0.0,-0.010050675680846083,0.0,-0.012150747987675735,0.0,-0.01136098702985505,0.11594234733396054
jungle_chess_2pcs_raw_endgame_complete,XGBoost,4482,3,0.011852408751123665,0.0765725738494498,0.05235663752289446,1.7150243419240006e-05,1.7150243419240006e-05,0.0,-0.0006559019897672012,0.00031897885333944954,0.00031897885333944954,0.00011204303225289652,-0.00010659096433617055,0.0077955047638067956,0.0077955047638067956,0.0,-0.0004585456452641531,0.005863449982233326,0.005863449982233326,0.004552984915346707,0.004400136366925322,0.004407759499419471,0.004407759499419471,0.0,-0.0017691588309813946,0.002768901820542733,0.002768901820542733,0.002392220439987401,0.0018025008296602696,0.12326272233379616
kr-vs-k,CatBoost,2806,18,0.017727234665061327,0.12664787202856947,0.07759071657830326,0.0028173473554441047,0.0028173473554441047,0.0009001787615592428,0.0009001787615592428,0.004437214063850153,0.004437214063850153,0.0027182467269511665,0.0027182467269511665,0.060161891947089645,0.060161891947089645,0.038545948517159846,0.038545948517159846,0.06728242357731862,0.06728242357731862,0.055330088013856034,0.055330088013856034,0.03852590354443539,0.03852590354443539,0.02591772735688391,0.02591772735688391,0.04103826180770031,0.04103826180770031,0.035160630903006536,0.035160630903006536,0.5888939720001266
kr-vs-k,ExtraTrees,2806,18,0.06593518683976486,0.3643259643572245,0.21830506672921993,0.044786211632880046,0.044786211632880046,0.05082257669060524,0.05082257669060524,0.043522452698677154,0.043522452698677154,0.04637708034072082,0.04637708034072082,0.3115555059093329,0.3115555059093329,0.3314343512974872,0.3314343512974872,0.3006337735853336,0.3006337735853336,0.31454121026405124,0.31454121026405124,0.18833031687794893,0.18833031687794893,0.20113631453650607,0.20113631453650607,0.1834217246294919,0.1834217246294919,0.1909627853479823,0.1909627853479823,0.6103063886669892
kr-vs-k,LightGBM,2806,18,0.01440574355817309,0.11532960489681163,0.07138344647104054,0.00223532322773285,0.00223532322773285,0.0017608548748772781,0.0017608548748772781,0.0024923285576960072,0.0024923285576960072,0.002162835553435379,0.002162835553435379,0.05630515269609488,0.05630515269609488,0.056834814509707274,0.056834814509707274,0.07483569550924506,0.07483569550924506,0.06265855423834908,0.06265855423834908,0.035651872266991375,0.035651872266991375,0.03349442043865533,0.03349442043865533,0.04271089992101757,0.04271089992101757,0.03728573087555476,0.03728573087555476,0.5977914166663444
kr-vs-k,LinearModel,2806,18,0.23880313640288536,0.9491692221783756,0.4667404548334447,0.003712817472042769,0.003712817472042769,0.006187285805644491,0.006187285805644491,0.004110506553862193,0.004110506553862193,0.00467020327718315,0.00467020327718315,0.1444648259577576,0.1444648259577576,0.2178672799441576,0.2178672799441576,0.1490423097786136,0.1490423097786136,0.1704581385601763,0.1704581385601763,0.06264577504220464,0.06264577504220464,0.07837290523739046,0.07837290523739046,0.06743354716767966,0.06743354716767966,0.06948407581575826,0.06948407581575826,0.5981785833343262
kr-vs-k,NeuralNetFastAI,2806,18,0.013404493903373947,0.1407707950280061,0.08572838795128905,0.003304714278095581,0.003304714278095581,0.005862371624648617,0.005862371624648617,0.005459421204503226,0.005459421204503226,0.004875502369082474,0.004875502369082474,0.09236279172219597,0.09236279172219597,0.09792109430194708,0.09792109430194708,0.0965313731691617,0.0965313731691617,0.09560508639776825,0.09560508639776825,0.05693540786465522,0.05693540786465522,0.061490233216841224,0.061490233216841224,0.0618537202485963,0.0618537202485963,0.060093120443364255,0.060093120443364255,0.6053655833335748
kr-vs-k,NeuralNetTorch,2806,18,0.006359229346340811,0.07742093778052392,0.048924817231977634,0.0,-0.0002236308433754287,0.0015681701298192938,0.0015681701298192938,0.0003569587289076131,0.0003569587289076131,0.0006417096195756356,0.0005671660051171593,0.037844174825410234,0.037844174825410234,0.04169621424969973,0.04169621424969973,0.04238126873609029,0.04238126873609029,0.04064055260373342,0.04064055260373342,0.024751284608304322,0.024751284608304322,0.027500983116059644,0.027500983116059644,0.029210530418436374,0.029210530418436374,0.02715426604760011,0.02715426604760011,0.5172873333334186
kr-vs-k,RandomForest,2806,18,0.02169736621852782,0.17857466341067385,0.10711758231613076,0.0050439552240189945,0.0050439552240189945,0.0074940174921502315,0.0074940174921502315,0.006614372154419764,0.006614372154419764,0.0063841149568629975,0.0063841149568629975,0.10632331713395964,0.10632331713395964,0.1105713793485328,0.1105713793485328,0.1006426083635458,0.1006426083635458,0.10584576828201275,0.10584576828201275,0.0634636868160531,0.0634636868160531,0.06404212734881964,0.06404212734881964,0.06099623854134545,0.06099623854134545,0.0628340175687394,0.0628340175687394,0.6410555833329757
kr-vs-k,XGBoost,2806,18,0.014674091398866001,0.1066449462884519,0.06508625065742753,0.0014551726650260668,0.0014551726650260668,0.00024849235440177323,0.00024849235440177323,0.0016737906719051607,0.0016737906719051607,0.001125818563777667,0.001125818563777667,0.04478009356897059,0.04478009356897059,0.02730349698887586,0.02730349698887586,0.03496201539925707,0.03496201539925707,0.03568186865236784,0.03568186865236784,0.029306531950694444,0.029306531950694444,0.015957004104063467,0.015957004104063467,0.018904512901690707,0.018904512901690707,0.02138934965214954,0.02138934965214954,0.5389747223331748
letter,CatBoost,2000,26,0.004255993064831611,0.030009713116450367,0.018116286048094232,0.0,-0.0029898538957246223,0.0,-0.0008217383236193917,0.0,-0.0019775384613666407,0.0,-0.0019297102269035516,8.87023910166782e-05,8.87023910166782e-05,0.005036552357968841,0.005036552357968841,0.0,-0.003667063664014339,0.0017084182496618396,0.0004860636949903932,0.0,-0.0015373666531067855,0.003226508484085119,0.003226508484085119,0.0,-0.002412115752606701,0.001075502828028373,-0.00024099130720945587,0.312323027667541
letter,ExtraTrees,2000,26,0.04569687883237064,0.252579925875248,0.134223285350043,0.040095698732344254,0.040095698732344254,0.04020873754083233,0.04020873754083233,0.04017688180694177,0.04017688180694177,0.040160439360039456,0.040160439360039456,0.24440847000299457,0.24440847000299457,0.24514846405765475,0.24514846405765475,0.24412846921017828,0.24412846921017828,0.24456180109027584,0.24456180109027584,0.12822680883219645,0.12822680883219645,0.12904684855100818,0.12904684855100818,0.1291608206822894,0.1291608206822894,0.128811492688498,0.128811492688498,0.4125494166667825
letter,LightGBM,2000,26,0.004864167170994022,0.03088577657915298,0.01836893509874046,0.0,-0.001626801433467011,0.0,-0.0011122133967354877,0.0,-0.0005158470407348512,0.0,-0.0010849539569791164,0.007021535033418818,0.007021535033418818,0.0,-0.003532694270178549,0.007663509837183742,0.007663509837183742,0.00489501495686752,0.003717450200141337,0.0034312545401382487,0.0034312545401382487,0.0,-0.002225357699928574,0.0032538923255660337,0.0032538923255660337,0.002228382288568094,0.0014865963885919025,0.30878576400088303
letter,LinearModel,2000,26,0.2451456296516359,0.6127896410528776,0.3573688235815555,0.0027859584929941237,0.0027859584929941237,0.0017502092624826168,0.0017502092624826168,0.003041715793292663,0.003041715793292663,0.0025259611829231347,0.0025259611829231347,0.07260761170042379,0.07260761170042379,0.06768256453260366,0.06768256453260366,0.08749416836092196,0.08749416836092196,0.0759281148646498,0.0759281148646498,0.04348642784498894,0.04348642784498894,0.03684673473607782,0.03684673473607782,0.04794654715891222,0.04794654715891222,0.04275990324665966,0.04275990324665966,0.7057722779997372
letter,NeuralNetFastAI,2000,26,0.004284066129532922,0.021328517797897243,0.013437596428232097,0.0,-0.0011078614763468699,0.0,-0.0021621049913148824,0.0,-0.0011421706049193686,0.0,-0.0014707123575270402,0.0,-0.0041418983158232475,0.0,-0.006306439105157089,0.0047622119280845325,0.0047622119280845325,0.0015874039760281776,-0.0018953751642986011,0.0,-0.003572933250959599,0.0,-0.0036950340024449187,0.0029422056515831336,0.0029422056515831336,0.0009807352171943779,-0.0014419205339404615,0.3119996666670583
letter,NeuralNetTorch,2000,26,0.0034953380019756676,0.02367170557723264,0.01501904269494205,0.0,-0.002707772336625121,0.0,-0.0020988450130690318,0.0,-0.0033529174184177553,0.0,-0.0027198449227039696,0.0,-0.009107841616809456,0.0,-0.00410097746020816,0.0,-0.007912218117275334,0.0,-0.007040345731430984,0.0,-0.005891960316164175,0.0,-0.0039074195219046155,0.0,-0.0049297632451084155,0.0,-0.004909714361059068,0.35008726399973966
letter,RandomForest,2000,26,0.026978864787004578,0.18370833400608522,0.09686202909193208,0.017658214104694408,0.017658214104694408,0.01564977860236866,0.01564977860236866,0.019797857477118142,0.019797857477118142,0.017701950061393735,0.017701950061393735,0.16052124080375577,0.16052124080375577,0.1474912326129786,0.1474912326129786,0.16240124536712464,0.16240124536712464,0.156804572927953,0.156804572927953,0.0826878660004822,0.0826878660004822,0.07677676801828034,0.07677676801828034,0.08620600516151987,0.08620600516151987,0.08189021306009414,0.08189021306009414,0.4596680696668045
letter,XGBoost,2000,26,0.006121085134006654,0.03784884802008972,0.02257626849232951,0.0,-0.0015675427493699178,0.0,-0.0008286755763068396,0.0,-0.0008179739698406898,0.0,-0.0010713974318391493,0.013353681097241828,0.013353681097241828,0.000902788764478796,0.000902788764478796,0.009679508610044163,0.009679508610044163,0.007978659490588262,0.007978659490588262,0.007547115342133091,0.007547115342133091,0.0008373043745646877,0.0008373043745646877,0.00476898192090125,0.00476898192090125,0.004384467212533009,0.004384467212533009,0.32231115266646765
microaggregation2,CatBoost,2000,5,0.004425955362764038,0.08578353211622221,0.050220108882334545,0.0,-0.0001806513390384898,0.0,-0.0008430353895784603,0.00041883521754828754,0.00041883521754828754,0.00013961173918276251,-0.00020161717035622087,0.03703844049663735,0.03703844049663735,0.01219008355853498,0.01219008355853498,0.022459001769075483,0.022459001769075483,0.023895841941415936,0.023895841941415936,0.01577791736483482,0.01577791736483482,0.006531714231276675,0.006531714231276675,0.01795696790455923,0.01795696790455923,0.013422199833556909,0.013422199833556909,0.1384047776676501
microaggregation2,ExtraTrees,2000,5,0.010000650302604941,0.12777668303769396,0.07484334518319721,0.004691145625096812,0.004691145625096812,0.0045220853584820005,0.0045220853584820005,0.005779695605709709,0.005779695605709709,0.004997642196429507,0.004997642196429507,0.09106379838940201,0.09106379838940201,0.0661261374825889,0.0661261374825889,0.07671752013605591,0.07671752013605591,0.07796915200268228,0.07796915200268228,0.0500658451676398,0.0500658451676398,0.039953235259137174,0.039953235259137174,0.04999829645437624,0.04999829645437624,0.04667245896038441,0.04667245896038441,0.17465690300014103
microaggregation2,LightGBM,2000,5,0.003319752467302851,0.07705375825406736,0.0450185433993776,0.0,-0.00018840810462691527,0.0,-0.0010193913890829372,0.0,-0.0005660692932433175,0.0,-0.0005912895956510567,0.029407251687152892,0.029407251687152892,0.0,-0.0018278768737509381,0.0,-0.011135475744216819,0.009802417229050965,0.005481299689728378,0.018856037529991525,0.018856037529991525,0.002255501633740563,0.002255501633740563,0.0,-0.0011990532265406166,0.00703717972124403,0.006637495312397157,0.1642536943339413
microaggregation2,LinearModel,2000,5,0.011341261062655306,0.14099309564804108,0.08335649605058382,0.0,-0.001382920641396602,0.0,-0.0013289726289114373,0.0,-0.00035470814273417134,0.0,-0.0010222004710140702,0.0137428374504697,0.0137428374504697,0.03083384911879231,0.03083384911879231,0.044223707941319766,0.044223707941319766,0.02960013150352726,0.02960013150352726,0.0045471205165130936,0.0045471205165130936,0.01633616069338961,0.01633616069338961,0.02585075655966299,0.02585075655966299,0.015578012589855231,0.015578012589855231,0.15910611133343386
microaggregation2,NeuralNetFastAI,2000,5,0.003121442640177399,0.08193230338565359,0.04764301956249478,0.0012472848919512056,0.0012472848919512056,0.00044189277016324854,0.00044189277016324854,0.000589526371145912,0.000589526371145912,0.0007595680110867887,0.0007595680110867887,0.06252408745566305,0.06252408745566305,0.04797184253849724,0.04797184253849724,0.023595750403747902,0.023595750403747902,0.044697226799302735,0.044697226799302735,0.0406729624741876,0.0406729624741876,0.02672248888558736,0.02672248888558736,0.013889261780903129,0.013889261780903129,0.02709490438022603,0.02709490438022603,0.15677088866747604
microaggregation2,NeuralNetTorch,2000,5,0.0016520063104879963,0.05739776427959413,0.03362307334066176,0.0,-0.00015873442804627402,0.0,-0.0005416602384643978,0.0013637891113205355,0.0013637891113205355,0.0004545963704401785,0.0002211314816032879,0.024708072049652117,0.024708072049652117,0.01976820253489831,0.01976820253489831,0.050361120759945775,0.050361120759945775,0.03161246511483207,0.03161246511483207,0.017969999469944695,0.017969999469944695,0.01515548461435841,0.01515548461435841,0.02905467333546276,0.02905467333546276,0.020726719139921954,0.020726719139921954,0.15331843066572523
microaggregation2,RandomForest,2000,5,0.0058309911781329335,0.1038339177731687,0.05971669806879386,0.002370682305080263,0.002370682305080263,0.0008549240867630043,0.0008549240867630043,0.002078488307171149,0.002078488307171149,0.0017680315663381387,0.0017680315663381387,0.07002403158505699,0.07002403158505699,0.06742848632282772,0.06742848632282772,0.051545002382892606,0.051545002382892606,0.06299917343025911,0.06299917343025911,0.04618204095920151,0.04618204095920151,0.03193947383207783,0.03193947383207783,0.02288233811379179,0.02288233811379179,0.03366795096835704,0.03366795096835704,0.1573801526671256
microaggregation2,XGBoost,2000,5,0.0038146678912859464,0.0800837735512523,0.04695139756457209,0.0,-0.00045313400203153965,0.0,-0.00025792332584649634,0.0,-8.649449744525306e-05,0.0,-0.00026585060844109637,0.018498534845577525,0.018498534845577525,0.0016791162182598783,0.0016791162182598783,0.03007254617364015,0.03007254617364015,0.01675006574582585,0.01675006574582585,0.013110833141075971,0.013110833141075971,0.0033848559037261802,0.0033848559037261802,0.01306201418863084,0.01306201418863084,0.009852567744477665,0.009852567744477665,0.1559462083338682
okcupid-stem,CatBoost,5079,3,0.0006773200133498716,0.03547505773984919,0.02267946124658855,0.0,-0.0008760045880040854,0.0,-0.00035218085984205856,0.0003789966244835773,0.0003789966244835773,0.00012633220816119243,-0.00028306294112085556,0.0005217264725041043,0.0005217264725041043,0.01470127958092514,0.01470127958092514,0.03763178273191895,0.03763178273191895,0.0176182629284494,0.0176182629284494,0.0011101216588791192,0.0011101216588791192,0.008631556633418625,0.008631556633418625,0.024486268035413226,0.024486268035413226,0.011409315442570324,0.011409315442570324,0.1252334026673149
okcupid-stem,ExtraTrees,5079,3,0.0022979966425398482,0.06543713169999368,0.04181035076587999,0.00133301569819636,0.00133301569819636,0.002129538185484116,0.002129538185484116,0.0011274084471662423,0.0011274084471662423,0.001529987443615573,0.001529987443615573,0.061142881920804464,0.061142881920804464,0.06424591941412586,0.06424591941412586,0.05444883005514931,0.05444883005514931,0.05994587713002655,0.05994587713002655,0.035623239441524276,0.035623239441524276,0.040398200273012934,0.040398200273012934,0.03432717404511635,0.03432717404511635,0.03678287125321785,0.03678287125321785,0.11425301366640876
okcupid-stem,LightGBM,5079,3,0.0006449197534057724,0.03569265388903637,0.022585002648695538,0.0,-0.0007777139897264848,0.0,-0.00045887738582109074,0.0,-0.0003664044900217081,0.0,-0.0005343319551897612,0.007750821105917088,0.007750821105917088,0.00913431927613378,0.00913431927613378,0.02090755498623426,0.02090755498623426,0.012597565122761709,0.012597565122761709,0.00486713021578647,0.00486713021578647,0.004737323404181149,0.004737323404181149,0.012476458390311146,0.012476458390311146,0.007360304003426255,0.007360304003426255,0.13086613899940858
okcupid-stem,LinearModel,5079,3,0.001358977139256274,0.04035455534302769,0.02618270766430311,0.0,-0.00038273028636350443,0.0005199860625925355,0.0005199860625925355,0.0,-0.00048567041958943633,0.00017332868753084515,-0.00011613821445346843,0.011353631341678565,0.011353631341678565,0.03319906903467435,0.03319906903467435,0.01512574893382152,0.01512574893382152,0.019892816436724813,0.019892816436724813,0.007138945900665289,0.007138945900665289,0.02116226176851599,0.02116226176851599,0.005542036089434054,0.005542036089434054,0.011281081252871777,0.011281081252871777,0.12735355566716558
okcupid-stem,NeuralNetFastAI,5079,3,0.001179730633992059,0.04591331654999272,0.029523740693720043,0.0,-0.0003205214887603265,0.00013859789047127643,0.00013859789047127643,0.0006949503750170347,0.0006949503750170347,0.00027784942182943704,0.0001710089255759949,0.02335480495217432,0.02335480495217432,0.030308607140294153,0.030308607140294153,0.04975198171466515,0.04975198171466515,0.03447179793571121,0.03447179793571121,0.012578482136870016,0.012578482136870016,0.019465892103292075,0.019465892103292075,0.03023424028259041,0.03023424028259041,0.020759538174250834,0.020759538174250834,0.13124726366610653
okcupid-stem,NeuralNetTorch,5079,3,0.0020729826977929004,0.05774367545739686,0.03707143061087514,0.00011998030018018042,0.00011998030018018042,0.0005103461004600181,0.0005103461004600181,0.0010821042259139874,0.0010821042259139874,0.0005708102088513952,0.0005708102088513952,0.03524372007740316,0.03524372007740316,0.03725360754058731,0.03725360754058731,0.054812791683102054,0.054812791683102054,0.042436706433697506,0.042436706433697506,0.020954435141900936,0.020954435141900936,0.021517369388203995,0.021517369388203995,0.03346671669448867,0.03346671669448867,0.025312840408197868,0.025312840408197868,0.1258455556659707
okcupid-stem,RandomForest,5079,3,0.0020301497117508694,0.061505937764924634,0.03945848306873523,0.0007210438785081169,0.0007210438785081169,0.0012581946427796464,0.0012581946427796464,0.001394063302152904,0.001394063302152904,0.0011244339411468891,0.0011244339411468891,0.05498633717583951,0.05498633717583951,0.05626504168152132,0.05626504168152132,0.06353128301247753,0.06353128301247753,0.05826088728994613,0.05826088728994613,0.034417060525589585,0.034417060525589585,0.0341906737112434,0.0341906737112434,0.04108143209582374,0.04108143209582374,0.03656305544421891,0.03656305544421891,0.1334214583330322
okcupid-stem,XGBoost,5079,3,0.0014007333529837168,0.0488280841886681,0.03136542399400592,0.0,-0.0005431222274951327,0.0,-0.00029143304355968425,0.0008778905388747351,0.0008778905388747351,0.0002926301796249117,1.4445089273306061e-05,0.02071921421912834,0.02071921421912834,0.017152697288730666,0.017152697288730666,0.04085007424628225,0.04085007424628225,0.026240661918047085,0.026240661918047085,0.011085912620294701,0.011085912620294701,0.013064125436430042,0.013064125436430042,0.02767311374627558,0.02767311374627558,0.017274383934333438,0.017274383934333438,0.1338999999995091
pendigits,CatBoost,1100,10,0.0021217200569293845,0.00843620447921628,0.005489822254747607,0.0,-0.00021183783819102251,0.0,-0.0018773814930505357,0.0,-0.0011542824699751254,0.0,-0.001081167267072228,0.0026812645923301143,0.0026812645923301143,0.0,-0.0033987551378495146,0.0,-0.0034683607100271146,0.000893754864110038,-0.0013952837518488384,0.0004420529158832724,0.0004420529158832724,0.0,-0.0025080519766170818,0.0,-0.003624145443510684,0.0001473509719610908,-0.0018967148347481643,0.07201944433351552
pendigits,ExtraTrees,1100,10,0.011400755688328953,0.08582264977754735,0.05268470172058738,0.009238253227432647,0.009238253227432647,0.010468331233699687,0.010468331233699687,0.010979602472832303,0.010979602472832303,0.010228728977988212,0.010228728977988212,0.08494478624112908,0.08494478624112908,0.086047814543972,0.086047814543972,0.0863205427757922,0.0863205427757922,0.0857710478536311,0.0857710478536311,0.052832700479344526,0.052832700479344526,0.05275443920020883,0.05275443920020883,0.0519744472693802,0.0519744472693802,0.05252052898297785,0.05252052898297785,0.08492176400007641
pendigits,LightGBM,1100,10,0.0012981148343873994,0.007797327829163665,0.005032290909330896,0.0,-0.0009433962610545715,0.0010129445577588185,0.0010129445577588185,8.045913252667323e-05,8.045913252667323e-05,0.0003644678967618306,5.0002476410306746e-05,0.0,-0.002717708466549311,0.0009141157063385724,0.0009141157063385724,0.0012133725991656196,0.0012133725991656196,0.0007091627685013973,-0.00019674005368170637,0.0,-0.001455636748140724,0.0006968434952931623,0.0006968434952931623,0.0006269703273442329,0.0006269703273442329,0.0004412712742124651,-4.3940975167776264e-05,0.07494608333339177
pendigits,LinearModel,1100,10,0.033344671098264576,0.10581121269928132,0.06990742182890308,0.0,-0.0007856042243659617,0.0,-0.0015687455108865985,0.0,-0.0002661855691437167,0.0,-0.0008735117681320922,0.02125399261575494,0.02125399261575494,0.003628656419443672,0.003628656419443672,0.025382074664991604,0.025382074664991604,0.016754907900063405,0.016754907900063405,0.012321046749757486,0.012321046749757486,0.0,-0.0007230240738877601,0.015253883352837378,0.015253883352837378,0.00919164336753162,0.008950635342902368,0.173374860999805
pendigits,NeuralNetFastAI,1100,10,0.0005824192086093986,0.004819607202697482,0.0030233000243000273,0.0,-0.00020548244183887302,0.0005462093839613476,0.0005462093839613476,0.0,-0.00016673811377358928,0.00018206979465378254,5.799627611629511e-05,0.0,-0.002684291754739735,0.002986324380204563,0.002986324380204563,0.0,-0.0012760933764097808,0.0009954414600681877,-0.00032468691698165085,0.0,-0.0011192388656073322,0.0023869764747712096,0.0023869764747712096,0.0,-0.001137127907419608,0.0007956588249237365,4.353656724808984e-05,0.07763331966755989
pendigits,NeuralNetTorch,1100,10,0.0009422258784420211,0.0061325000013990405,0.0038578228456889797,0.0,-0.00025357885751146403,0.0,-0.00045286102719644127,0.00010844922766860282,0.00010844922766860282,3.614974255620094e-05,-0.00019933021901310087,0.001267630669480149,0.001267630669480149,0.001157100984813446,0.001157100984813446,0.0010246055085378588,0.0010246055085378588,0.0011497790542771512,0.0011497790542771512,0.000623148255924331,0.000623148255924331,0.0001684763307814356,0.0001684763307814356,0.000707590153526916,0.000707590153526916,0.0004997382467442276,0.0004997382467442276,0.08579863866665012
pendigits,RandomForest,1100,10,0.010761446285082068,0.07444501663534343,0.04540471551469003,0.0072182037098181195,0.0072182037098181195,0.006763493506761465,0.006763493506761465,0.007675402606133368,0.007675402606133368,0.0072190332742376505,0.0072190332742376505,0.06826569082165355,0.06826569082165355,0.061477812479003406,0.061477812479003406,0.07302327278443407,0.07302327278443407,0.06758892536169701,0.06758892536169701,0.040818678197901706,0.040818678197901706,0.03718203010851267,0.03718203010851267,0.04411168911049441,0.04411168911049441,0.04070413247230292,0.04070413247230292,0.10129181933249735
pendigits,XGBoost,1100,10,0.0025062337204737146,0.011829058665083984,0.007640731205749373,0.001403893580883863,0.001403893580883863,0.0013903165357584018,0.0013903165357584018,0.0006597587354072312,0.0006597587354072312,0.0011513229506831652,0.0011513229506831652,0.010085808600458521,0.010085808600458521,0.008531822043465137,0.008531822043465137,0.00027204812616802925,0.00027204812616802925,0.006296559590030563,0.006296559590030563,0.00794990791442233,0.00794990791442233,0.00521392493584623,0.00521392493584623,0.00178242153201319,0.00178242153201319,0.004982084794093917,0.004982084794093917,0.10046995833302692
robert,CatBoost,1000,10,0.017624948294056503,0.2383850026162454,0.12209890408003464,0.014047513210419372,0.014047513210419372,0.010744348701245982,0.010744348701245982,0.013493458391221541,0.013493458391221541,0.012761773434295631,0.012761773434295631,0.19822465715884574,0.19822465715884574,0.20084646929807604,0.20084646929807604,0.20300772733507438,0.20300772733507438,0.2006929512639987,0.2006929512639987,0.10912689389062229,0.10912689389062229,0.1012418510263435,0.1012418510263435,0.10800530113407035,0.10800530113407035,0.10612468201701204,0.10612468201701204,0.16322729166737796
robert,ExtraTrees,1000,10,0.0680658098179553,0.4998728279425654,0.237385178014579,0.059364820694548286,0.059364820694548286,0.05030555642262381,0.05030555642262381,0.057901740819760884,0.057901740819760884,0.055857372645644325,0.055857372645644325,0.4733103356664164,0.4733103356664164,0.4022535931547267,0.4022535931547267,0.4667394792963845,0.4667394792963845,0.4474344693725092,0.4474344693725092,0.22190073344550998,0.22190073344550998,0.20485139368213634,0.20485139368213634,0.2139072831219077,0.2139072831219077,0.21355313674985132,0.21355313674985132,0.16133877800045107
robert,LightGBM,1000,10,0.007535427270837726,0.1515053119553022,0.07433105159940193,0.0,-0.00412048286885218,0.0,-4.500904244323278e-05,0.0,-0.005417533335374651,0.0,-0.0031943417488900215,0.03353492605605515,0.03353492605605515,0.06631096976967182,0.06631096976967182,0.005916877892458615,0.005916877892458615,0.03525425790606187,0.03525425790606187,0.0106276114581243,0.0106276114581243,0.04261638108877553,0.04261638108877553,0.007854596064050557,0.007854596064050557,0.020366196203650128,0.020366196203650128,0.16468294433313227
robert,LinearModel,1000,10,0.24785945106419613,0.9292555489488609,0.47333529627112203,0.22623719185316438,0.22623719185316438,0.23853088367913625,0.23853088367913625,0.23946480238303913,0.23946480238303913,0.23474429263844657,0.23474429263844657,0.8994679642051657,0.8994679642051657,0.9520074473798472,0.9520074473798472,0.9245268527299363,0.9245268527299363,0.9253340881049831,0.9253340881049831,0.45716432938194845,0.45716432938194845,0.4697085791930177,0.4697085791930177,0.47248613784497834,0.47248613784497834,0.4664530154733148,0.4664530154733148,0.13046586100002364
robert,NeuralNetFastAI,1000,10,0.004850223811458982,0.1293875899722339,0.06304291164382365,0.0003066151997941737,0.0003066151997941737,0.0,-7.393563907316381e-07,0.0007007598596034186,0.0007007598596034186,0.00033579168646586413,0.0003355452343356202,0.05478099708024871,0.05478099708024871,0.08811073563941368,0.08811073563941368,0.10056049173293337,0.10056049173293337,0.08115074148419858,0.08115074148419858,0.04679964706174187,0.04679964706174187,0.040037843944512645,0.040037843944512645,0.04440708694877233,0.04440708694877233,0.043748192651675614,0.043748192651675614,0.17028336133322833
robert,NeuralNetTorch,1000,10,0.01393316565559233,0.22094795238396908,0.10823914274763084,0.009356306741135665,0.009356306741135665,0.002165529698083102,0.002165529698083102,0.00737285119904874,0.00737285119904874,0.006298229212755835,0.006298229212755835,0.1870440318427136,0.1870440318427136,0.10828414236121171,0.10828414236121171,0.18562954730815545,0.18562954730815545,0.16031924050402693,0.16031924050402693,0.09058195545356366,0.09058195545356366,0.05530714471335861,0.05530714471335861,0.0898241583996816,0.0898241583996816,0.07857108618886795,0.07857108618886795,0.16528594433354252
robert,RandomForest,1000,10,0.06645873146276295,0.49250925973351917,0.23481679186598217,0.06693921589687439,0.06693921589687439,0.046726731064938465,0.046726731064938465,0.05625209186396616,0.05625209186396616,0.056639346275259676,0.056639346275259676,0.5252165475230526,0.5252165475230526,0.42900156289747465,0.42900156289747465,0.44466111864557967,0.44466111864557967,0.466293076355369,0.466293076355369,0.2469398386111993,0.2469398386111993,0.19802092539823804,0.19802092539823804,0.20994747441437753,0.20994747441437753,0.21830274614127163,0.21830274614127163,0.1696858193342147
robert,XGBoost,1000,10,0.02338617787886926,0.29370448226336154,0.14310535579655284,0.012286143872003375,0.012286143872003375,0.012966085645490111,0.012966085645490111,0.014792258917156785,0.014792258917156785,0.01334816281155009,0.01334816281155009,0.23866207031026715,0.23866207031026715,0.2328823531033122,0.2328823531033122,0.2258764166557812,0.2258764166557812,0.23247361335645353,0.23247361335645353,0.11700570583219089,0.11700570583219089,0.11507450306636455,0.11507450306636455,0.11507347223441315,0.11507347223441315,0.11571789371098952,0.11571789371098952,0.15687206966686063
volcanoes-b1,CatBoost,1018,5,0.00045513170869576657,0.019712063861693326,0.011268150848170698,0.0010781204933898688,0.0010781204933898688,0.0,-0.0008546362868790436,0.0,-0.0008445565246933466,0.00035937349779662295,-0.00020702410606084046,0.027003573413278675,0.027003573413278675,0.0,-0.009175091675754402,0.003859641945743403,0.003859641945743403,0.01028773845300736,0.007229374561089225,0.016486360684915744,0.016486360684915744,0.0,-0.002962598147482171,0.005318853470768371,0.005318853470768371,0.007268404718561372,0.006280872002733982,0.08343841666646767
volcanoes-b1,ExtraTrees,1018,5,0.001626433791904622,0.032444946097926336,0.01963963246015379,0.0008968820775906408,0.0008968820775906408,0.0,-0.0002745094628115465,0.0,-0.00010038934438816048,0.0002989606925302136,0.00017399442346364462,0.0350833182853128,0.0350833182853128,0.0129034233956235,0.0129034233956235,0.020454402618010986,0.020454402618010986,0.022813714766315763,0.022813714766315763,0.019798494119957783,0.019798494119957783,0.00929402902965268,0.00929402902965268,0.013541725644447902,0.013541725644447902,0.014211416264686123,0.014211416264686123,0.08774169433430264
volcanoes-b1,LightGBM,1018,5,0.0008985909182515702,0.024625471925201824,0.014492761163882307,0.001167690905805677,0.001167690905805677,0.0,-0.0008999204011397759,0.0,-0.00014584357875883667,0.0003892303019352257,4.064230863568816e-05,0.030308690237052002,0.030308690237052002,0.006880354595536787,0.006880354595536787,0.011106049542237777,0.011106049542237777,0.016098364791608855,0.016098364791608855,0.018410098054220208,0.018410098054220208,0.004016351734524716,0.004016351734524716,0.011020942226170248,0.011020942226170248,0.011149130671638391,0.011149130671638391,0.08732881933368238
volcanoes-b1,LinearModel,1018,5,0.0003019624297333631,0.017109805685544065,0.009895512143271102,0.0004370000341776408,0.0004370000341776408,0.0,-0.0009451443120208526,0.0,-0.0003098078953215772,0.0001456666780592136,-0.000272650724388263,0.025880792506832437,0.025880792506832437,0.013952703275605154,0.013952703275605154,0.00917216056999524,0.00917216056999524,0.016335218784144276,0.016335218784144276,0.014869751512382123,0.014869751512382123,0.0058287237887001036,0.0058287237887001036,0.008026684217712582,0.008026684217712582,0.009575053172931601,0.009575053172931601,0.08953248599937069
volcanoes-b1,NeuralNetFastAI,1018,5,0.0004367303630289617,0.01809172023421697,0.010486472612574045,0.0008180810349240811,0.0008180810349240811,0.0,-0.001114701855071204,0.0,-1.1616180461630125e-05,0.00027269367830802706,-0.00010274566686958434,0.02469175735078742,0.02469175735078742,0.0,-0.0030532445034089565,0.011899105673428933,0.011899105673428933,0.01219695434140545,0.011179206173602465,0.014732580699048932,0.014732580699048932,0.0,-0.0003918787702432868,0.009295311456292987,0.009295311456292987,0.008009297385113972,0.00787867112836621,0.09043400000033823
volcanoes-b1,NeuralNetTorch,1018,5,0.000490943918788432,0.01798999759887532,0.010596111021980166,0.0011169139650010378,0.0011169139650010378,0.0,-0.0012315083099996825,0.0,-0.00032274662941504586,0.00037230465500034596,-0.0001457803248045635,0.025951803987545412,0.025951803987545412,0.007214369670880177,0.007214369670880177,0.012765605229128193,0.012765605229128193,0.01531059296251793,0.01531059296251793,0.016149978932212684,0.016149978932212684,0.002136820288527448,0.002136820288527448,0.006606408162395074,0.006606408162395074,0.008297735794378402,0.008297735794378402,0.09465148633292604
volcanoes-b1,RandomForest,1018,5,0.0012995979994181578,0.0285953144012137,0.016521986620091005,0.0026863157662937566,0.0026863157662937566,0.0,-0.0010120982443888329,0.0004741192098766444,0.0004741192098766444,0.0010534783253901337,0.0007161122439271894,0.038922029939857064,0.038922029939857064,0.008359216679450575,0.008359216679450575,0.018507793237993717,0.018507793237993717,0.02192967995243379,0.02192967995243379,0.022260053914854108,0.022260053914854108,0.006056257615050283,0.006056257615050283,0.01204355150742826,0.01204355150742826,0.013453287679110885,0.013453287679110885,0.08471601366666921
volcanoes-b1,XGBoost,1018,5,0.000566913706494959,0.02235764534942703,0.012804585570577783,0.0006383518224389862,0.0006383518224389862,0.0,-0.00170760978739163,0.0,-0.0007424690884844449,0.00021278394081299538,-0.0006039090178123629,0.024867892360350405,0.024867892360350405,0.0,-0.005101884409011303,0.013230259463233116,0.013230259463233116,0.012699383941194506,0.010998755804857407,0.016039445677162048,0.016039445677162048,0.0,-0.005375365144134144,0.006555276883939806,0.006555276883939806,0.007531574187033951,0.005739785805655904,0.08398187500036632
volcanoes-b2,CatBoost,1067,5,0.0005657893116520998,0.020406299096959804,0.011691870488135608,0.0,-0.0005437948091336738,0.0003514985084668886,0.0003514985084668886,0.0,-0.0003032394021408799,0.00011716616948896287,-0.00016517856760255503,0.0076903015849308825,0.0076903015849308825,0.016392607650249993,0.016392607650249993,0.017564095700645842,0.017564095700645842,0.013882334978608905,0.013882334978608905,0.004082172976270497,0.004082172976270497,0.009555418726298505,0.009555418726298505,0.010783166876142601,0.010783166876142601,0.008140252859570535,0.008140252859570535,0.09270456966745162
volcanoes-b2,ExtraTrees,1067,5,0.0027286349126300585,0.03645534381641459,0.021842911945115152,0.00014063062604845468,0.00014063062604845468,0.0015788041870670687,0.0015788041870670687,0.0003107822724506462,0.0003107822724506462,0.0006767390285220566,0.0006767390285220566,0.03054516682923201,0.03054516682923201,0.02542047546174277,0.02542047546174277,0.021301998971497326,0.021301998971497326,0.025755880420824037,0.025755880420824037,0.013501280748950385,0.013501280748950385,0.017667694771333172,0.017667694771333172,0.01635829603975497,0.01635829603975497,0.015842423853346176,0.015842423853346176,0.09479849999964547
volcanoes-b2,LightGBM,1067,5,0.0015177772409819858,0.027879087199134678,0.01652451082078418,0.0,-0.0003202338149203103,0.0005701288575766998,0.0005701288575766998,0.0008112929344382963,0.0008112929344382963,0.0004604739306716653,0.00035372932569822864,0.015262845650420449,0.015262845650420449,0.020271221623453864,0.020271221623453864,0.02292307053129676,0.02292307053129676,0.01948571260172369,0.01948571260172369,0.011334952131935448,0.011334952131935448,0.012706066593438084,0.012706066593438084,0.016234047150064098,0.016234047150064098,0.013425021958479208,0.013425021958479208,0.09491902766603744
volcanoes-b2,LinearModel,1067,5,0.0005279930063592708,0.018225597434231154,0.010584307196040315,0.0,-0.0006241876535469402,0.0,-0.00015083261914340576,0.0,-0.0008337137277097791,0.0,-0.0005362446668000417,0.00442395034677139,0.00442395034677139,0.014072732730681764,0.014072732730681764,0.009988485980478504,0.009988485980478504,0.009495056352643886,0.009495056352643886,0.004886918268725968,0.004886918268725968,0.008372262743975437,0.008372262743975437,0.007891110795335296,0.007891110795335296,0.0070500972693455675,0.0070500972693455675,0.09722431933308447
volcanoes-b2,NeuralNetFastAI,1067,5,0.0002620464904624876,0.01276449755386589,0.007379603842862986,0.0,-0.0006750072417278248,0.00029893834347712706,0.00029893834347712706,0.0,-0.0009898425435174469,9.964611449237569e-05,-0.00045530381392271487,0.0,-0.018667957926709625,0.008930793208384571,0.008930793208384571,0.013326070413027039,0.013326070413027039,0.007418954540470537,0.001196301898233995,0.0,-0.008695393168163281,0.004963481137088124,0.004963481137088124,0.0054473574386190585,0.0054473574386190585,0.0034702795252357275,0.0005718151358479672,0.09356550000059845
volcanoes-b2,NeuralNetTorch,1067,5,0.0004184984402655963,0.022335214381593735,0.012760812791060403,0.0,-0.0007568443030626425,5.6226375715052115e-05,5.6226375715052115e-05,0.0,-0.00046745051599154816,1.8742125238350704e-05,-0.0003893561477797129,0.004569396905545326,0.004569396905545326,0.0,-0.010620603512268264,0.019324141680980622,0.019324141680980622,0.007964512862175315,0.0044243116914192285,0.003069686026206279,0.003069686026206279,0.0,-0.007085860122576915,0.012550711360764457,0.012550711360764457,0.005206799128990245,0.0028448457547979402,0.09463136133369214
volcanoes-b2,RandomForest,1067,5,0.0020955785737269954,0.033422858867265516,0.019834951679019233,0.0,-0.00012867357662473835,0.0012827606936863683,0.0012827606936863683,0.0,-0.00011372441800307689,0.0004275868978954561,0.000346787566352851,0.020131226540876748,0.020131226540876748,0.032115699058793884,0.032115699058793884,0.023519432790323327,0.023519432790323327,0.025255452796664652,0.025255452796664652,0.012618637999200075,0.012618637999200075,0.014817856685939938,0.014817856685939938,0.012498740135984163,0.012498740135984163,0.013311744940374725,0.013311744940374725,0.09546368066609527
volcanoes-b2,XGBoost,1067,5,0.001349724849746865,0.027897866496233874,0.015958939686801968,0.0,-0.0008155420705667181,0.0,-0.00021108225657900126,0.0,-0.0010203477274080906,0.0,-0.0006823240181846033,0.008934814439012452,0.008934814439012452,0.011319308432337112,0.011319308432337112,0.013461749632539526,0.013461749632539526,0.01123862416796303,0.01123862416796303,0.005210747305408876,0.005210747305408876,0.007571294700278255,0.007571294700278255,0.008314762592468636,0.008314762592468636,0.007032268199385256,0.007032268199385256,0.08726531966628197
volcanoes-b5,CatBoost,999,5,0.0006123048276108617,0.020109406879677303,0.011603034396410425,0.0,-0.0008245620225242248,4.5645531369607425e-07,4.5645531369607425e-07,0.0,-0.0007639404277211142,1.5215177123202476e-07,-0.0005293486649772143,0.0,-0.00021027550256267578,0.006417783562155036,0.006417783562155036,0.017639595917852555,0.017639595917852555,0.008019126493335865,0.007949034659148304,0.00036390640188997165,0.00036390640188997165,0.005832822701322528,0.005832822701322528,0.009654061998388211,0.009654061998388211,0.005283597033866903,0.005283597033866903,0.08710105566691102
volcanoes-b5,ExtraTrees,999,5,0.0025774957661788963,0.03865552344487053,0.023088190623654328,0.00017218964211911184,0.00017218964211911184,3.647056270373378e-05,3.647056270373378e-05,0.001227966331527459,0.001227966331527459,0.0004788755121167682,0.0004788755121167682,0.017195464248506844,0.017195464248506844,0.022673196063617364,0.022673196063617364,0.03981994981062213,0.03981994981062213,0.026562870040915443,0.026562870040915443,0.011934378765095672,0.011934378765095672,0.012315891245932784,0.012315891245932784,0.02319313141420599,0.02319313141420599,0.015814467141744813,0.015814467141744813,0.09108087500014032
volcanoes-b5,LightGBM,999,5,0.0009687694794763837,0.027521588372785795,0.01622497090663866,0.0,-9.203392930437902e-05,0.0,-0.00040840258020591,0.00010667732892856643,0.00010667732892856643,3.5559109642855473e-05,-0.00013125306019390754,0.009502152042401136,0.009502152042401136,0.014564631166826252,0.014564631166826252,0.0275411548954088,0.0275411548954088,0.01720264603487873,0.01720264603487873,0.009567342688859346,0.009567342688859346,0.010145236457515168,0.010145236457515168,0.016987549210480988,0.016987549210480988,0.012233376118951833,0.012233376118951833,0.08904744466660001
volcanoes-b5,LinearModel,999,5,0.0006872098116750334,0.020867978877901847,0.012129785647234477,0.0,-0.0010257249101440745,0.0,-0.0006401607919521694,0.0,-0.0010610741791504039,0.0,-0.000908986627082216,0.0,-0.002166143788277656,0.009885890902429997,0.009885890902429997,0.017433213826520272,0.017433213826520272,0.009106368242983423,0.008384320313557536,0.0012205066634241668,0.0012205066634241668,0.005722530788551511,0.005722530788551511,0.009554002224891457,0.009554002224891457,0.005499013225622379,0.005499013225622379,0.09890593066666042
volcanoes-b5,NeuralNetFastAI,999,5,0.0007909577494941509,0.02439619770710307,0.014310080758064477,0.0,-0.0008298011499805622,0.0,-0.0002301770893971034,0.0,-0.0010197989360894357,0.0,-0.0006932590584890338,0.006146948937761358,0.006146948937761358,0.015441863998481856,0.015441863998481856,0.020758191179985737,0.020758191179985737,0.014115668038742984,0.014115668038742984,0.0030605935780059503,0.0030605935780059503,0.009590494483461196,0.009590494483461196,0.011950848292737322,0.011950848292737322,0.00820064545140149,0.00820064545140149,0.09641449999980978
volcanoes-b5,NeuralNetTorch,999,5,0.00048093489419967007,0.024038308728390745,0.013974620462129154,0.0,-0.0009130593357320583,0.0,-8.771382488077929e-05,0.0,-0.0006723810504402041,0.0,-0.000557718070351014,0.015963039477996703,0.015963039477996703,0.025528924304349172,0.025528924304349172,0.0040048364379389155,0.0040048364379389155,0.015165600073428265,0.015165600073428265,0.007579948228542283,0.007579948228542283,0.013815079290824974,0.013815079290824974,0.0021167885431773326,0.0021167885431773326,0.007837272020848197,0.007837272020848197,0.09156186100032453
volcanoes-b5,RandomForest,999,5,0.0019302921202535932,0.0340037352573421,0.019458604537421702,0.0,-0.0008116216167700698,0.0,-0.000353236326474445,0.0004605559669837184,0.0004605559669837184,0.00015351865566123947,-0.00023476732542026548,0.0017945036067019502,0.0017945036067019502,0.013977126193008385,0.013977126193008385,0.026667671068195245,0.026667671068195245,0.014146433622635193,0.014146433622635193,0.0007583445282803752,0.0007583445282803752,0.008585119172711039,0.008585119172711039,0.016939647503858013,0.016939647503858013,0.008761037068283142,0.008761037068283142,0.08542801400108146
volcanoes-b5,XGBoost,999,5,0.0007743890425936602,0.025851417492325075,0.014631205277103343,0.0,-0.0006208300772412807,0.0,-3.589609676676466e-05,0.0,-0.0012504931438902028,0.0,-0.0006357397726327493,0.007811036126970596,0.007811036126970596,0.01453408173477003,0.01453408173477003,0.016637798076522565,0.016637798076522565,0.012994305312754398,0.012994305312754398,0.004944620874981628,0.004944620874981628,0.009471023765163922,0.009471023765163922,0.010464207671565364,0.010464207671565364,0.008293284103903639,0.008293284103903639,0.08678249999987504
volcanoes-b6,CatBoost,1013,5,0.0007069256956990177,0.019504170795059634,0.011221497144560243,0.00020088222854413278,0.00020088222854413278,0.0,-0.0010755204819857156,0.0002901876952459969,0.0002901876952459969,0.0001636899745967099,-0.00019481685273186198,0.021294571489287838,0.021294571489287838,0.004946939866007963,0.004946939866007963,0.01734719810150527,0.01734719810150527,0.01452956981893369,0.01452956981893369,0.014043575625432634,0.014043575625432634,0.0033656822750631563,0.0033656822750631563,0.00888259907970933,0.00888259907970933,0.00876395232673504,0.00876395232673504,0.08957466666712814
volcanoes-b6,ExtraTrees,1013,5,0.0018947639006548255,0.034375314578192505,0.02048433570130177,0.0008753528227668871,0.0008753528227668871,0.0005286754680486457,0.0005286754680486457,0.0,-0.00018227049150512425,0.0004680094302718443,0.0004072525997701362,0.03238239747489929,0.03238239747489929,0.02891247480470309,0.02891247480470309,0.024639087176791828,0.024639087176791828,0.0286446531521314,0.0286446531521314,0.02081849890825326,0.02081849890825326,0.016805937595660205,0.016805937595660205,0.013932552577735163,0.013932552577735163,0.01718566302721621,0.01718566302721621,0.0887067500007106
volcanoes-b6,LightGBM,1013,5,0.0011702734844151528,0.026357187206295495,0.015452562939601367,0.0009150434546817365,0.0009150434546817365,0.0,-0.00043112144764205664,0.0,-9.614410170428018e-05,0.0003050144848939122,0.00012925930177846656,0.03046545840865389,0.03046545840865389,0.009139223643905863,0.009139223643905863,0.021620778624324696,0.021620778624324696,0.020408486892294814,0.020408486892294814,0.016964226053815343,0.016964226053815343,0.0057465992251118396,0.0057465992251118396,0.009430410934048415,0.009430410934048415,0.0107137454043252,0.0107137454043252,0.09354456933336526
volcanoes-b6,LinearModel,1013,5,0.0003547472129238345,0.017547776069100816,0.010194297857701913,0.0,-0.0010118094093748858,0.0,-0.0009145062837700821,0.0,-0.00032626314251540977,0.0,-0.0007508596118867925,0.016431589009242013,0.016431589009242013,0.013095538015343036,0.013095538015343036,0.00982712733680681,0.00982712733680681,0.01311808478713062,0.01311808478713062,0.009939662556376155,0.009939662556376155,0.008837313550180017,0.008837313550180017,0.009462665874100665,0.009462665874100665,0.00941321399355228,0.00941321399355228,0.09074829166638665
volcanoes-b6,NeuralNetFastAI,1013,5,0.00037031572557459045,0.015836364229095075,0.00920882029898925,0.0,-0.0005670559024179215,0.0,-0.0006757660421869854,0.0,-0.0004449012511763263,0.0,-0.0005625743985937444,0.015260015256961806,0.015260015256961806,0.004764401707099739,0.004764401707099739,0.01428502568676662,0.01428502568676662,0.011436480883609388,0.011436480883609388,0.007490384110064913,0.007490384110064913,0.005072640341992865,0.005072640341992865,0.005213247313642733,0.005213247313642733,0.005925423921900171,0.005925423921900171,0.08843259733354596
volcanoes-b6,NeuralNetTorch,1013,5,0.00048703081519714563,0.02619876223061088,0.014894723115956127,0.0,-0.0009849668346413876,0.0,-0.00021987606641925522,7.784843920115181e-05,7.784843920115181e-05,2.594947973371727e-05,-0.00037566482061983034,0.0,-0.000267317391452961,0.0,-0.001984630806294515,0.01389872129814748,0.01389872129814748,0.004632907099382493,0.0038822577001333346,0.0024322475774759926,0.0024322475774759926,0.0021047530394434086,0.0021047530394434086,0.009395056290237949,0.009395056290237949,0.00464401896905245,0.00464401896905245,0.09389588900012313
volcanoes-b6,RandomForest,1013,5,0.001383808946485179,0.031694412691847085,0.018766121442519327,0.0011689970738963111,0.0011689970738963111,0.0005215223013626223,0.0005215223013626223,0.0,-0.0002860282759251292,0.0005635064584196444,0.0004681636997779348,0.03619723280558375,0.03619723280558375,0.028564430610685736,0.028564430610685736,0.018124554481539833,0.018124554481539833,0.027628739299269775,0.027628739299269775,0.023467957065452964,0.023467957065452964,0.016951310579363603,0.016951310579363603,0.015381279598321175,0.015381279598321175,0.01860018241437925,0.01860018241437925,0.09025080566667991
volcanoes-b6,XGBoost,1013,5,0.0009507441471579504,0.02516714310221124,0.014375008060914601,0.00014412470477904947,0.00014412470477904947,0.0,-0.0010578946355711476,0.0,-0.0001651745980599732,4.8041568259683154e-05,-0.00035964817628402374,0.017254144992097396,0.017254144992097396,0.008089978057456268,0.008089978057456268,0.014794181378329354,0.014794181378329354,0.01337943480929434,0.01337943480929434,0.01244358287494923,0.01244358287494923,0.0070018716874170606,0.0070018716874170606,0.011936463347285233,0.011936463347285233,0.010460639303217174,0.010460639303217174,0.0891768749994905
volkert,CatBoost,5831,10,0.00786869255130637,0.11370675150931676,0.06421180760410321,0.005985966811794174,0.005985966811794174,0.003650414349795794,0.003650414349795794,0.002572841750694786,0.002572841750694786,0.0040697409707615845,0.0040697409707615845,0.08560415305681073,0.08560415305681073,0.07430631499036146,0.07430631499036146,0.07921946784984847,0.07921946784984847,0.07970997863234021,0.07970997863234021,0.05292622234875334,0.05292622234875334,0.04216916910796744,0.04216916910796744,0.044556674228488004,0.044556674228488004,0.046550688561736255,0.046550688561736255,0.5264587223343066
volkert,ExtraTrees,5831,10,0.05372474487137684,0.375876255104135,0.20128288861963975,0.051102414576820486,0.051102414576820486,0.046158354081432214,0.046158354081432214,0.04703129348549869,0.04703129348549869,0.04809735404791713,0.04809735404791713,0.37328060971758786,0.37328060971758786,0.35605543456560695,0.35605543456560695,0.35872049967739256,0.35872049967739256,0.3626855146535291,0.3626855146535291,0.20102434616701637,0.20102434616701637,0.19003241565939766,0.19003241565939766,0.19024741829715772,0.19024741829715772,0.1937680600411906,0.1937680600411906,0.6562600139999025
volkert,LightGBM,5831,10,0.014659388676216164,0.14623174491276478,0.08363888574110404,0.010735702197299857,0.010735702197299857,0.007343697599415947,0.007343697599415947,0.010976321687852416,0.010976321687852416,0.009685240494856072,0.009685240494856072,0.1359437797979691,0.1359437797979691,0.1008147406139918,0.1008147406139918,0.1347953728370678,0.1347953728370678,0.12385129774967622,0.12385129774967622,0.07617884761955762,0.07617884761955762,0.05886381891920231,0.05886381891920231,0.07537534609790913,0.07537534609790913,0.07013933754555636,0.07013933754555636,0.5312209030004548
volkert,LinearModel,5831,10,0.03507931014555769,0.2746011329628368,0.14889917754229445,0.0025160813881878034,0.0025160813881878034,0.002640940665768169,0.002640940665768169,0.002892257150564875,0.002892257150564875,0.0026830930681736157,0.0026830930681736157,0.07564846468024741,0.07564846468024741,0.08108869771392604,0.08108869771392604,0.08711728485879092,0.08711728485879092,0.08128481575098813,0.08128481575098813,0.04192406210077472,0.04192406210077472,0.0495056581221749,0.0495056581221749,0.044634272261690804,0.044634272261690804,0.045354664161546814,0.045354664161546814,0.5293725556669718
volkert,NeuralNetFastAI,5831,10,0.0047297946708924786,0.0946615503279002,0.051902588674734886,0.0008228039073171948,0.0008228039073171948,0.002367557885003622,0.002367557885003622,0.0005403234146009185,0.0005403234146009185,0.0012435617356405784,0.0012435617356405784,0.0592054593350117,0.0592054593350117,0.06400942197775981,0.06400942197775981,0.06510717385968691,0.06510717385968691,0.06277401839081947,0.06277401839081947,0.033061923127929306,0.033061923127929306,0.03461557451589279,0.03461557451589279,0.03337857518542509,0.03337857518542509,0.03368535760974906,0.03368535760974906,0.5700769720000002
volkert,NeuralNetTorch,5831,10,0.0042187959189809755,0.08354234758628522,0.04636418943327202,0.0,-7.095814022831706e-05,0.0,-0.0007248411109044453,0.00065198825709089,0.00065198825709089,0.00021732941903029665,-4.7936998013957476e-05,0.029704547927238246,0.029704547927238246,0.03514177931232945,0.03514177931232945,0.041087389518516385,0.041087389518516385,0.03531123891936136,0.03531123891936136,0.017723828009750236,0.017723828009750236,0.016300197109777974,0.016300197109777974,0.023796694479806233,0.023796694479806233,0.019273573199778144,0.019273573199778144,0.5288753193332619
volkert,RandomForest,5831,10,0.04768371300717827,0.3453452348329215,0.1850196624249789,0.04402627445668055,0.04402627445668055,0.04044550232928433,0.04044550232928433,0.03955254506700679,0.03955254506700679,0.04134144061765722,0.04134144061765722,0.3370762810946763,0.3370762810946763,0.33233955180432695,0.33233955180432695,0.31774650700934876,0.31774650700934876,0.329054113302784,0.329054113302784,0.18151260624891122,0.18151260624891122,0.17468011258501034,0.17468011258501034,0.16805440606140545,0.16805440606140545,0.17474904163177565,0.17474904163177565,0.6024729026673109
volkert,XGBoost,5831,10,0.01592521201740465,0.14419241851537037,0.08394488565491044,0.010626587078656251,0.010626587078656251,0.007906382650748944,0.007906382650748944,0.011902100504786045,0.011902100504786045,0.010145023411397081,0.010145023411397081,0.10589457370052067,0.10589457370052067,0.0929077596777293,0.0929077596777293,0.12119232650611383,0.12119232650611383,0.10666488662812128,0.10666488662812128,0.06187562523425393,0.06187562523425393,0.05690900508233494,0.05690900508233494,0.0736664544875549,0.0736664544875549,0.06415036160138125,0.06415036160138125,0.4708033333323935
