dataset,model,test_size,n_classes,true_brier,true_l1,true_l2,TS-CV_brier_draw0,TS-CV_brier_draw0_unclipped,TS-CV_brier_draw1,TS-CV_brier_draw1_unclipped,TS-CV_brier_draw2,TS-CV_brier_draw2_unclipped,TS-CV_brier,TS-CV_brier_unclipped,TS-CV_l1_draw0,TS-CV_l1_draw0_unclipped,TS-CV_l1_draw1,TS-CV_l1_draw1_unclipped,TS-CV_l1_draw2,TS-CV_l1_draw2_unclipped,TS-CV_l1,TS-CV_l1_unclipped,TS-CV_l2_draw0,TS-CV_l2_draw0_unclipped,TS-CV_l2_draw1,TS-CV_l2_draw1_unclipped,TS-CV_l2_draw2,TS-CV_l2_draw2_unclipped,TS-CV_l2,TS-CV_l2_unclipped,TS-CV_time
Diabetes130US,CatBoost,10177,3,0.0016086395196506246,0.05733175133226558,0.03656954341112219,0.0008990626807116086,0.0008990626807116086,0.0008921029763631584,0.0008921029763631584,0.0008379421149628648,0.0008379421149628648,0.0008763692573458772,0.0008763692573458772,0.050762674188543536,0.050762674188543536,0.0519674953259125,0.0519674953259125,0.04874785172787719,0.04874785172787719,0.05049267374744441,0.05049267374744441,0.030864840728465476,0.030864840728465476,0.03238529777691342,0.03238529777691342,0.0310129173779812,0.0310129173779812,0.0314210186277867,0.0314210186277867,0.044226027667415714
Diabetes130US,ExtraTrees,10177,3,0.003548031191907819,0.08519960534726378,0.05444837368851004,0.0026788261542752016,0.0026788261542752016,0.0024810369223229045,0.0024810369223229045,0.0023530446307447727,0.0023530446307447727,0.002504302569114293,0.002504302569114293,0.07440476789874698,0.07440476789874698,0.07719636819310471,0.07719636819310471,0.07182761431635348,0.07182761431635348,0.07447625013606839,0.07447625013606839,0.047507693171913806,0.047507693171913806,0.04846946931516263,0.04846946931516263,0.04500783594667258,0.04500783594667258,0.046994999477916334,0.046994999477916334,0.04027452766604256
Diabetes130US,LightGBM,10177,3,0.0016027445670819015,0.055730741722379774,0.03604141421709866,0.0009450677780702406,0.0009450677780702406,0.0005772466864848319,0.0005772466864848319,0.0005342068339886299,0.0005342068339886299,0.0006855070995145674,0.0006855070995145674,0.04844769050752536,0.04844769050752536,0.04083827617124764,0.04083827617124764,0.04300584142316245,0.04300584142316245,0.04409726936731182,0.04409726936731182,0.029473154605844844,0.029473154605844844,0.026471569677607092,0.026471569677607092,0.025665577802138698,0.025665577802138698,0.027203434028530215,0.027203434028530215,0.04337719433412227
Diabetes130US,LinearModel,10177,3,0.002149691995999166,0.052393972870647884,0.03394398822824026,2.3479586401398624e-05,2.3479586401398624e-05,0.0,-9.074055010498633e-06,0.0,-1.9412237343810597e-05,7.826528800466208e-06,-1.6689019843035355e-06,0.015881706864551367,0.015881706864551367,0.011423351476681099,0.011423351476681099,0.0,-0.007962523741682933,0.009101686113744156,0.006447511533183178,0.010677155422337456,0.010677155422337456,0.008113870698877632,0.008113870698877632,0.0,-0.005403684012246843,0.006263675373738363,0.004462447369656082,0.03999024999939138
Diabetes130US,NeuralNetFastAI,10177,3,0.0016481854562203908,0.05695356242020088,0.03636952127109828,0.0010483364758647985,0.0010483364758647985,0.0009314245464985942,0.0009314245464985942,0.0004725173437363523,0.0004725173437363523,0.0008174261220332484,0.0008174261220332484,0.050752478901623,0.050752478901623,0.04811199259924768,0.04811199259924768,0.038730684069883115,0.038730684069883115,0.045865051856917936,0.045865051856917936,0.03238983304586112,0.03238983304586112,0.030695712052203443,0.030695712052203443,0.022988488937007296,0.022988488937007296,0.028691344678357284,0.028691344678357284,0.04203569433229859
Diabetes130US,NeuralNetTorch,10177,3,0.0011759317898800547,0.050708863385009975,0.03194255125827821,0.0007957307196721306,0.0007957307196721306,0.0005541848165320138,0.0005541848165320138,0.0002517701321687737,0.0002517701321687737,0.0005338952227909727,0.0005338952227909727,0.045569910078496256,0.045569910078496256,0.03818821427728507,0.03818821427728507,0.026279997364161693,0.026279997364161693,0.03667937390664767,0.03667937390664767,0.02828763543451294,0.02828763543451294,0.024292405875580222,0.024292405875580222,0.016436373883252704,0.016436373883252704,0.02300547173111529,0.02300547173111529,0.04015159699944585
Diabetes130US,RandomForest,10177,3,0.002665146142226344,0.07671693249991687,0.04834042504195794,0.0023367963133866694,0.0023367963133866694,0.0018201304835887713,0.0018201304835887713,0.001844656905716584,0.001844656905716584,0.0020005279008973417,0.0020005279008973417,0.07752539895295912,0.07752539895295912,0.07285261696853,0.07285261696853,0.07245974612150587,0.07245974612150587,0.07427925401433166,0.07427925401433166,0.04690288343071853,0.04690288343071853,0.042983524617120406,0.042983524617120406,0.04065683368697865,0.04065683368697865,0.043514413911605855,0.043514413911605855,0.04184073599996433
Diabetes130US,XGBoost,10177,3,0.001967571817568942,0.06423117164511656,0.041152343651050104,0.00169397384993668,0.00169397384993668,0.0012970577579837698,0.0012970577579837698,0.0011414466692893312,0.0011414466692893312,0.001377492759069927,0.001377492759069927,0.06235495711104549,0.06235495711104549,0.060439186939905416,0.060439186939905416,0.05620476697285416,0.05620476697285416,0.059666303674601684,0.059666303674601684,0.040086126059089885,0.040086126059089885,0.036907026794010395,0.036907026794010395,0.03396360414729113,0.03396360414729113,0.03698558566679714,0.03698558566679714,0.04151244433281439
GesturePhaseSegmentationProcessed,CatBoost,988,5,0.0071668965344737845,0.10136794115145573,0.060671430553177176,0.0,-0.00043774016918630206,0.0,-6.03329665953258e-05,0.0,-9.92987439710132e-06,0.0,-0.00016933433672624304,0.0,-0.03157075410386853,0.0,-0.01559614074023358,0.018529251265435923,0.018529251265435923,0.006176417088478641,-0.009545881192888728,0.0,-0.022589834981372948,0.0,-0.011308559155511438,0.0034486157312462367,0.0034486157312462367,0.0011495385770820788,-0.010149926135212716,0.011689944666917048
GesturePhaseSegmentationProcessed,ExtraTrees,988,5,0.06162996186083821,0.38642976097806614,0.22302738728114585,0.04774283224728032,0.04774283224728032,0.04300691605660367,0.04300691605660367,0.043813444876907,0.043813444876907,0.04485439772693033,0.04485439772693033,0.35273954570252175,0.35273954570252175,0.34609986672257664,0.34609986672257664,0.3627530364778739,0.3627530364778739,0.35386414963432405,0.35386414963432405,0.2020892358729621,0.2020892358729621,0.19697756743305078,0.19697756743305078,0.20288928441466106,0.20288928441466106,0.20065202924022463,0.20065202924022463,0.011514694334133916
GesturePhaseSegmentationProcessed,LightGBM,988,5,0.014010699391688738,0.1417867914176726,0.08536326801701195,0.0,-0.0004245622176623619,0.0,-1.5866243966441103e-07,0.0,-0.00016069674651036703,0.0,-0.0001951392088707978,0.0,-0.04463154657870744,0.005969734416617637,0.005969734416617637,0.008299370827039325,0.008299370827039325,0.004756368414552321,-0.01012081377835016,0.0,-0.02966642818228594,0.0,-0.0006324717260364088,0.0,-0.0013145894466424764,0.0,-0.010537829784988276,0.011519972334402459
GesturePhaseSegmentationProcessed,LinearModel,988,5,0.036262875774159244,0.26025479376216326,0.14945089609966328,0.0010271205729481781,0.0010271205729481781,0.0,-0.00015636525344516934,0.00023115490914517604,0.00023115490914517604,0.0004194251606977847,0.0003673034095493949,0.048969858149406506,0.048969858149406506,0.0,-0.001748094072277108,0.02223113696829372,0.02223113696829372,0.02373366503923341,0.02315096701514104,0.026328205176236432,0.026328205176236432,0.004664769820752285,0.004664769820752285,0.017044418770466502,0.017044418770466502,0.016012464589151742,0.016012464589151742,0.011724624999866743
GesturePhaseSegmentationProcessed,NeuralNetFastAI,988,5,0.006906013966221273,0.11322902470226533,0.06562246978647254,0.0,-0.0008014146728653401,0.0,-8.525407561891626e-05,0.0,-0.00018936859854341826,0.0,-0.00035867911567589154,0.0,-0.04210819692600834,0.0,-0.029640951162042194,0.009331573837196185,0.009331573837196185,0.0031105246123987284,-0.02080585808361812,0.0,-0.022679780006425357,0.0,-0.011869372979160112,0.004231685607569623,0.004231685607569623,0.0014105618691898742,-0.010105822459338614,0.012077791667252313
GesturePhaseSegmentationProcessed,NeuralNetTorch,988,5,0.0018030478356820577,0.06313178062008257,0.03635655897692895,0.0,-0.0007536823625537777,0.001330380936393546,0.001330380936393546,0.0004636263233525555,0.0004636263233525555,0.0005980024199153672,0.0003467749657307746,0.0,-0.058542155375357466,0.060070748676970626,0.060070748676970626,0.039383337818030814,0.039383337818030814,0.03315136216500048,0.013637310373214659,0.0,-0.02677400846526036,0.037674825501222045,0.037674825501222045,0.025156272703646943,0.025156272703646943,0.020943699401622995,0.012019029913202875,0.011507680666303107
GesturePhaseSegmentationProcessed,RandomForest,988,5,0.04442749298032476,0.3237571456269545,0.18541876920669065,0.034509442030312726,0.034509442030312726,0.027388187415481817,0.027388187415481817,0.027016892801403333,0.027016892801403333,0.02963817408239929,0.02963817408239929,0.30923076578380077,0.30923076578380077,0.2745479047409093,0.2745479047409093,0.27669365376375415,0.27669365376375415,0.2868241080961547,0.2868241080961547,0.17273332304295252,0.17273332304295252,0.15496228907184964,0.15496228907184964,0.1616540407800063,0.1616540407800063,0.16311655096493616,0.16311655096493616,0.011429763999331044
GesturePhaseSegmentationProcessed,XGBoost,988,5,0.015086708835272444,0.14883599315146373,0.09029044301814813,0.0,-0.0007039042388043355,0.0,-7.548804507536596e-05,0.0001074434613490307,0.0001074434613490307,3.5814487116343565e-05,-0.00022398294084355688,0.012301289804060141,0.012301289804060141,0.015809679788065033,0.015809679788065033,0.026255606020924225,0.026255606020924225,0.018122191871016467,0.018122191871016467,0.008913835720025463,0.008913835720025463,0.008251211336217588,0.008251211336217588,0.015870248659818093,0.015870248659818093,0.011011765238687049,0.011011765238687049,0.011597000000620028
Indian_pines,CatBoost,915,8,0.0049242090128783465,0.04483090896832079,0.030277541065110793,0.0,-0.000634037409841633,0.0,-0.00011973355114935234,0.0,-0.0007012158539879518,0.0,-0.00048499560499297905,0.0,-0.03495690570425878,0.0019409170046607045,0.0019409170046607045,0.0,-0.006463680252335435,0.0006469723348869015,-0.013159889650644505,0.0,-0.022770938294198753,0.0025342098151774984,0.0025342098151774984,0.0,-0.0037506957555431316,0.0008447366050591661,-0.00799580807818813,0.012983083333286535
Indian_pines,ExtraTrees,915,8,0.0228636249841085,0.1692029355968209,0.11711849299896687,0.025185610107258602,0.025185610107258602,0.019121791055710147,0.019121791055710147,0.01821895425096236,0.01821895425096236,0.02084211847131037,0.02084211847131037,0.18301003987018288,0.18301003987018288,0.16333756165602545,0.16333756165602545,0.1545941106456919,0.1545941106456919,0.16698057072396674,0.16698057072396674,0.12790820104578135,0.12790820104578135,0.11321435970692711,0.11321435970692711,0.10722370397452481,0.10722370397452481,0.11611542157574443,0.11611542157574443,0.013358402666199254
Indian_pines,LightGBM,915,8,0.0024434344198273083,0.028719104669641775,0.019403360594115876,0.0,-0.0008067715519119966,0.0,-0.0003742562642808791,0.0,-0.00010400151972861808,0.0,-0.0004283431119738313,0.0,-0.03238142530445929,0.0,-0.009678644675276798,0.0,-0.00021144817326902983,0.0,-0.014090506051001706,0.0,-0.0196306980808701,0.0,-0.007919479043226936,0.0,-0.0029132719849609863,0.0,-0.010154483036352675,0.01275440266666313
Indian_pines,LinearModel,915,8,0.005636388128951369,0.03233415423215235,0.021422567452381667,0.00032963696216093243,0.00032963696216093243,0.0002708363546261606,0.0002708363546261606,0.0,-0.00029119875418904113,0.00020015777226236437,0.00010309152086601733,0.02440422216483338,0.02440422216483338,0.025521239785733018,0.025521239785733018,0.019957477636860267,0.019957477636860267,0.02329431319580889,0.02329431319580889,0.015686612093256693,0.015686612093256693,0.014534527394487363,0.014534527394487363,0.011179025814113525,0.011179025814113525,0.013800055100619194,0.013800055100619194,0.012391763666528277
Indian_pines,NeuralNetFastAI,915,8,0.0020159553803426773,0.016621540769085192,0.011178810718330563,0.0,-0.0001128240491510905,0.0,-7.936282779845171e-05,0.0,-0.00015199648135949081,0.0,-0.000114727786103011,0.0,-0.013078392299516706,0.004810590345133993,0.004810590345133993,0.005416774874172483,0.005416774874172483,0.003409121739768825,-0.0009503423600700769,0.0,-0.010007216419557239,0.0021721266836887743,0.0021721266836887743,0.004439116700882401,0.004439116700882401,0.002203747794857058,-0.0011319910116620216,0.012898541666800156
Indian_pines,NeuralNetTorch,915,8,0.0006908872503069405,0.014824366441958978,0.010027484402378712,0.0,-0.00015137237990620896,7.043665534053103e-05,7.043665534053103e-05,6.552989499498695e-05,6.552989499498695e-05,4.5322183445172665e-05,-5.135276523563661e-06,0.0,-0.0014524973953745188,0.016296457575205293,0.016296457575205293,0.005449954096670581,0.005449954096670581,0.007248803890625291,0.0067646380921671185,0.0,-0.0028438801023305477,0.011442164320792222,0.011442164320792222,0.004066729442790289,0.004066729442790289,0.005169631254527503,0.0042216712204173204,0.01305534733304133
Indian_pines,RandomForest,915,8,0.020138384325996777,0.15703055875663371,0.10881000794122941,0.020693402722643424,0.020693402722643424,0.014911298301128792,0.014911298301128792,0.012274219054534864,0.012274219054534864,0.01595964002610236,0.01595964002610236,0.1604378429579995,0.1604378429579995,0.1510965121134744,0.1510965121134744,0.13798151324351746,0.13798151324351746,0.1498386227716638,0.1498386227716638,0.11191376061313361,0.11191376061313361,0.10599866704967643,0.10599866704967643,0.0946140751534546,0.0946140751534546,0.10417550093875488,0.10417550093875488,0.013124277999547
Indian_pines,XGBoost,915,8,0.004582054492342882,0.045270129598377014,0.030935784689916663,0.0,-5.143146515937848e-05,0.00016303408466614904,0.00016303408466614904,0.0,-0.0002905231699047246,5.4344694888716345e-05,-5.9640183465984685e-05,0.02284563605297528,0.02284563605297528,0.005362361845886163,0.005362361845886163,0.0,-0.012162396523942376,0.009402665966287147,0.0053485337916396895,0.013999199436285891,0.013999199436285891,0.003926517801293916,0.003926517801293916,0.0,-0.010600223727038446,0.005975239079193269,0.0024418311701804537,0.012027777667147651
Traffic_violations,CatBoost,7034,3,0.00048591279209783293,0.02465501577948444,0.017392922982024463,0.00029860381974782885,0.00029860381974782885,0.00010568945051686528,0.00010568945051686528,0.0,-2.241668530936188e-06,0.0001347644234215647,0.00013401720057791932,0.023497187349586078,0.023497187349586078,0.022642534223949712,0.022642534223949712,0.014957211889363473,0.014957211889363473,0.02036564448763309,0.02036564448763309,0.016658522516794998,0.016658522516794998,0.015995767350401292,0.015995767350401292,0.010457716901311316,0.010457716901311316,0.014370668922835868,0.014370668922835868,0.03649586133299939
Traffic_violations,ExtraTrees,7034,3,0.0013607883365434332,0.04047196817797265,0.028445189804474223,0.0006321841702551113,0.0006321841702551113,0.0007497955294357945,0.0007497955294357945,0.0003277591471535816,0.0003277591471535816,0.0005699129489481625,0.0005699129489481625,0.037948335188193766,0.037948335188193766,0.04221333376652757,0.04221333376652757,0.02543767269174793,0.02543767269174793,0.03519978054882309,0.03519978054882309,0.02634594359468474,0.02634594359468474,0.029775563924594333,0.029775563924594333,0.01766269830232549,0.01766269830232549,0.024594735273868185,0.024594735273868185,0.037445513667383544
Traffic_violations,LightGBM,7034,3,0.0010193978068248166,0.036138988876151176,0.02531730562810956,0.0005265368809119252,0.0005265368809119252,0.0005286980943585526,0.0005286980943585526,0.0006268400554982318,0.0006268400554982318,0.0005606916769229031,0.0005606916769229031,0.0316300831052252,0.0316300831052252,0.03588965658723203,0.03588965658723203,0.03759666587593113,0.03759666587593113,0.03503880185612945,0.03503880185612945,0.022253780591558,0.022253780591558,0.02541772572100383,0.02541772572100383,0.026954798531982203,0.026954798531982203,0.024875434948181344,0.024875434948181344,0.03832229166679705
Traffic_violations,LinearModel,7034,3,0.00171924151251214,0.03555607506895476,0.024279215407125836,2.129882674865853e-05,2.129882674865853e-05,0.0,-9.981797793949377e-05,0.0,-0.00010055533797912506,7.09960891621951e-06,-5.969149638998677e-05,0.021610875545869344,0.021610875545869344,0.01690538053016263,0.01690538053016263,0.014921341710313327,0.014921341710313327,0.017812532595448433,0.017812532595448433,0.014646509203447304,0.014646509203447304,0.011211610917100571,0.011211610917100571,0.009506742307739407,0.009506742307739407,0.011788287476095761,0.011788287476095761,0.03976979166691308
Traffic_violations,NeuralNetFastAI,7034,3,0.0007873078875786522,0.027239715217720558,0.01903225005183275,0.00026927377272890625,0.00026927377272890625,0.00015218126346528581,0.00015218126346528581,1.1649095408506516e-05,1.1649095408506516e-05,0.0001443680438675662,0.0001443680438675662,0.025092854271006697,0.025092854271006697,0.024520373740295615,0.024520373740295615,0.01483585715067023,0.01483585715067023,0.021483028387324184,0.021483028387324184,0.017654662247948157,0.017654662247948157,0.017215094279986475,0.017215094279986475,0.010357960617023843,0.010357960617023843,0.015075905714986156,0.015075905714986156,0.041188444333480824
Traffic_violations,NeuralNetTorch,7034,3,0.0014551262194951256,0.04330329635892014,0.030279246680878422,0.0012012840286922497,0.0012012840286922497,0.0011874153332156218,0.0011874153332156218,0.0007860108835117177,0.0007860108835117177,0.0010582367484731963,0.0010582367484731963,0.04097166924973189,0.04097166924973189,0.048415451011167676,0.048415451011167676,0.03914816154382678,0.03914816154382678,0.04284509393490878,0.04284509393490878,0.029514600451308576,0.029514600451308576,0.03435033913816553,0.03435033913816553,0.027588988470439963,0.027588988470439963,0.03048464268663802,0.03048464268663802,0.03738400000050509
Traffic_violations,RandomForest,7034,3,0.0018002708426171265,0.047586669590003176,0.033512978129443184,0.001380275693050373,0.001380275693050373,0.0008864597635359866,0.0008864597635359866,0.0012798379814683394,0.0012798379814683394,0.001182191146018233,0.001182191146018233,0.03898648508261287,0.03898648508261287,0.04666348252361373,0.04666348252361373,0.03983948479827963,0.03983948479827963,0.04182981746816874,0.04182981746816874,0.027463408377183876,0.027463408377183876,0.03311457933419657,0.03311457933419657,0.028218587054827417,0.028218587054827417,0.02959885825540262,0.02959885825540262,0.03791023599963713
Traffic_violations,XGBoost,7034,3,0.0004592308860081075,0.02440214500595531,0.016983586306610128,0.00012543400584085168,0.00012543400584085168,0.0001500342277562303,0.0001500342277562303,0.00011445614407278532,0.00011445614407278532,0.00012997479255662242,0.00012997479255662242,0.01974421143583576,0.01974421143583576,0.03026279157056949,0.03026279157056949,0.020025765771064505,0.020025765771064505,0.023344256259156582,0.023344256259156582,0.013957825005089903,0.013957825005089903,0.02099338537685438,0.02099338537685438,0.014139877025868306,0.014139877025868306,0.0163636958026042,0.0163636958026042,0.039161583332315786
artificial-characters,CatBoost,1022,10,0.008576866745938369,0.09014940381504767,0.05703745974256834,0.0,-0.0004353044549530351,0.0012167596994009083,0.0012167596994009083,0.0009432108117998725,0.0009432108117998725,0.0007199901704002602,0.0005748886854159153,0.017210894356991423,0.017210894356991423,0.04509113738098511,0.04509113738098511,0.03919533705838739,0.03919533705838739,0.03383245626545464,0.03383245626545464,0.011439288317584641,0.011439288317584641,0.028571030064307393,0.028571030064307393,0.027429547375998186,0.027429547375998186,0.022479955252630076,0.022479955252630076,0.01566988899988549
artificial-characters,ExtraTrees,1022,10,0.042348911993169355,0.2526445941669373,0.1610002531254145,0.024247599130136355,0.024247599130136355,0.040378640176198854,0.040378640176198854,0.038823978547245654,0.038823978547245654,0.03448340595119362,0.03448340595119362,0.22046949710005487,0.22046949710005487,0.25765179366702584,0.25765179366702584,0.25373816669421323,0.25373816669421323,0.243953152487098,0.243953152487098,0.13603329255098973,0.13603329255098973,0.16840393080707294,0.16840393080707294,0.16585754059695867,0.16585754059695867,0.15676492131834044,0.15676492131834044,0.01444961099938761
artificial-characters,LightGBM,1022,10,0.00794627976236701,0.06837172011934788,0.04346876478101381,0.00013210114460750368,0.00013210114460750368,6.546837731653758e-05,6.546837731653758e-05,0.0,-0.00025232128640709656,6.585650730801375e-05,-1.8250588161018434e-05,0.0176633756830761,0.0176633756830761,0.02003034613865633,0.02003034613865633,0.0,-0.01995146901684871,0.012564573940577478,0.005914084268294574,0.013777372425483502,0.013777372425483502,0.010708747058792618,0.010708747058792618,0.0,-0.012675866982201614,0.00816203982809204,0.0039367508340248355,0.015433569334466787
artificial-characters,LinearModel,1022,10,0.4122181119631924,1.137252286753229,0.5907205664368463,0.0,-0.00032168015546594526,0.0,-0.00026882067191342336,0.0,-0.00023207157611303036,0.0,-0.00027419080116413303,0.0,-0.01999573995983136,0.0,-0.017430134222606173,0.009852070861459228,0.009852070861459228,0.0032840236204864093,-0.009191267773659436,0.00399593623705043,0.00399593623705043,0.0024242638246093485,0.0024242638246093485,0.0021111550914089004,0.0021111550914089004,0.0028437850510228935,0.0028437850510228935,0.014298347333048392
artificial-characters,NeuralNetFastAI,1022,10,0.004103091922015901,0.0711852478622672,0.044451971453939754,0.0,-0.0007455335711743928,0.00021484744010061762,0.00021484744010061762,0.00016940509346856893,0.00016940509346856893,0.0001280841778563955,-0.00012042701253506874,0.0,-0.0039917535571580755,0.04723879682711886,0.04723879682711886,0.03314818686396926,0.03314818686396926,0.02679566123036271,0.025465076711310014,0.0,-0.005181976584966576,0.03458215552476542,0.03458215552476542,0.018429874833119326,0.018429874833119326,0.017670676785961584,0.01594335125763939,0.01441531933354175
artificial-characters,NeuralNetTorch,1022,10,0.005123686153767621,0.07923117662745924,0.0483003772312462,0.0,-0.0007279372842627797,0.0,-0.0004623895981092972,0.0,-0.0007306914117525203,0.0,-0.0006403394313748657,0.0,-0.01924640687066233,0.0,-0.03151179558820358,0.009903518194176205,0.009903518194176205,0.0033011727313920682,-0.0136182280882299,0.0,-0.013024504879428214,0.0,-0.016145074656317565,0.0019171426796967931,0.0019171426796967931,0.000639047559898931,-0.009084145618682996,0.01406606933354245
artificial-characters,RandomForest,1022,10,0.043009199595340275,0.248355979177513,0.15988631128690328,0.027743711361405046,0.027743711361405046,0.03502243520536982,0.03502243520536982,0.037565166460379114,0.037565166460379114,0.033443771009051326,0.033443771009051326,0.22764886735125917,0.22764886735125917,0.24330476383697855,0.24330476383697855,0.2535984008447253,0.2535984008447253,0.24151734401098768,0.24151734401098768,0.14474201791077398,0.14474201791077398,0.1604577557258004,0.1604577557258004,0.16389851380155132,0.16389851380155132,0.15636609581270855,0.15636609581270855,0.015472319332426801
artificial-characters,XGBoost,1022,10,0.010560751888096277,0.07709857949591896,0.04908057121956061,0.0,-0.00043481710708367813,0.0,-0.00010713394316877635,0.0,-2.14845309226726e-05,0.0,-0.00018781186039170902,0.0,-0.018773675753595478,0.020308571220956296,0.020308571220956296,0.0,-0.0005361814070031772,0.006769523740318765,0.0003329046867858803,0.0,-0.014771836643254729,0.010707421688706588,0.010707421688706588,0.0,-0.0007201457169839747,0.003569140562902196,-0.001594853557177372,0.015842153000752052
connect-4,CatBoost,6756,3,0.004427499665650684,0.06570158453845441,0.042823903051512735,0.0001882065860799987,0.0001882065860799987,0.0003133156378383701,0.0003133156378383701,0.00039067266937750823,0.00039067266937750823,0.00029739829776529234,0.00029739829776529234,0.02025785711954143,0.02025785711954143,0.01994186336784925,0.01994186336784925,0.02700078842564998,0.02700078842564998,0.022400169637680222,0.022400169637680222,0.01390447636131317,0.01390447636131317,0.014845436895459524,0.014845436895459524,0.017411132970666446,0.017411132970666446,0.01538701540914638,0.01538701540914638,0.046416847000121685
connect-4,ExtraTrees,6756,3,0.0166603770583421,0.1729757911490274,0.11208573497292576,0.009889422340464875,0.009889422340464875,0.011530582373935444,0.011530582373935444,0.010209014209107936,0.010209014209107936,0.010543006307836085,0.010543006307836085,0.1341137513388028,0.1341137513388028,0.14914559408416253,0.14914559408416253,0.1354638830914505,0.1354638830914505,0.13957440950480526,0.13957440950480526,0.08685641308724132,0.08685641308724132,0.0941064286218361,0.0941064286218361,0.08710859238808569,0.08710859238808569,0.08935714469905437,0.08935714469905437,0.03803883333239355
connect-4,LightGBM,6756,3,0.004029432043026862,0.06185400753839046,0.04016068561421418,0.0,-7.749975103232033e-05,4.144723554180226e-05,4.144723554180226e-05,0.00014718198273943963,0.00014718198273943963,6.287640609374729e-05,3.704315574964052e-05,0.0,-0.012313779084302161,0.009665426471984118,0.009665426471984118,0.012148785708899228,0.012148785708899228,0.007271404060294449,0.0031668110321937284,0.0,-0.008239991028181218,0.008375879933112876,0.008375879933112876,0.009142262704492312,0.009142262704492312,0.00583938087920173,0.0030927172031413232,0.03584626399970148
connect-4,LinearModel,6756,3,0.0021389235917375405,0.06424349517259093,0.041033344683017545,0.0,-9.691522814368473e-05,0.0001770956289898539,0.0001770956289898539,0.0005256315386356083,0.0005256315386356083,0.00023424238920848736,0.0002019373131605925,0.009403283600812088,0.009403283600812088,0.024015320531809273,0.024015320531809273,0.031958355492087503,0.031958355492087503,0.021792319874902957,0.021792319874902957,0.0065573336300536935,0.0065573336300536935,0.015701529208486675,0.015701529208486675,0.019240536189096116,0.019240536189096116,0.013833133009212161,0.013833133009212161,0.03788887499952883
connect-4,NeuralNetFastAI,6756,3,0.002113800894790454,0.0472011043983557,0.03058543758800198,0.0001512558357317505,0.0001512558357317505,0.0004315847770313261,0.0004315847770313261,0.00031150773804123293,0.00031150773804123293,0.0002981161169347698,0.0002981161169347698,0.014359989871589155,0.014359989871589155,0.022026110575636453,0.022026110575636453,0.021573222111845574,0.021573222111845574,0.019319774186357063,0.019319774186357063,0.010842849299664585,0.010842849299664585,0.015521859299257278,0.015521859299257278,0.014462580262937938,0.014462580262937938,0.0136090962872866,0.0136090962872866,0.0566278333341567
connect-4,NeuralNetTorch,6756,3,0.0007716482532119061,0.02609551317041516,0.016704406655984397,0.0,-4.6109123616081837e-05,0.0,-3.194434985416516e-05,5.464086768994764e-06,5.464086768994764e-06,1.8213622563315881e-06,-2.4196462233750743e-05,0.005304851428102791,0.005304851428102791,0.000590831871227241,0.000590831871227241,0.0006639394441185437,0.0006639394441185437,0.0021865409144828586,0.0021865409144828586,0.0023414706230585496,0.0023414706230585496,0.0,-0.00029491803783978266,0.0018610826760095858,0.0018610826760095858,0.0014008510996893783,0.0013025450870761176,0.04357123633356726
connect-4,RandomForest,6756,3,0.013029208573619291,0.15945840389129867,0.10222971748259368,0.00570443525055482,0.00570443525055482,0.008335800614117794,0.008335800614117794,0.006575279570452775,0.006575279570452775,0.006871838478375129,0.006871838478375129,0.11223376516220775,0.11223376516220775,0.13377147596169542,0.13377147596169542,0.11985791764316375,0.11985791764316375,0.12195438625568895,0.12195438625568895,0.07025088821405336,0.07025088821405336,0.08451315009114281,0.08451315009114281,0.07496878108620252,0.07496878108620252,0.07657760646379956,0.07657760646379956,0.04487556933357458
connect-4,XGBoost,6756,3,0.003336878171734325,0.05611743358482482,0.03659478456066552,0.0,-1.8245232041920962e-05,5.4603596234533065e-05,5.4603596234533065e-05,0.00017639868934032465,0.00017639868934032465,7.70007618582859e-05,7.091901784431225e-05,0.004919388931961952,0.004919388931961952,0.008347530051508067,0.008347530051508067,0.010147815045899624,0.010147815045899624,0.007804911343123215,0.007804911343123215,0.004371704846736528,0.004371704846736528,0.008302569354640512,0.008302569354640512,0.008820433811354972,0.008820433811354972,0.007164902670910671,0.007164902670910671,0.04142177766698296
dilbert,CatBoost,1000,5,0.006768934069546685,0.05720470998332982,0.037864503291102636,0.006103747263758291,0.006103747263758291,0.003796383730254589,0.003796383730254589,0.004547733621460517,0.004547733621460517,0.004815954871824465,0.004815954871824465,0.05553153889601336,0.05553153889601336,0.05060600047533617,0.05060600047533617,0.05364675319209445,0.05364675319209445,0.053261430854481324,0.053261430854481324,0.03702631397932632,0.03702631397932632,0.03357460034514864,0.03357460034514864,0.035451264162682974,0.035451264162682974,0.03535072616238598,0.03535072616238598,0.021854180666802375
dilbert,ExtraTrees,1000,5,0.09519398378636033,0.43435934865632486,0.26130586933333994,0.09198114510996008,0.09198114510996008,0.09011499370445643,0.09011499370445643,0.08934759207778012,0.08934759207778012,0.09048124363073222,0.09048124363073222,0.4315467738227271,0.4315467738227271,0.4284201070980453,0.4284201070980453,0.4255467738227271,0.4255467738227271,0.42850455158116646,0.42850455158116646,0.25905139441159797,0.25905139441159797,0.2577555780437113,0.2577555780437113,0.25531300390663014,0.25531300390663014,0.2573733254539798,0.2573733254539798,0.011596139000175754
dilbert,LightGBM,1000,5,0.0015946964107772868,0.008826413437633185,0.0061703287815728135,0.0,-0.0011579435266127398,0.0,-0.0002640517245604057,8.131651813469404e-05,8.131651813469404e-05,2.710550604489801e-05,-0.00044689291101281716,0.0030323971683599567,0.0030323971683599567,0.0030459127635735044,0.0030459127635735044,0.0010464037624182297,0.0010464037624182297,0.002374904564783897,0.002374904564783897,0.002341027031180574,0.002341027031180574,0.0023123052604275517,0.0023123052604275517,0.0008291081081276417,0.0008291081081276417,0.001827480133245256,0.001827480133245256,0.011739138667811252
dilbert,LinearModel,1000,5,0.005360481013518462,0.054880148030766254,0.03690731556565659,0.00041362337238519896,0.00041362337238519896,0.0013233748311275875,0.0013233748311275875,0.00300084309289207,0.00300084309289207,0.0015792804321349524,0.0015792804321349524,0.03853126378733364,0.03853126378733364,0.042531263787333635,0.042531263787333635,0.0492872467823669,0.0492872467823669,0.04344992478567806,0.04344992478567806,0.025434614757161824,0.025434614757161824,0.029662806191376557,0.029662806191376557,0.032211636006023434,0.032211636006023434,0.02910301898485394,0.02910301898485394,0.011571749999954287
dilbert,NeuralNetFastAI,1000,5,0.0016958361242939964,0.015796541948625047,0.010726789312228608,6.382097655111572e-05,6.382097655111572e-05,0.0,-0.00023355626709098336,0.0,-0.0005431392515512139,2.1273658850371908e-05,-0.00023762484736369383,0.008259024981655984,0.008259024981655984,0.0,-0.008545996919027658,0.0,-0.008971532201540669,0.0027530083272186614,-0.003086168046304114,0.005226948038189774,0.005226948038189774,0.0,-0.005498093707315026,0.0,-0.006523859986416596,0.0017423160127299246,-0.002265001885180616,0.011797888666478684
dilbert,NeuralNetTorch,1000,5,0.0008857990045916397,0.011333310200863344,0.0076297080427736004,0.0,-0.0004550508015091055,0.0006720098805009227,0.0006720098805009227,0.0,-8.80349933291627e-05,0.00022400329350030757,4.297469522088484e-05,0.0,-0.00234407310081874,0.011934593172532324,0.011934593172532324,0.0,-0.0018981604650354243,0.003978197724177441,0.00256411986889272,0.0,-0.0017556167048590203,0.008133297551288339,0.008133297551288339,0.0,-0.0015289284790021066,0.0027110991837627795,0.001616250789142404,0.011726930332467115
dilbert,RandomForest,1000,5,0.08775761837856237,0.4143578605870016,0.24826780347392377,0.08116920641175107,0.08116920641175107,0.08019422106022207,0.08019422106022207,0.07613946478939815,0.07613946478939815,0.07916763075379042,0.07916763075379042,0.40200679116512505,0.40200679116512505,0.3992401245143529,0.3992401245143529,0.39044679116274084,0.39044679116274084,0.397231235614073,0.397231235614073,0.24046906134788415,0.24046906134788415,0.2377145742357162,0.2377145742357162,0.23338039632072327,0.23338039632072327,0.23718801063477454,0.23718801063477454,0.011812055333090635
dilbert,XGBoost,1000,5,0.00403308495185275,0.025276598399295722,0.017093355434976275,0.001399796491911554,0.001399796491911554,7.647292794335492e-05,7.647292794335492e-05,0.0004495821829738493,0.0004495821829738493,0.0006419505342762528,0.0006419505342762528,0.0219870771668468,0.0219870771668468,0.013985671611529029,0.013985671611529029,0.011940151735434596,0.011940151735434596,0.01597096683793681,0.01597096683793681,0.015045293514029244,0.015045293514029244,0.0097172908823971,0.0097172908823971,0.007894030088036338,0.007894030088036338,0.01088553816148756,0.01088553816148756,0.012345666667291274
eye_movements,CatBoost,1094,3,0.0037163991318039605,0.07546711089333198,0.04833673877617085,0.0021140223203433765,0.0021140223203433765,0.0007077753919631279,0.0007077753919631279,0.0,-0.0003189621353655211,0.0009405992374355016,0.0008342785256469945,0.06070797203622215,0.06070797203622215,0.06214440621843628,0.06214440621843628,0.022312799341207494,0.022312799341207494,0.04838839253195531,0.04838839253195531,0.037537166941209524,0.037537166941209524,0.03436780279070866,0.03436780279070866,0.016876688039307596,0.016876688039307596,0.029593885923741927,0.029593885923741927,0.01142465266699825
eye_movements,ExtraTrees,1094,3,0.055897378930405625,0.34227167586414925,0.21421970184909883,0.05165901383585562,0.05165901383585562,0.04808954691221245,0.04808954691221245,0.06183733045061768,0.06183733045061768,0.05386196373289525,0.05386196373289525,0.32814137941763105,0.32814137941763105,0.3184582593957587,0.3184582593957587,0.3586349808932299,0.3586349808932299,0.33507820656887327,0.33507820656887327,0.20274815341156044,0.20274815341156044,0.20036897071833057,0.20036897071833057,0.22217066310359446,0.22217066310359446,0.2084292624111618,0.2084292624111618,0.011317361000692472
eye_movements,LightGBM,1094,3,0.005841663077177695,0.07581074108397917,0.049324813109072746,0.0,-0.0007445809535124213,0.0,-0.00018119412265819485,0.0,-0.0006290876750622922,0.0,-0.0005182875837443028,0.0,-0.02093139945308206,0.015115013536951017,0.015115013536951017,0.0,-0.007298849615569071,0.005038337845650339,-0.004371745177233372,0.0,-0.013629918570432385,0.01119977406394558,0.01119977406394558,0.0,-0.0036649333569319345,0.0037332580213151937,-0.0020316926211395793,0.010960319666385962
eye_movements,LinearModel,1094,3,0.0011261930073775592,0.0448315109088387,0.028669159680653103,0.0006414740313453013,0.0006414740313453013,0.0,-0.0006511206429583765,0.0,-0.000877929824548352,0.00021382467711510044,-0.00029585881205380904,0.047143245792872795,0.047143245792872795,0.0,-0.009557050397199063,0.0,-0.030010321302470534,0.015714415264290932,0.002525291364401066,0.02656189721992632,0.02656189721992632,0.0,-0.012668706847942477,0.0,-0.011955312111727411,0.00885396573997544,0.0006459594200854778,0.011314152667182498
eye_movements,NeuralNetFastAI,1094,3,0.0011465707948066098,0.04379902342003525,0.02846853574971935,0.0003689631736929706,0.0003689631736929706,0.00016290007544625298,0.00016290007544625298,0.0,-0.00024145788251999707,0.00017728774971307454,9.680178887307552e-05,0.02412600760328852,0.02412600760328852,0.029286477171914186,0.029286477171914186,0.0,-0.021276395334774136,0.017804161591734233,0.010712029813476189,0.01958339647334214,0.01958339647334214,0.017073056929788954,0.017073056929788954,0.0,-0.009903804408408101,0.012218817801043697,0.008917549664907662,0.011141791665674342
eye_movements,NeuralNetTorch,1094,3,0.0009938878526800905,0.040744909712089925,0.026307135922959978,0.0,-0.00022946605886518606,3.0614114311793506e-05,3.0614114311793506e-05,0.0,-0.0001269094699190606,1.0204704770597836e-05,-0.00010858713815748438,0.021000099938112873,0.021000099938112873,0.004561660531426757,0.004561660531426757,0.0,-0.009543440445600068,0.008520586823179877,0.005339440007979855,0.012322662181091305,0.012322662181091305,0.007100491874608107,0.007100491874608107,0.0,-0.004860542253125759,0.006474384685233137,0.004854203934191218,0.01117269433355735
eye_movements,RandomForest,1094,3,0.035587344924221095,0.27143115952180286,0.1704372527156682,0.027845235306889166,0.027845235306889166,0.03213781948702512,0.03213781948702512,0.032773486854232335,0.032773486854232335,0.030918847216048873,0.030918847216048873,0.24385740261382396,0.24385740261382396,0.262315659769007,0.262315659769007,0.27299817300912904,0.27299817300912904,0.2597237451306533,0.2597237451306533,0.15674848488390328,0.15674848488390328,0.16486612505653223,0.16486612505653223,0.17302940644616907,0.17302940644616907,0.16488133879553488,0.16488133879553488,0.01116894466637556
eye_movements,XGBoost,1094,3,0.0035569310619324498,0.06804768215616144,0.044865591409719234,0.0016330701603256572,0.0016330701603256572,0.00023238603823301813,0.00023238603823301813,1.783638802771532e-05,1.783638802771532e-05,0.0006277641955287969,0.0006277641955287969,0.07743684524678078,0.07743684524678078,0.0334008627793029,0.0334008627793029,0.01889659138549018,0.01889659138549018,0.043244766470524616,0.043244766470524616,0.049372345511121345,0.049372345511121345,0.020261152328371744,0.020261152328371744,0.0111494699764969,0.0111494699764969,0.026927655938663326,0.026927655938663326,0.011093222332419828
har,CatBoost,1030,6,0.00037319444735221547,0.006451468442696633,0.004458880951382337,2.1398182286917258e-05,2.1398182286917258e-05,0.0007441818518823433,0.0007441818518823433,0.00011198990554528906,0.00011198990554528906,0.0002925233132381832,0.0002925233132381832,0.0054759990847066875,0.0054759990847066875,0.007414499043758499,0.007414499043758499,0.0015179711072287813,0.0015179711072287813,0.004802823078564656,0.004802823078564656,0.003757400694305083,0.003757400694305083,0.0052125547478149925,0.0052125547478149925,0.0011475864200164213,0.0011475864200164213,0.003372513954045499,0.003372513954045499,0.015659541667749483
har,ExtraTrees,1030,6,0.015735917290517005,0.11739919890353204,0.07797656828130108,0.015271239648736857,0.015271239648736857,0.013716628600159172,0.013716628600159172,0.012367486967155892,0.012367486967155892,0.013785118405350641,0.013785118405350641,0.11217547216760101,0.11217547216760101,0.11605896731323209,0.11605896731323209,0.10829197702196995,0.10829197702196995,0.11217547216760103,0.11217547216760103,0.07441454427171489,0.07441454427171489,0.07693815286141704,0.07693815286141704,0.07178877300401461,0.07178877300401461,0.07438049004571551,0.07438049004571551,0.015097180666392282
har,LightGBM,1030,6,0.00019556857347271855,0.002254383812832186,0.0015807799502644227,0.0,-7.947876091953595e-06,0.0,-0.00033469897420074815,0.0,-0.00010180322107898415,0.0,-0.00014815002379056196,0.0,-0.000952660202209719,0.0,-0.007403870496504939,0.0,-0.0015391253385746205,0.0,-0.0032985520124297596,0.0,-0.0012078385475229258,0.0,-0.005238246135285257,0.0,-0.0010957182509036985,0.0,-0.002513934311237294,0.015120597333104039
har,LinearModel,1030,6,0.0006046009667587552,0.008452800110451268,0.0058032318134575754,0.00031438043714433723,0.00031438043714433723,0.0,-0.00015295899153198073,0.0,-0.00023814848639148228,0.00010479347904811241,-2.557568025970859e-05,0.008109719040402594,0.008109719040402594,0.0,-0.0030662899570030487,0.0,-0.0014419194751852642,0.002703239680134198,0.0012005032027380938,0.005828781468693187,0.005828781468693187,0.0,-0.0022067779742782276,0.0,-0.0013540034660759351,0.0019429271562310623,0.0007560000094463413,0.014583902666345239
har,NeuralNetFastAI,1030,6,0.0003859163907120546,0.006321720879705512,0.004401765273041188,0.0,-7.090077108912915e-05,0.0,-0.00010423199163357492,0.0,-5.066408545829708e-05,0.0,-7.526561606033372e-05,0.0,-0.008543110201610991,0.004234815230510132,0.004234815230510132,0.00023243030937156436,0.00023243030937156436,0.0014890818466272323,-0.001358621553909765,0.0,-0.005835854048062362,0.0029015095979047336,0.0029015095979047336,0.00013061972070933784,0.00013061972070933784,0.0010107097728713572,-0.0009345749098160968,0.015015152999694692
har,NeuralNetTorch,1030,6,0.0008073825759216715,0.005864917398892599,0.003994639166006553,0.0,-0.0004521469334780667,0.0,-0.00038608450148523997,0.0,-0.00027353712995757434,0.0,-0.0003705895216402937,0.0020266446086916966,0.0020266446086916966,0.0,-0.0057878650501063025,5.520705362700871e-05,5.520705362700871e-05,0.0006939505541062352,-0.001235337795929199,0.0014419305238587239,0.0014419305238587239,0.0,-0.0040697782805568065,0.0,-0.00012344947569472846,0.000480643507952908,-0.0009170990774642703,0.015179403000123179
har,RandomForest,1030,6,0.011370120150426079,0.09355980633329027,0.06232128888330894,0.011033822537540374,0.011033822537540374,0.014576187707193263,0.014576187707193263,0.008867928627429763,0.008867928627429763,0.011492646290721135,0.011492646290721135,0.09132108454850985,0.09132108454850985,0.10565771116242544,0.10565771116242544,0.08549589911159677,0.08549589911159677,0.09415823160751069,0.09415823160751069,0.06021854159479271,0.06021854159479271,0.07005310312549515,0.07005310312549515,0.05689915524097246,0.05689915524097246,0.06239026665375343,0.06239026665375343,0.014076750000337293
har,XGBoost,1030,6,0.0009549393943845829,0.00684254242923025,0.004690445261291344,0.0,-0.0006361033913037201,0.0,-0.00027772494813368406,0.0,-0.00019067942906488545,0.0,-0.0003681692561674299,0.0007713778815979738,0.0007713778815979738,0.0027468860439479174,0.0027468860439479174,0.002636143193669179,0.002636143193669179,0.002051469039738357,0.002051469039738357,0.00036009520546740167,0.00036009520546740167,0.0017672292574656483,0.0017672292574656483,0.0016811429874449208,0.0016811429874449208,0.0012694891501259901,0.0012694891501259901,0.014284819334231239
jungle_chess_2pcs_raw_endgame_complete,CatBoost,4482,3,0.014053593135053522,0.09274645296755835,0.06318432413293248,0.0,-0.0007747191680748217,0.0,-0.0009277262245252448,0.0,-0.0009467139146155172,0.0,-0.0008830531024051945,0.0,-0.03043657841742198,0.0,-0.03513741436702492,0.0,-0.03647744433214172,0.0,-0.03401714570552954,0.0,-0.02200267986344602,0.0,-0.025243745562963098,0.0,-0.026549985231330692,0.0,-0.02459880355257994,0.027432388666056795
jungle_chess_2pcs_raw_endgame_complete,ExtraTrees,4482,3,0.02477702401391262,0.13856622358869608,0.09359703946457414,0.0,-0.001901266627149776,0.0,-0.0015992306723105144,0.0,-0.0014215714892005225,0.0,-0.0016406895962202712,0.0,-0.0011172782958627872,0.0,-0.003524485576353293,0.0,-0.000847109405001218,0.0,-0.0018296244257390995,0.0,-0.00045786534221606577,0.0,-0.0014742290053128123,0.0,-0.0004525309566666638,0.0,-0.000794875101398514,0.02824330566606174
jungle_chess_2pcs_raw_endgame_complete,LightGBM,4482,3,0.016859088776100244,0.09285671953337173,0.0635104550308488,0.0,-0.00036649813762883133,0.0,-0.0005406578842542567,0.0,-0.00041052239477140743,0.0,-0.00043922613888483183,0.0,-0.03585117978152704,0.0,-0.03375102478706684,0.0,-0.039175390851391795,0.0,-0.036259198473328556,0.0,-0.023842431245749886,0.0,-0.024058310231384168,0.0,-0.027563842663005513,0.0,-0.025154861380046523,0.028855597333555732
jungle_chess_2pcs_raw_endgame_complete,LinearModel,4482,3,0.11610840456994556,0.42814959801618524,0.27470267340852383,4.6215872406689164e-05,4.6215872406689164e-05,0.0004846572267626581,0.0004846572267626581,0.0,-2.7365864926599407e-05,0.00017695769972311576,0.0001678357447475826,0.026249292494445735,0.026249292494445735,0.034822639029278575,0.034822639029278575,0.017419693915490086,0.017419693915490086,0.026163875146404798,0.026163875146404798,0.015990990456104328,0.015990990456104328,0.026108598911835045,0.026108598911835045,0.014455383384054447,0.014455383384054447,0.01885165758399794,0.01885165758399794,0.028083485999862507
jungle_chess_2pcs_raw_endgame_complete,NeuralNetFastAI,4482,3,0.00935107167297175,0.0721255790669106,0.04907181622293344,0.002588450457964996,0.002588450457964996,0.002083326495872329,0.002083326495872329,0.002983755828566748,0.002983755828566748,0.0025518442608013577,0.0025518442608013577,0.04058343441869738,0.04058343441869738,0.033885689723524744,0.033885689723524744,0.04214516828935248,0.04214516828935248,0.03887143081052487,0.03887143081052487,0.026291848472664664,0.026291848472664664,0.02291078945029247,0.02291078945029247,0.0273773228504838,0.0273773228504838,0.02552665359114698,0.02552665359114698,0.028870764000506217
jungle_chess_2pcs_raw_endgame_complete,NeuralNetTorch,4482,3,0.002369854162133053,0.02839485734710651,0.019691403749758984,0.0009850804064476335,0.0009850804064476335,0.0018336226375553978,0.0018336226375553978,0.0014941802025070336,0.0014941802025070336,0.0014376277488366883,0.0014376277488366883,0.020931746734344826,0.020931746734344826,0.02695270332126984,0.02695270332126984,0.021824234589799887,0.021824234589799887,0.023236228215138183,0.023236228215138183,0.014032319207419083,0.014032319207419083,0.0185554087263464,0.0185554087263464,0.015383606116106879,0.015383606116106879,0.015990444683290788,0.015990444683290788,0.02739269466595336
jungle_chess_2pcs_raw_endgame_complete,RandomForest,4482,3,0.033928298006243196,0.1505593480139543,0.10211244562663135,0.0,-0.0022675601811872714,0.0,-0.0017491149784845574,0.0,-0.001469663095488652,0.0,-0.001828779418386827,0.0,-0.04476364299770748,0.0,-0.05401567224813202,0.0,-0.05376867997574608,0.0,-0.050849331740528525,0.0,-0.03005136207672091,0.0,-0.03440753007704497,0.0,-0.036480417024297725,0.0,-0.03364643639268786,0.028383708332209306
jungle_chess_2pcs_raw_endgame_complete,XGBoost,4482,3,0.011852408751123665,0.0765725738494498,0.05235663752289446,0.00016348628005710483,0.00016348628005710483,5.176549150198883e-05,5.176549150198883e-05,0.0002749477792165142,0.0002749477792165142,0.00016339985025853594,0.00016339985025853594,0.009194714932268378,0.009194714932268378,0.013077574674118806,0.013077574674118806,0.047936490977881344,0.047936490977881344,0.02340292686142284,0.02340292686142284,0.008079433267626461,0.008079433267626461,0.009267715067246015,0.009267715067246015,0.0331298017906775,0.0331298017906775,0.016825650041849993,0.016825650041849993,0.025127180666459026
kr-vs-k,CatBoost,2806,18,0.017727234665061327,0.12664787202856947,0.07759071657830326,0.0002665300568801825,0.0002665300568801825,0.0007455765695624308,0.0007455765695624308,0.00027463308707323327,0.00027463308707323327,0.0004289132378386155,0.0004289132378386155,0.03290962932937984,0.03290962932937984,0.03575191203665228,0.03575191203665228,0.02520132925275423,0.02520132925275423,0.031287623539595445,0.031287623539595445,0.021707241793519717,0.021707241793519717,0.024168844709368937,0.024168844709368937,0.01614807580964828,0.01614807580964828,0.020674720770845645,0.020674720770845645,0.04191393033397617
kr-vs-k,ExtraTrees,2806,18,0.06593518683976486,0.3643259643572245,0.21830506672921993,0.03955536315739936,0.03955536315739936,0.04033474630292793,0.04033474630292793,0.034693057791148015,0.034693057791148015,0.0381943890838251,0.0381943890838251,0.2934874143443237,0.2934874143443237,0.3010284127378632,0.3010284127378632,0.2855704658638135,0.2855704658638135,0.2933620976486668,0.2933620976486668,0.18093630176432143,0.18093630176432143,0.18295187667329801,0.18295187667329801,0.17570852390876726,0.17570852390876726,0.17986556744879556,0.17986556744879556,0.041229833333394104
kr-vs-k,LightGBM,2806,18,0.01440574355817309,0.11532960489681163,0.07138344647104054,0.0,-0.0002105501937801028,0.00046224352664075275,0.00046224352664075275,0.00022484440199064534,0.00022484440199064534,0.00022902930954379937,0.00015884591161709842,0.0,-0.013521806250386698,0.04140551176058387,0.04140551176058387,0.03022635005216387,0.03022635005216387,0.023877287270915915,0.019370018520787013,0.0,-0.00863239654668762,0.027487904489932755,0.027487904489932755,0.021624895217717065,0.021624895217717065,0.016370933235883272,0.013493467720320734,0.044648986332807304
kr-vs-k,LinearModel,2806,18,0.23880313640288536,0.9491692221783756,0.4667404548334447,0.0,-0.00038139826510424934,0.0,-9.691921492237495e-05,0.0008693307634613239,0.0008693307634613239,0.0002897769211537746,0.00013033776114489986,0.0,-0.03923979090309639,0.0,-0.013081930771420369,0.10737675147245457,0.10737675147245457,0.03579225049081819,0.0183516765993126,0.0,-0.027649407241946665,0.0,-0.0034832914825187705,0.05024934656281622,0.05024934656281622,0.016749782187605405,0.0063722159461169275,0.045504014000471216
kr-vs-k,NeuralNetFastAI,2806,18,0.013404493903373947,0.1407707950280061,0.08572838795128905,0.004312524787466994,0.004312524787466994,0.004170731420932725,0.004170731420932725,0.0019063531437851057,0.0019063531437851057,0.003463203117394941,0.003463203117394941,0.09201498195543169,0.09201498195543169,0.09847456276979337,0.09847456276979337,0.06987668830101867,0.06987668830101867,0.08678874434208124,0.08678874434208124,0.059361577192681064,0.059361577192681064,0.06042004394141933,0.06042004394141933,0.04458048673288899,0.04458048673288899,0.05478736928899647,0.05478736928899647,0.052344611000686804
kr-vs-k,NeuralNetTorch,2806,18,0.006359229346340811,0.07742093778052392,0.048924817231977634,0.00041916524784586925,0.00041916524784586925,0.0005220264204501696,0.0005220264204501696,0.0002882822051636572,0.0002882822051636572,0.00040982462448656536,0.00040982462448656536,0.031238470338171582,0.031238470338171582,0.02729941509136416,0.02729941509136416,0.027272113853713927,0.027272113853713927,0.028603333094416556,0.028603333094416556,0.019668367418882424,0.019668367418882424,0.020334656208586217,0.020334656208586217,0.019494521230456155,0.019494521230456155,0.0198325149526416,0.0198325149526416,0.04604809733427828
kr-vs-k,RandomForest,2806,18,0.02169736621852782,0.17857466341067385,0.10711758231613076,0.00488440369625133,0.00488440369625133,0.004510070183769857,0.004510070183769857,0.005510899695543638,0.005510899695543638,0.004968457858521608,0.004968457858521608,0.12821712586648845,0.12821712586648845,0.1309374870051871,0.1309374870051871,0.1201415737455456,0.1201415737455456,0.12643206220574035,0.12643206220574035,0.07876788154540658,0.07876788154540658,0.07724657676291324,0.07724657676291324,0.07433294395976982,0.07433294395976982,0.07678246742269655,0.07678246742269655,0.04585806933391723
kr-vs-k,XGBoost,2806,18,0.014674091398866001,0.1066449462884519,0.06508625065742753,0.0,-0.00014800234406780517,0.0005661231614954321,0.0005661231614954321,0.0,-3.999257560890228e-05,0.00018870772049847738,0.00012604274727290822,0.0028526626675809954,0.0028526626675809954,0.03412688258770655,0.03412688258770655,0.0,-0.006543853649445475,0.012326515085095848,0.01014523053528069,0.0026413980716356485,0.0026413980716356485,0.021719752295900556,0.021719752295900556,0.0,-0.006456248665850702,0.008120383455845401,0.0059683005672285004,0.04414569466583392
letter,CatBoost,2000,26,0.004255993064831611,0.030009713116450367,0.018116286048094232,0.0,-8.321008530316061e-05,0.0,-0.00017307567962469755,0.0,-3.395002098357737e-05,0.0,-9.674526197047852e-05,0.0,-0.00565715950618608,0.0003486132088609075,0.0003486132088609075,0.0006084627051376366,0.0006084627051376366,0.00031902530466618135,-0.0015666945307291787,0.0,-0.0045395532630357555,0.0,-0.000718538561437549,0.0,-0.000599203296279234,0.0,-0.0019524317069175127,0.04562920833268436
letter,ExtraTrees,2000,26,0.04569687883237064,0.252579925875248,0.134223285350043,0.04084258972395135,0.04084258972395135,0.04313557646883141,0.04313557646883141,0.041336087965827106,0.041336087965827106,0.041771418052869956,0.041771418052869956,0.2453932752687813,0.2453932752687813,0.24471993997733604,0.24471993997733604,0.2425632740188719,0.2425632740188719,0.2442254964216631,0.2442254964216631,0.13096322794010987,0.13096322794010987,0.13308660327336067,0.13308660327336067,0.1306435470702507,0.1306435470702507,0.13156445942790707,0.13156445942790707,0.04498766666680846
letter,LightGBM,2000,26,0.004864167170994022,0.03088577657915298,0.01836893509874046,0.0,-1.3564395030557335e-05,0.0,-0.00029870397916752483,0.00016681422094615394,0.00016681422094615394,5.560474031538465e-05,-4.8484717750642746e-05,0.0,-0.0015943556246163233,0.0,-0.014077946615279611,0.0102411126037662,0.0102411126037662,0.0034137042012554,-0.0018103965453765785,0.0,-0.0010675040816910944,0.0,-0.007877543120934343,0.0052926783390994945,0.0052926783390994945,0.0017642261130331649,-0.0012174562878419814,0.04459086099935424
letter,LinearModel,2000,26,0.2451456296516359,0.6127896410528776,0.3573688235815555,0.001800307018119764,0.001800307018119764,6.904917914066589e-05,6.904917914066589e-05,0.0013624190608354518,0.0013624190608354518,0.0010772584193652938,0.0010772584193652938,0.1177430195931899,0.1177430195931899,0.0,-0.030810464041444267,0.11978820765629433,0.11978820765629433,0.07917707574982807,0.06890692106934666,0.0738545062873527,0.0738545062873527,0.0,-0.020855905051614967,0.07646845601909869,0.07646845601909869,0.050107654102150456,0.04315568575161214,0.055369861000751065
letter,NeuralNetFastAI,2000,26,0.004284066129532922,0.021328517797897243,0.013437596428232097,0.0002508970483062061,0.0002508970483062061,0.00011917132720104614,0.00011917132720104614,0.0005654685447765643,0.0005654685447765643,0.0003118456400946055,0.0003118456400946055,0.010930274212418687,0.010930274212418687,0.005930274212418688,0.005930274212418688,0.01430430942183603,0.01430430942183603,0.010388285948891136,0.010388285948891136,0.007415751215634783,0.007415751215634783,0.0032049583624192443,0.0032049583624192443,0.008321516905235764,0.008321516905235764,0.00631407549442993,0.00631407549442993,0.044381708333579205
letter,NeuralNetTorch,2000,26,0.0034953380019756676,0.02367170557723264,0.01501904269494205,0.0,-0.00017981817350428117,2.782540382556291e-05,2.782540382556291e-05,0.0001090641749530471,0.0001090641749530471,4.562985959287e-05,-1.4309531575223722e-05,0.0,-0.007709247785646003,0.0,-0.00012112850808094678,0.004212662953517647,0.004212662953517647,0.0014042209845058823,-0.0012059044467364341,0.0,-0.005239770990312974,0.0,-0.0002778103060157111,0.002616903973142528,0.002616903973142528,0.0008723013243808427,-0.0009668924410620523,0.04283598599916635
letter,RandomForest,2000,26,0.026978864787004578,0.18370833400608522,0.09686202909193208,0.01983148473661715,0.01983148473661715,0.017056803096544018,0.017056803096544018,0.021204478684810475,0.021204478684810475,0.01936425550599055,0.01936425550599055,0.17225896265986015,0.17225896265986015,0.16480458926257485,0.16480458926257485,0.17363653259854767,0.17363653259854767,0.1702333615069942,0.1702333615069942,0.09057478673239552,0.09057478673239552,0.08393276352886586,0.08393276352886586,0.09085888866884852,0.09085888866884852,0.08845547964336997,0.08845547964336997,0.04595495833321669
letter,XGBoost,2000,26,0.006121085134006654,0.03784884802008972,0.02257626849232951,0.0,-0.00016468051334632305,0.0,-0.000402371812340855,8.469311731018678e-05,8.469311731018678e-05,2.8231039103395592e-05,-0.00016078640279233042,0.0,-0.005330622785386854,0.0,-0.009667889399342617,0.010477445660904292,0.010477445660904292,0.003492481886968097,-0.0015070221746083929,0.0,-0.0050511591024499924,0.0,-0.006481265399723703,0.007304185073415235,0.007304185073415235,0.0024347283578050783,-0.0014094131429194863,0.04491272199932913
microaggregation2,CatBoost,2000,5,0.004425955362764038,0.08578353211622221,0.050220108882334545,0.0007776216573565684,0.0007776216573565684,0.0002345468972071213,0.0002345468972071213,0.0008788172674169157,0.0008788172674169157,0.0006303286073268685,0.0006303286073268685,0.04403508277716378,0.04403508277716378,0.037340017435965135,0.037340017435965135,0.048126954409332255,0.048126954409332255,0.04316735154082039,0.04316735154082039,0.023841101717208404,0.023841101717208404,0.023598261716714173,0.023598261716714173,0.02710861877899261,0.02710861877899261,0.024849327404305063,0.024849327404305063,0.018673569332653035
microaggregation2,ExtraTrees,2000,5,0.010000650302604941,0.12777668303769396,0.07484334518319721,0.004118956773347989,0.004118956773347989,0.0026147290339169284,0.0026147290339169284,0.0022447113775934694,0.0022447113775934694,0.0029927990616194626,0.0029927990616194626,0.10315907385481558,0.10315907385481558,0.10152567350400649,0.10152567350400649,0.07728121836019718,0.07728121836019718,0.09398865523967309,0.09398865523967309,0.059330618726539774,0.059330618726539774,0.05308739579537,0.05308739579537,0.042593728652142,0.042593728652142,0.05167058105801726,0.05167058105801726,0.017122555333723238
microaggregation2,LightGBM,2000,5,0.003319752467302851,0.07705375825406736,0.0450185433993776,0.0010275009113208651,0.0010275009113208651,0.0,-0.00011839168181933801,0.0004423462293068648,0.0004423462293068648,0.00048994904687591,0.00045048515293613065,0.057719232747476784,0.057719232747476784,0.044005060317474996,0.044005060317474996,0.04627884187828749,0.04627884187828749,0.04933437831441309,0.04933437831441309,0.02947842296283608,0.02947842296283608,0.02351313632023436,0.02351313632023436,0.022913675390535262,0.022913675390535262,0.0253017448912019,0.0253017448912019,0.017007041666753746
microaggregation2,LinearModel,2000,5,0.011341261062655306,0.14099309564804108,0.08335649605058382,0.0008440528204904969,0.0008440528204904969,0.0010019193970498361,0.0010019193970498361,0.0008559348210749881,0.0008559348210749881,0.0009006356795384403,0.0009006356795384403,0.03613330359803778,0.03613330359803778,0.051421865713683394,0.051421865713683394,0.048833614642319764,0.048833614642319764,0.0454629279846803,0.0454629279846803,0.022917876724121527,0.022917876724121527,0.028869805522440912,0.028869805522440912,0.020373638802781716,0.020373638802781716,0.024053773683114718,0.024053773683114718,0.018017569667184336
microaggregation2,NeuralNetFastAI,2000,5,0.003121442640177399,0.08193230338565359,0.04764301956249478,0.00206641572140999,0.00206641572140999,0.0009129042612008928,0.0009129042612008928,0.0006692834784360533,0.0006692834784360533,0.001216201153682312,0.001216201153682312,0.07341795941459082,0.07341795941459082,0.06643050741736176,0.06643050741736176,0.04464834381602219,0.04464834381602219,0.06149893688265825,0.06149893688265825,0.04354406054104308,0.04354406054104308,0.03545096086244734,0.03545096086244734,0.025994352575059103,0.025994352575059103,0.03499645799284984,0.03499645799284984,0.018955778000721086
microaggregation2,NeuralNetTorch,2000,5,0.0016520063104879963,0.05739776427959413,0.03362307334066176,0.0006352325017572753,0.0006352325017572753,8.256278438354618e-05,8.256278438354618e-05,9.28947183687987e-05,9.28947183687987e-05,0.00027023000150320673,0.00027023000150320673,0.05599634312841926,0.05599634312841926,0.025443117640468416,0.025443117640468416,0.03710142383888859,0.03710142383888859,0.039513628202592084,0.039513628202592084,0.029565671870424196,0.029565671870424196,0.011881616587131459,0.011881616587131459,0.01768751069197608,0.01768751069197608,0.01971159971651058,0.01971159971651058,0.018258736333033692
microaggregation2,RandomForest,2000,5,0.0058309911781329335,0.1038339177731687,0.05971669806879386,0.002198479741839013,0.002198479741839013,0.0011863544665493642,0.0011863544665493642,0.0017242817308092523,0.0017242817308092523,0.00170303864639921,0.00170303864639921,0.07671342051746255,0.07671342051746255,0.06474147195845222,0.06474147195845222,0.07425186123670942,0.07425186123670942,0.07190225123754139,0.07190225123754139,0.04551595567081793,0.04551595567081793,0.036322890562939726,0.036322890562939726,0.03999090153462349,0.03999090153462349,0.04060991592279372,0.04060991592279372,0.017742569666249135
microaggregation2,XGBoost,2000,5,0.0038146678912859464,0.0800837735512523,0.04695139756457209,0.0006403440078258145,0.0006403440078258145,0.00012479334904529866,0.00012479334904529866,0.0006263774759374486,0.0006263774759374486,0.0004638382776028539,0.0004638382776028539,0.04678228647112337,0.04678228647112337,0.033445588587503156,0.033445588587503156,0.05268405259662905,0.05268405259662905,0.04430397588508519,0.04430397588508519,0.023979000404428106,0.023979000404428106,0.02050375510372138,0.02050375510372138,0.02665219582465043,0.02665219582465043,0.023711650444266638,0.023711650444266638,0.017612319666416926
okcupid-stem,CatBoost,5079,3,0.0006773200133498716,0.03547505773984919,0.02267946124658855,0.00041630483986314793,0.00041630483986314793,1.9190343295127725e-05,1.9190343295127725e-05,0.00048615254244088177,0.00048615254244088177,0.00030721590853305245,0.00030721590853305245,0.033673534348249635,0.033673534348249635,0.025058376432337014,0.025058376432337014,0.034442309317899246,0.034442309317899246,0.031058073366161964,0.031058073366161964,0.021389193541103666,0.021389193541103666,0.014005565492446607,0.014005565492446607,0.022238580964066584,0.022238580964066584,0.019211113332538953,0.019211113332538953,0.025961388667686453
okcupid-stem,ExtraTrees,5079,3,0.0022979966425398482,0.06543713169999368,0.04181035076587999,0.0016799198147511604,0.0016799198147511604,0.0013838358218480342,0.0013838358218480342,0.0009900168677443963,0.0009900168677443963,0.0013512575014478637,0.0013512575014478637,0.06200941831290259,0.06200941831290259,0.056717353022388825,0.056717353022388825,0.046559297894724294,0.046559297894724294,0.055095356410005236,0.055095356410005236,0.039471838125125294,0.039471838125125294,0.036031939222311314,0.036031939222311314,0.029612451120102794,0.029612451120102794,0.03503874282251313,0.03503874282251313,0.029333930666325614
okcupid-stem,LightGBM,5079,3,0.0006449197534057724,0.03569265388903637,0.022585002648695538,0.00012546832342034842,0.00012546832342034842,0.0,-4.0338183851351385e-05,0.00026073990247283346,0.00026073990247283346,0.0001287360752977273,0.00011529001401394349,0.0306530418509594,0.0306530418509594,0.016580794694832358,0.016580794694832358,0.03286581336787687,0.03286581336787687,0.02669988330455621,0.02669988330455621,0.01799648822042122,0.01799648822042122,0.010869562204314023,0.010869562204314023,0.019890339061449117,0.019890339061449117,0.01625212982872812,0.01625212982872812,0.027803097333768772
okcupid-stem,LinearModel,5079,3,0.001358977139256274,0.04035455534302769,0.02618270766430311,0.0,-0.00010427066763318551,0.0,-9.178866598769373e-05,0.0,-1.2606911433134219e-05,0.0,-6.95554150180045e-05,0.0,-0.0007199590975151225,0.0,-0.017562499581082074,0.01360796744871379,0.01360796744871379,0.004535989149571263,-0.001558163743294469,0.0,-0.0010623149276793357,0.0,-0.011399810072524767,0.007787608671934608,0.007787608671934608,0.002595869557311536,-0.001558172109423165,0.029134139000234427
okcupid-stem,NeuralNetFastAI,5079,3,0.001179730633992059,0.04591331654999272,0.029523740693720043,0.0004357216107755945,0.0004357216107755945,6.903820688033158e-05,6.903820688033158e-05,0.00024726387759340925,0.00024726387759340925,0.00025067456508311175,0.00025067456508311175,0.0311777300001996,0.0311777300001996,0.030553896909164515,0.030553896909164515,0.030460075372512465,0.030460075372512465,0.03073056742729219,0.03073056742729219,0.021192960614959788,0.021192960614959788,0.017865898903966615,0.017865898903966615,0.01953602305827946,0.01953602305827946,0.019531627525735288,0.019531627525735288,0.028406027666884864
okcupid-stem,NeuralNetTorch,5079,3,0.0020729826977929004,0.05774367545739686,0.03707143061087514,0.0009680551544936861,0.0009680551544936861,0.0007016668188062716,0.0007016668188062716,0.0011963896466395292,0.0011963896466395292,0.0009553705399798291,0.0009553705399798291,0.05573126099546722,0.05573126099546722,0.052959030999901166,0.052959030999901166,0.06108296690008818,0.06108296690008818,0.05659108629848553,0.05659108629848553,0.036541671309600524,0.036541671309600524,0.031698271592109084,0.031698271592109084,0.0380118641642204,0.0380118641642204,0.03541726902197667,0.03541726902197667,0.02924712499952875
okcupid-stem,RandomForest,5079,3,0.0020301497117508694,0.061505937764924634,0.03945848306873523,0.0012552024610403855,0.0012552024610403855,0.001183400659423687,0.001183400659423687,0.0015567330276386759,0.0015567330276386759,0.0013317787160342495,0.0013317787160342495,0.051954182730929166,0.051954182730929166,0.050143634024532736,0.050143634024532736,0.05752341376228278,0.05752341376228278,0.053207076839248225,0.053207076839248225,0.03343362995078614,0.03343362995078614,0.03151659007611483,0.03151659007611483,0.03599535157265773,0.03599535157265773,0.033648523866519564,0.033648523866519564,0.028990083332852617
okcupid-stem,XGBoost,5079,3,0.0014007333529837168,0.0488280841886681,0.03136542399400592,0.0005188058877416721,0.0005188058877416721,0.0001986150247889927,0.0001986150247889927,0.0005570907673090388,0.0005570907673090388,0.0004248372266132345,0.0004248372266132345,0.03673646895962687,0.03673646895962687,0.03133337029669787,0.03133337029669787,0.04078944999857385,0.04078944999857385,0.036286429751632855,0.036286429751632855,0.02174939634291009,0.02174939634291009,0.01887759645667782,0.01887759645667782,0.025283176403249653,0.025283176403249653,0.021970056400945858,0.021970056400945858,0.029060347333143
pendigits,CatBoost,1100,10,0.0021217200569293845,0.00843620447921628,0.005489822254747607,9.298768914776695e-06,9.298768914776695e-06,0.0,-0.0007086910568271626,0.0,-7.666500690196398e-05,3.0995896382588984e-06,-0.0002586857649381166,0.0026064633868158956,0.0026064633868158956,0.0029445475509274777,0.0029445475509274777,0.0,-0.004736594775627352,0.0018503369792477909,0.00027147205403867374,0.002240113980974305,0.002240113980974305,0.0018923142579280736,0.0018923142579280736,0.0,-0.004925420097268886,0.0013774760796341262,-0.00026433061945550264,0.018518499999724252
pendigits,ExtraTrees,1100,10,0.011400755688328953,0.08582264977754735,0.05268470172058738,0.009906547806330919,0.009906547806330919,0.009462827775004845,0.009462827775004845,0.011331198036040458,0.011331198036040458,0.010233524539125407,0.010233524539125407,0.0836498527020351,0.0836498527020351,0.0806559129663624,0.0806559129663624,0.08676500433495095,0.08676500433495095,0.0836902566677828,0.0836902566677828,0.05130115795055445,0.05130115795055445,0.048612520098330406,0.048612520098330406,0.0546931689754456,0.0546931689754456,0.05153561567477682,0.05153561567477682,0.019625333333048427
pendigits,LightGBM,1100,10,0.0012981148343873994,0.007797327829163665,0.005032290909330896,3.5771344941510806e-06,3.5771344941510806e-06,0.0,-4.833033939907759e-05,0.0,-6.303008236085716e-05,1.192378164717027e-06,-3.592776242192789e-05,0.0014990912723439206,0.0014990912723439206,0.0,-0.0020709653585418604,0.0,-0.006862293820467936,0.0004996970907813069,-0.0024780559688886254,0.001272055946154579,0.001272055946154579,0.0,-0.001791009839275503,0.0,-0.003934847602595665,0.000424018648718193,-0.0014846004985721965,0.020334666666409856
pendigits,LinearModel,1100,10,0.033344671098264576,0.10581121269928132,0.06990742182890308,0.0005595442667868553,0.0005595442667868553,0.0,-9.205854224887788e-05,0.0009378051540930648,0.0009378051540930648,0.00049911647362664,0.0004684302928770141,0.023709096123173182,0.023709096123173182,0.0,-9.546120450268218e-05,0.03636158413038801,0.03636158413038801,0.020023560084520397,0.0199917396830195,0.015955685514701425,0.015955685514701425,0.0008150463049340323,0.0008150463049340323,0.02279313579951825,0.02279313579951825,0.013187955873051235,0.013187955873051235,0.019998125000711298
pendigits,NeuralNetFastAI,1100,10,0.0005824192086093986,0.004819607202697482,0.0030233000243000273,0.0,-4.3509644755942267e-05,0.0,-0.00026428499983526075,0.0,-3.32469629730018e-05,0.0,-0.00011368053585473494,0.0,-0.00035201457575446683,0.0,-0.0018986596679377305,0.0,-0.0038953725066110225,0.0,-0.002048682250101073,0.0005776028715643789,0.0005776028715643789,0.0,-0.0009653634091055594,0.0,-0.0029553014873494473,0.00019253429052145963,-0.001114354008296876,0.01925698633325131
pendigits,NeuralNetTorch,1100,10,0.0009422258784420211,0.0061325000013990405,0.0038578228456889797,0.0,-3.6641017777464786e-05,0.0,-0.0009540042754142267,8.70681260666654e-05,8.70681260666654e-05,2.9022708688888465e-05,-0.0003011923890416754,0.0,-0.004939935678990556,0.0,-0.0026643998777287434,0.007768807065007744,0.007768807065007744,0.0025896023550025815,5.482383609614819e-05,0.0,-0.0025177411858587485,0.0,-0.001437641254981262,0.003750024639956648,0.003750024639956648,0.0012500082133188827,-6.845260029445428e-05,0.017775625000164535
pendigits,RandomForest,1100,10,0.010761446285082068,0.07444501663534343,0.04540471551469003,0.00915329115960931,0.00915329115960931,0.007947352224061,0.007947352224061,0.008485161407865451,0.008485161407865451,0.008528601597178586,0.008528601597178586,0.07182571043840934,0.07182571043840934,0.07065601475756227,0.07065601475756227,0.07364389352931791,0.07364389352931791,0.07204187290842984,0.07204187290842984,0.044846163117429845,0.044846163117429845,0.04166316651524799,0.04166316651524799,0.04485150075100391,0.04485150075100391,0.043786943461227246,0.043786943461227246,0.01829362499969041
pendigits,XGBoost,1100,10,0.0025062337204737146,0.011829058665083984,0.007640731205749373,1.0823635808772634e-06,1.0823635808772634e-06,0.0,-0.0006589101084186616,0.0,-0.00010391354074143155,3.6078786029242114e-07,-0.00025391376185973863,0.0,-0.0032394022535034784,0.0009790838352391905,0.0009790838352391905,0.0,-0.0035510179094324136,0.0003263612784130635,-0.0019371121092322339,0.0,-0.0011098481432332895,0.00026117253128716265,0.00026117253128716265,0.0,-0.002847071667021134,8.705751042905421e-05,-0.0012319157596557535,0.01864668033279789
robert,CatBoost,1000,10,0.017624948294056503,0.2383850026162454,0.12209890408003464,0.013852236386441017,0.013852236386441017,0.011270085832557314,0.011270085832557314,0.01673484070640557,0.01673484070640557,0.013952387641801298,0.013952387641801298,0.2335889669311164,0.2335889669311164,0.21673773931981305,0.21673773931981305,0.21975965129853467,0.21975965129853467,0.2233621191831547,0.2233621191831547,0.11583203526486395,0.11583203526486395,0.10205450548845507,0.10205450548845507,0.12182999111136283,0.12182999111136283,0.11323884395489396,0.11323884395489396,0.016306263999770938
robert,ExtraTrees,1000,10,0.0680658098179553,0.4998728279425654,0.237385178014579,0.05896405873050316,0.05896405873050316,0.04698541362079809,0.04698541362079809,0.05505688366946613,0.05505688366946613,0.05366878534025579,0.05366878534025579,0.46475524922599065,0.46475524922599065,0.4026848998095295,0.4026848998095295,0.43258513810624355,0.43258513810624355,0.4333417623805879,0.4333417623805879,0.2163877207969473,0.2163877207969473,0.19420486090846661,0.19420486090846661,0.20656708948972682,0.20656708948972682,0.20571989039838023,0.20571989039838023,0.014211930333355364
robert,LightGBM,1000,10,0.007535427270837726,0.1515053119553022,0.07433105159940193,0.0,-0.00043443165430038854,0.0,-0.0005790166481599916,0.0,-0.0002744976302700458,0.0,-0.000429315310910142,0.0,-0.04872864349432984,0.0,-0.03668872217952503,0.026039921629250784,0.026039921629250784,0.008679973876416927,-0.01979248134820136,0.0,-0.01900212888817532,0.0,-0.018007460938178163,0.013171094079288348,0.013171094079288348,0.004390364693096116,-0.007946165249021711,0.014989930667070439
robert,LinearModel,1000,10,0.24785945106419613,0.9292555489488609,0.47333529627112203,0.2190622759214911,0.2190622759214911,0.23136570376172547,0.23136570376172547,0.23186205032002455,0.23186205032002455,0.22743001000108035,0.22743001000108035,0.8886551138192613,0.8886551138192613,0.93249746671619,0.93249746671619,0.9174262082606752,0.9174262082606752,0.9128595962653755,0.9128595962653755,0.4507155225602558,0.4507155225602558,0.4649339853492479,0.4649339853492479,0.4662913040065711,0.4662913040065711,0.4606469373053583,0.4606469373053583,0.015011833333119284
robert,NeuralNetFastAI,1000,10,0.004850223811458982,0.1293875899722339,0.06304291164382365,0.0,-7.637641707771765e-05,0.0008732347429437863,0.0008732347429437863,0.0,-0.0003074465757160828,0.00029107824764792876,0.0001631372500499953,0.005273403012689016,0.005273403012689016,0.060347115954297405,0.060347115954297405,0.027792956938880307,0.027792956938880307,0.03113782530195558,0.03113782530195558,0.0,-0.00042797934206671327,0.03048112254770501,0.03048112254770501,0.007704251967825645,0.007704251967825645,0.012728458171843551,0.012585798391154646,0.02449061099954027
robert,NeuralNetTorch,1000,10,0.01393316565559233,0.22094795238396908,0.10823914274763084,0.008978421472283152,0.008978421472283152,0.005393968819429139,0.005393968819429139,0.008560155349974494,0.008560155349974494,0.007644181880562262,0.007644181880562262,0.18179064813391596,0.18179064813391596,0.12299585187570483,0.12299585187570483,0.17954513332383068,0.17954513332383068,0.16144387777781719,0.16144387777781719,0.08771337144231903,0.08771337144231903,0.07160983412702544,0.07160983412702544,0.08997496544484616,0.08997496544484616,0.08309939033806356,0.08309939033806356,0.01631684733365546
robert,RandomForest,1000,10,0.06645873146276295,0.49250925973351917,0.23481679186598217,0.06770749748844526,0.06770749748844526,0.048239810790753464,0.048239810790753464,0.05618349107508428,0.05618349107508428,0.05737693311809433,0.05737693311809433,0.4996026608397857,0.4996026608397857,0.41625288315617004,0.41625288315617004,0.4582177719970838,0.4582177719970838,0.45802443866434644,0.45802443866434644,0.24623688500311647,0.24623688500311647,0.19988601302174516,0.19988601302174516,0.21568429036087022,0.21568429036087022,0.22060239612857727,0.22060239612857727,0.01544630566665243
robert,XGBoost,1000,10,0.02338617787886926,0.29370448226336154,0.14310535579655284,0.013188268741930966,0.013188268741930966,0.011639713971627202,0.011639713971627202,0.01753776698241734,0.01753776698241734,0.014121916565325169,0.014121916565325169,0.2115966379554593,0.2115966379554593,0.22279458416119452,0.22279458416119452,0.27760409321502083,0.27760409321502083,0.2373317717772249,0.2373317717772249,0.10591116700019813,0.10591116700019813,0.10400619328248432,0.10400619328248432,0.12799319171494544,0.12799319171494544,0.11263685066587596,0.11263685066587596,0.013957138666834604
volcanoes-b1,CatBoost,1018,5,0.00045513170869576657,0.019712063861693326,0.011268150848170698,0.0006747143009013531,0.0006747143009013531,0.0,-0.0004891791870402181,0.0,-0.00011482004540019835,0.0002249047669671177,2.357168948697887e-05,0.028301572977667694,0.028301572977667694,0.007450299447060202,0.007450299447060202,0.010619844097510522,0.010619844097510522,0.01545723884074614,0.01545723884074614,0.014528156085730723,0.014528156085730723,0.0042620495281157226,0.0042620495281157226,0.007200712711505697,0.007200712711505697,0.008663639441784048,0.008663639441784048,0.012004208332655253
volcanoes-b1,ExtraTrees,1018,5,0.001626433791904622,0.032444946097926336,0.01963963246015379,0.0010163469381091375,0.0010163469381091375,0.0,-0.00027227974238497137,0.0,-0.00015773068898847562,0.00033878231270304584,0.00019544550224523017,0.03504981981353197,0.03504981981353197,0.017234990609945624,0.017234990609945624,0.01855905147316616,0.01855905147316616,0.02361462063221458,0.02361462063221458,0.02029532730229034,0.02029532730229034,0.011041718955335407,0.011041718955335407,0.012030267093069629,0.012030267093069629,0.01445577111689846,0.01445577111689846,0.011584847333627598
volcanoes-b1,LightGBM,1018,5,0.0008985909182515702,0.024625471925201824,0.014492761163882307,0.0010073744108328498,0.0010073744108328498,0.0,-0.0004678790069164558,0.0,-1.2451721325478159e-06,0.0003357914702776166,0.0001794167439279488,0.03175906996457682,0.03175906996457682,0.013234085999987181,0.013234085999987181,0.012088076679264856,0.012088076679264856,0.019027077547942955,0.019027077547942955,0.017346246428919895,0.017346246428919895,0.007297083355457911,0.007297083355457911,0.008506694254182842,0.008506694254182842,0.01105000801285355,0.01105000801285355,0.01193299999916538
volcanoes-b1,LinearModel,1018,5,0.0003019624297333631,0.017109805685544065,0.009895512143271102,0.0004560257908641386,0.0004560257908641386,2.4498399004435986e-05,2.4498399004435986e-05,0.0,-6.372878711833265e-05,0.00016017472995619154,0.00013893180091674733,0.02304238754622,0.02304238754622,0.01908967412864495,0.01908967412864495,0.011200458371218372,0.011200458371218372,0.017777506682027776,0.017777506682027776,0.013321263253247473,0.013321263253247473,0.010400916133456083,0.010400916133456083,0.0071227215319301426,0.0071227215319301426,0.010281633639544567,0.010281633639544567,0.011587680333226066
volcanoes-b1,NeuralNetFastAI,1018,5,0.0004367303630289617,0.01809172023421697,0.010486472612574045,0.00047427102499693856,0.00047427102499693856,0.0,-0.00011570156867368038,0.00035215094841747137,0.00035215094841747137,0.00027547399113813666,0.0002369068015802432,0.021582180019279442,0.021582180019279442,0.00841177276931062,0.00841177276931062,0.01764425449575748,0.01764425449575748,0.015879402428115846,0.015879402428115846,0.013091239582471572,0.013091239582471572,0.005373378944186758,0.005373378944186758,0.010815392537202134,0.010815392537202134,0.009760003687953487,0.009760003687953487,0.011506110999713806
volcanoes-b1,NeuralNetTorch,1018,5,0.000490943918788432,0.01798999759887532,0.010596111021980166,0.0008236023036697049,0.0008236023036697049,0.0,-0.0002720930676573313,0.00020070375691397024,0.00020070375691397024,0.00034143535352789176,0.00025073766430878133,0.024758902519785284,0.024758902519785284,0.010173129775993025,0.010173129775993025,0.014796471980323357,0.014796471980323357,0.016576168092033886,0.016576168092033886,0.015564497038742459,0.015564497038742459,0.006523124031649419,0.006523124031649419,0.009537253970579905,0.009537253970579905,0.010541625013657262,0.010541625013657262,0.011731444666414367
volcanoes-b1,RandomForest,1018,5,0.0012995979994181578,0.0285953144012137,0.016521986620091005,0.00216142705461212,0.00216142705461212,2.992127452833672e-05,2.992127452833672e-05,0.0009745518501575976,0.0009745518501575976,0.0010553000597660182,0.0010553000597660182,0.04107302651051312,0.04107302651051312,0.01952630629098138,0.01952630629098138,0.026098520452333247,0.026098520452333247,0.028899284417942584,0.028899284417942584,0.023150775779548403,0.023150775779548403,0.01190365930014068,0.01190365930014068,0.01604703310402242,0.01604703310402242,0.017033822727903835,0.017033822727903835,0.011693833332780438
volcanoes-b1,XGBoost,1018,5,0.000566913706494959,0.02235764534942703,0.012804585570577783,0.0006668867801986524,0.0006668867801986524,0.0,-0.000509130099289912,0.0,-0.00030989988562316766,0.0002222955933995508,-5.071440157147575e-05,0.030803606173248635,0.030803606173248635,0.013121877293091465,0.013121877293091465,0.009192604208612093,0.009192604208612093,0.017706029224984064,0.017706029224984064,0.015594858386962658,0.015594858386962658,0.007466321496230846,0.007466321496230846,0.005170008217394586,0.005170008217394586,0.009410396033529363,0.009410396033529363,0.01183522233259282
volcanoes-b2,CatBoost,1067,5,0.0005657893116520998,0.020406299096959804,0.011691870488135608,0.0,-0.00013056777511663353,0.000497956741518311,0.000497956741518311,0.00030333195447826053,0.00030333195447826053,0.00026709623199885717,0.00022357364029331264,0.014431388424177006,0.014431388424177006,0.0220171254722405,0.0220171254722405,0.0220171254722405,0.0220171254722405,0.019488546456219336,0.019488546456219336,0.006565116089939759,0.006565116089939759,0.011381551770911835,0.011381551770911835,0.012695079500830413,0.012695079500830413,0.010213915787227336,0.010213915787227336,0.012563722000777489
volcanoes-b2,ExtraTrees,1067,5,0.0027286349126300585,0.03645534381641459,0.021842911945115152,0.0,-0.00039398161672081874,0.0,-0.0005154046024688858,0.0,-0.00025355815036575796,0.0,-0.0003876481231851541,0.007498228652007491,0.007498228652007491,0.01183504433553302,0.01183504433553302,0.015020699596870996,0.015020699596870996,0.011451324194803833,0.011451324194803833,0.005144969759725062,0.005144969759725062,0.005344177577216384,0.005344177577216384,0.00923701244726324,0.00923701244726324,0.006575386594734896,0.006575386594734896,0.012764027999461783
volcanoes-b2,LightGBM,1067,5,0.0015177772409819858,0.027879087199134678,0.01652451082078418,0.0,-0.0005434706398569479,3.76166496600211e-05,3.76166496600211e-05,0.00044301668788115917,0.00044301668788115917,0.00016021111251372677,-2.0945767438589227e-05,0.012090945578823743,0.012090945578823743,0.013949802101793097,0.013949802101793097,0.023370051159809595,0.023370051159809595,0.016470266280142146,0.016470266280142146,0.005694645928935311,0.005694645928935311,0.006889665728901023,0.006889665728901023,0.014558507831313492,0.014558507831313492,0.009047606496383276,0.009047606496383276,0.012951708333275747
volcanoes-b2,LinearModel,1067,5,0.0005279930063592708,0.018225597434231154,0.010584307196040315,0.0,-0.0002450910412786851,9.402583164171697e-05,9.402583164171697e-05,0.0001455477576392564,0.0001455477576392564,7.985786309365779e-05,-1.8391506659039048e-06,0.008103553028772052,0.008103553028772052,0.015664546987297513,0.015664546987297513,0.017560476992923714,0.017560476992923714,0.013776192336331093,0.013776192336331093,0.0044906720427213,0.0044906720427213,0.007375964662262389,0.007375964662262389,0.010801366447094703,0.010801366447094703,0.007556001050692797,0.007556001050692797,0.012553694332988622
volcanoes-b2,NeuralNetFastAI,1067,5,0.0002620464904624876,0.01276449755386589,0.007379603842862986,0.0,-0.0001817618080631515,0.0002977876955055294,0.0002977876955055294,3.174340581428947e-05,3.174340581428947e-05,0.00010984370043993964,4.9256431085555786e-05,0.0,-0.01552238233681986,0.014017963378529175,0.014017963378529175,0.010544398569674134,0.010544398569674134,0.008187453982734436,0.0030133265371278164,0.0,-0.00979702186508478,0.006799992101153493,0.006799992101153493,0.006181821457895159,0.006181821457895159,0.004327271186349551,0.001061597231321291,0.012468694334529573
volcanoes-b2,NeuralNetTorch,1067,5,0.0004184984402655963,0.022335214381593735,0.012760812791060403,0.0,-0.00022014941014977872,0.0,-7.518273121903253e-05,0.0,-0.00033572974032384915,0.0,-0.0002103539605642201,0.014172347524129332,0.014172347524129332,0.0,-0.00934717935854234,0.009906328077907397,0.009906328077907397,0.008026225200678909,0.004910498747831463,0.008216911287346605,0.008216911287346605,0.0,-0.007360208093341892,0.004374613800746466,0.004374613800746466,0.0041971750293643565,0.0017437723315837262,0.012506249999811795
volcanoes-b2,RandomForest,1067,5,0.0020955785737269954,0.033422858867265516,0.019834951679019233,0.0,-0.00032061703782120297,0.0,-0.0006369053183644365,0.0,-0.00010643108609680472,0.0,-0.0003546511474274814,0.018644620573868575,0.018644620573868575,0.006820379863704285,0.006820379863704285,0.019954732692757497,0.019954732692757497,0.015139911043443454,0.015139911043443454,0.007553496843061353,0.007553496843061353,0.003251002955836737,0.003251002955836737,0.011879054628642275,0.011879054628642275,0.007561184809180122,0.007561184809180122,0.012424708333128365
volcanoes-b2,XGBoost,1067,5,0.001349724849746865,0.027897866496233874,0.015958939686801968,0.0,-0.0002717859853556028,0.0,-7.656637532200832e-05,1.8377979781979297e-05,1.8377979781979297e-05,6.125993260659766e-06,-0.00010999146029854393,0.015020780473013147,0.015020780473013147,0.01017801924982879,0.01017801924982879,0.01935753504711403,0.01935753504711403,0.01485211158998532,0.01485211158998532,0.008802226096496717,0.008802226096496717,0.006252060920733123,0.006252060920733123,0.011932788091081064,0.011932788091081064,0.0089956917027703,0.0089956917027703,0.012669236333749723
volcanoes-b5,CatBoost,999,5,0.0006123048276108617,0.020109406879677303,0.011603034396410425,0.0,-0.0002505056320415184,0.0,-5.619800215644982e-05,0.0,-0.00016451696561443509,0.0,-0.00015707353327080109,0.009441672741527296,0.009441672741527296,0.009514373119021332,0.009514373119021332,0.021526385131033346,0.021526385131033346,0.01349414366386066,0.01349414366386066,0.00595341571674331,0.00595341571674331,0.005408291449835255,0.005408291449835255,0.010411750163719992,0.010411750163719992,0.0072578191100995185,0.0072578191100995185,0.011444971999784078
volcanoes-b5,ExtraTrees,999,5,0.0025774957661788963,0.03865552344487053,0.023088190623654328,0.0,-0.0005206631618510989,0.0,-0.0003411656005954277,0.0,-0.0007412439983354893,0.0,-0.0005343575869273387,0.015207416778781624,0.015207416778781624,0.021283974021450738,0.021283974021450738,0.022490836779367654,0.022490836779367654,0.01966074252653334,0.01966074252653334,0.006998392850201528,0.006998392850201528,0.011252827510311739,0.011252827510311739,0.012689774268829616,0.012689774268829616,0.010313664876447628,0.010313664876447628,0.011367333332600538
volcanoes-b5,LightGBM,999,5,0.0009687694794763837,0.027521588372785795,0.01622497090663866,0.00013795228307951002,0.00013795228307951002,0.00011965318779003474,0.00011965318779003474,0.0,-0.0001504629078445637,8.586849028984827e-05,3.5714187674993693e-05,0.02183087297547266,0.02183087297547266,0.019882485537758707,0.019882485537758707,0.023918927755431498,0.023918927755431498,0.021877428756220955,0.021877428756220955,0.013040407228527857,0.013040407228527857,0.010123329676455184,0.010123329676455184,0.011757147227266698,0.011757147227266698,0.011640294710749913,0.011640294710749913,0.011360541666363133
volcanoes-b5,LinearModel,999,5,0.0006872098116750334,0.020867978877901847,0.012129785647234477,0.0,-0.00036405661149248363,0.0,-0.00011814061788800815,0.0,-0.000169376273146841,0.0,-0.00021719116750911093,0.008449085741833033,0.008449085741833033,0.00794957324309257,0.00794957324309257,0.01807220572247755,0.01807220572247755,0.011490288235801052,0.011490288235801052,0.006647232226465636,0.006647232226465636,0.004998515717322945,0.004998515717322945,0.010919556169591147,0.010919556169591147,0.007521768037793242,0.007521768037793242,0.011491986000085793
volcanoes-b5,NeuralNetFastAI,999,5,0.0007909577494941509,0.02439619770710307,0.014310080758064477,0.0,-6.445191940371901e-05,0.0,-5.7485185405795666e-05,0.0,-1.846609294794057e-05,0.0,-4.6801065919151744e-05,0.013419850095958325,0.013419850095958325,0.01173897296645764,0.01173897296645764,0.022391891602396085,0.022391891602396085,0.015850238221604016,0.015850238221604016,0.009024087591749363,0.009024087591749363,0.007257493393631656,0.007257493393631656,0.012859765070358882,0.012859765070358882,0.009713782018579968,0.009713782018579968,0.011493222333228914
volcanoes-b5,NeuralNetTorch,999,5,0.00048093489419967007,0.024038308728390745,0.013974620462129154,0.0,-0.00019439213519882449,1.7365222370126928e-05,1.7365222370126928e-05,0.0,-0.00038720710665192355,5.788407456708976e-06,-0.00018807800649354038,0.02505964294102302,0.02505964294102302,0.027061644943025022,0.027061644943025022,0.009043626925007004,0.009043626925007004,0.020388304936351683,0.020388304936351683,0.013228326303909103,0.013228326303909103,0.014483108602506452,0.014483108602506452,0.005961065194258442,0.005961065194258442,0.011224166700224665,0.011224166700224665,0.011385791667028874
volcanoes-b5,RandomForest,999,5,0.0019302921202535932,0.0340037352573421,0.019458604537421702,0.0,-0.0001503314190506807,0.00018996401436177329,0.00018996401436177329,0.0005528528666237004,0.0005528528666237004,0.0002476056269951579,0.0001974951539782643,0.013015683292582939,0.013015683292582939,0.022119001401032016,0.022119001401032016,0.03311118381935732,0.03311118381935732,0.022748622837657426,0.022748622837657426,0.00811004700751762,0.00811004700751762,0.012553861622462192,0.012553861622462192,0.017240307126536313,0.017240307126536313,0.012634738585505375,0.012634738585505375,0.011390625000785803
volcanoes-b5,XGBoost,999,5,0.0007743890425936602,0.025851417492325075,0.014631205277103343,0.0,-0.0003413495021405022,0.0,-4.598680663400695e-06,0.0,-0.00012913498783208405,0.0,-0.00015836105687866233,0.016036109087892714,0.016036109087892714,0.014035783172864746,0.014035783172864746,0.022603928246554005,0.022603928246554005,0.01755860683577049,0.01755860683577049,0.008894912744268233,0.008894912744268233,0.008721726030634442,0.008721726030634442,0.013518669521169903,0.013518669521169903,0.010378436098690859,0.010378436098690859,0.011900680667167762
volcanoes-b6,CatBoost,1013,5,0.0007069256956990177,0.019504170795059634,0.011221497144560243,0.000186773068391889,0.000186773068391889,0.0,-0.00012759844502968916,0.0,-0.00031177856920290494,6.2257689463963e-05,-8.420131528023504e-05,0.025540981028479067,0.025540981028479067,0.0065785038079478044,0.0065785038079478044,0.010345767510835144,0.010345767510835144,0.014155084115754004,0.014155084115754004,0.014896061102809296,0.014896061102809296,0.005315544912393597,0.005315544912393597,0.004500354666475525,0.004500354666475525,0.00823732022722614,0.00823732022722614,0.01152480566573407
volcanoes-b6,ExtraTrees,1013,5,0.0018947639006548255,0.034375314578192505,0.02048433570130177,0.0,-0.00027727611107099633,0.0,-0.0001237209313796794,0.0,-0.0001807919453477314,0.0,-0.00019392966259946905,0.023984235399719944,0.023984235399719944,0.022001963954819827,0.022001963954819827,0.015427716699138073,0.015427716699138073,0.02047130535122595,0.02047130535122595,0.0139457817778016,0.0139457817778016,0.012106564554838398,0.012106564554838398,0.011966472969562455,0.011966472969562455,0.012672939767400818,0.012672939767400818,0.011509124999671863
volcanoes-b6,LightGBM,1013,5,0.0011702734844151528,0.026357187206295495,0.015452562939601367,0.0005390246219000812,0.0005390246219000812,0.0,-5.0985938392792e-05,0.0,-3.473571302592481e-05,0.00017967487396669372,0.00015110099016045478,0.024241270344216123,0.024241270344216123,0.015014301653983793,0.015014301653983793,0.010998647936274458,0.010998647936274458,0.01675140664482479,0.01675140664482479,0.014550520556732133,0.014550520556732133,0.008452207424707921,0.008452207424707921,0.008781134965474564,0.008781134965474564,0.010594620982304874,0.010594620982304874,0.011509430667501874
volcanoes-b6,LinearModel,1013,5,0.0003547472129238345,0.017547776069100816,0.010194297857701913,0.0,-0.0002867800828146439,0.0,-0.0001931359797900559,0.0,-0.000572069049219064,0.0,-0.0003506617039412546,0.021993322270337377,0.021993322270337377,0.018046105286532502,0.018046105286532502,0.008057046542510844,0.008057046542510844,0.01603215803312691,0.01603215803312691,0.01393523417379654,0.01393523417379654,0.010647604831627003,0.010647604831627003,0.0048682966565842985,0.0048682966565842985,0.009817045220669281,0.009817045220669281,0.011405847333662678
volcanoes-b6,NeuralNetFastAI,1013,5,0.00037031572557459045,0.015836364229095075,0.00920882029898925,0.0,-5.88016484372075e-05,0.0,-2.1032649309193345e-05,0.0,-0.0005912908513091653,0.0,-0.00022370838301852204,0.015818396201754518,0.015818396201754518,0.013951169317844703,0.013951169317844703,0.007825242683502188,0.007825242683502188,0.012531602734367138,0.012531602734367138,0.010351172744292902,0.010351172744292902,0.007975771935617253,0.007975771935617253,0.004139721055339286,0.004139721055339286,0.0074888885784164805,0.0074888885784164805,0.011184055666187001
volcanoes-b6,NeuralNetTorch,1013,5,0.00048703081519714563,0.02619876223061088,0.014894723115956127,0.0,-0.000941622560852218,0.0,-3.479648875942241e-05,0.0,-0.0004851917234395307,0.0,-0.00048720359101705704,0.0024888235742726956,0.0024888235742726956,0.0,-0.0009017225197338369,0.014334825548606357,0.014334825548606357,0.005607883040959685,0.005307308867715073,0.002678666270623913,0.002678666270623913,0.0,-0.0009839137209170076,0.007320824495837339,0.007320824495837339,0.0033331635888204174,0.003005192348514748,0.01153866666694133
volcanoes-b6,RandomForest,1013,5,0.001383808946485179,0.031694412691847085,0.018766121442519327,1.2366768742809262e-06,1.2366768742809262e-06,0.0,-7.210504949527913e-05,7.667227647640294e-06,7.667227647640294e-06,2.96796817397374e-06,-2.106704832445264e-05,0.029939162748993806,0.029939162748993806,0.021424712108330555,0.021424712108330555,0.024771341866258418,0.024771341866258418,0.025378405574527595,0.025378405574527595,0.017087909877629228,0.017087909877629228,0.011443340772315751,0.011443340772315751,0.015994375200793495,0.015994375200793495,0.014841875283579492,0.014841875283579492,0.011388708334076606
volcanoes-b6,XGBoost,1013,5,0.0009507441471579504,0.02516714310221124,0.014375008060914601,2.5393084969502294e-06,2.5393084969502294e-06,0.0,-0.00020755662703247433,0.0,-0.0002641836835797971,8.464361656500765e-07,-0.0001564003340384404,0.023347886693516794,0.023347886693516794,0.012924535971007109,0.012924535971007109,0.010950202308618165,0.010950202308618165,0.015740874991047357,0.015740874991047357,0.013202722104703196,0.013202722104703196,0.008154371157055997,0.008154371157055997,0.007721070169161532,0.007721070169161532,0.009692721143640242,0.009692721143640242,0.011430485999881057
volkert,CatBoost,5831,10,0.00786869255130637,0.11370675150931676,0.06421180760410321,0.0019537852769571044,0.0019537852769571044,0.0009980164306447855,0.0009980164306447855,0.0013187037841286553,0.0013187037841286553,0.0014235018305768484,0.0014235018305768484,0.07212987066501324,0.07212987066501324,0.04812206981382988,0.04812206981382988,0.06260288976955382,0.06260288976955382,0.06095161008279898,0.06095161008279898,0.04102095719729223,0.04102095719729223,0.028790687371426957,0.028790687371426957,0.03661377922805836,0.03661377922805836,0.035475141265592515,0.035475141265592515,0.06573850000010377
volkert,ExtraTrees,5831,10,0.05372474487137684,0.375876255104135,0.20128288861963975,0.03955753455140667,0.03955753455140667,0.03530072065313662,0.03530072065313662,0.03583685624097394,0.03583685624097394,0.036898370481839075,0.036898370481839075,0.3416089735729168,0.3416089735729168,0.32396420171244866,0.32396420171244866,0.3283408097660329,0.3283408097660329,0.3313046616837995,0.3313046616837995,0.18162586427069513,0.18162586427069513,0.17285850674992623,0.17285850674992623,0.17133582858798346,0.17133582858798346,0.17527339986953494,0.17527339986953494,0.06500959733360408
volkert,LightGBM,5831,10,0.014659388676216164,0.14623174491276478,0.08363888574110404,0.0005797259555058303,0.0005797259555058303,0.0005124311563271959,0.0005124311563271959,0.0002777442597472733,0.0002777442597472733,0.0004566337905267665,0.0004566337905267665,0.05014016503155002,0.05014016503155002,0.03995382546302324,0.03995382546302324,0.030217989630000407,0.030217989630000407,0.04010399337485789,0.04010399337485789,0.029885507195842955,0.029885507195842955,0.02421432266779581,0.02421432266779581,0.021262607592246515,0.021262607592246515,0.02512081248529509,0.02512081248529509,0.07598415300041476
volkert,LinearModel,5831,10,0.03507931014555769,0.2746011329628368,0.14889917754229445,0.001874156391256873,0.001874156391256873,0.0011961035026090644,0.0011961035026090644,0.0012107196841012638,0.0012107196841012638,0.0014269931926557337,0.0014269931926557337,0.08155009257815989,0.08155009257815989,0.0645847551730204,0.0645847551730204,0.06482785635340481,0.06482785635340481,0.07032090136819504,0.07032090136819504,0.04393228630444007,0.04393228630444007,0.03686460236031246,0.03686460236031246,0.036740400069097914,0.036740400069097914,0.039179096244616816,0.039179096244616816,0.0639534166669667
volkert,NeuralNetFastAI,5831,10,0.0047297946708924786,0.0946615503279002,0.051902588674734886,0.0,-0.0007607184376632685,0.0,-0.0005359488674561949,0.0,-0.0007153747311786105,0.0,-0.0006706806787660247,0.0051498874661061525,0.0051498874661061525,0.0,-0.011408070433646264,0.0,-0.008448345893053573,0.0017166291553687176,-0.004902176286864562,0.0,-0.0014193416608248635,0.0,-0.00813395739638079,0.0,-0.004996560526877992,0.0,-0.004849953194694548,0.061008513999695424
volkert,NeuralNetTorch,5831,10,0.0042187959189809755,0.08354234758628522,0.04636418943327202,0.00011254389285398605,0.00011254389285398605,0.0,-0.00010335535434576889,0.0,-9.980974832293142e-05,3.751463095132869e-05,-3.0207069938238083e-05,0.018786872190817584,0.018786872190817584,0.0,-0.02341194562890533,0.0,-0.016881003338845773,0.0062622907302725276,-0.00716869225897784,0.014046635868268239,0.014046635868268239,0.0,-0.014804629087868294,0.0,-0.010043924549307637,0.004682211956089413,-0.003600639256302564,0.06220934733331281
volkert,RandomForest,5831,10,0.04768371300717827,0.3453452348329215,0.1850196624249789,0.03201355925703659,0.03201355925703659,0.028773167374362286,0.028773167374362286,0.02971195607597312,0.02971195607597312,0.030166227569123998,0.030166227569123998,0.3062474182356006,0.3062474182356006,0.2951305684374388,0.2951305684374388,0.29474221005893303,0.29474221005893303,0.29870673224399075,0.29870673224399075,0.16317836072393543,0.16317836072393543,0.15472339710063315,0.15472339710063315,0.15592229831714935,0.15592229831714935,0.15794135204723933,0.15794135204723933,0.06045327766575307
volkert,XGBoost,5831,10,0.01592521201740465,0.14419241851537037,0.08394488565491044,1.502653483802324e-05,1.502653483802324e-05,0.0,-0.0002056683750350108,7.768312630537638e-05,7.768312630537638e-05,3.09032203811332e-05,-3.7652904630537056e-05,0.012256815755442876,0.012256815755442876,0.013167652716572826,0.013167652716572826,0.01911191144149431,0.01911191144149431,0.014845459971170004,0.014845459971170004,0.005745085781316155,0.005745085781316155,0.0051030253714888524,0.0051030253714888524,0.009922046388126845,0.009922046388126845,0.006923385846977284,0.006923385846977284,0.0679232776662199
