dataset,model,test_size,n_classes,true_brier,true_l1,true_l2,WS-CatBoost_brier_draw0,WS-CatBoost_brier_draw0_unclipped,WS-CatBoost_brier_draw1,WS-CatBoost_brier_draw1_unclipped,WS-CatBoost_brier_draw2,WS-CatBoost_brier_draw2_unclipped,WS-CatBoost_brier,WS-CatBoost_brier_unclipped,WS-CatBoost_l1_draw0,WS-CatBoost_l1_draw0_unclipped,WS-CatBoost_l1_draw1,WS-CatBoost_l1_draw1_unclipped,WS-CatBoost_l1_draw2,WS-CatBoost_l1_draw2_unclipped,WS-CatBoost_l1,WS-CatBoost_l1_unclipped,WS-CatBoost_l2_draw0,WS-CatBoost_l2_draw0_unclipped,WS-CatBoost_l2_draw1,WS-CatBoost_l2_draw1_unclipped,WS-CatBoost_l2_draw2,WS-CatBoost_l2_draw2_unclipped,WS-CatBoost_l2,WS-CatBoost_l2_unclipped,WS-CatBoost_time
Diabetes130US,CatBoost,10177,3,0.0016086395196506246,0.05733175133226558,0.03656954341112219,0.0008828376477365222,0.0008828376477365222,0.0007557413147994674,0.0007557413147994674,0.0009590437914386569,0.0009590437914386569,0.0008658742513248822,0.0008658742513248822,0.04181580080841001,0.04181580080841001,0.04497001958217362,0.04497001958217362,0.04426125981040109,0.04426125981040109,0.043682360066994906,0.043682360066994906,0.027746853708879346,0.027746853708879346,0.02985888387400634,0.02985888387400634,0.029516923336908953,0.029516923336908953,0.029040886973264884,0.029040886973264884,3.672546166667113
Diabetes130US,ExtraTrees,10177,3,0.003548031191907819,0.08519960534726378,0.05444837368851004,0.0029329659151274188,0.0029329659151274188,0.002430961749482739,0.002430961749482739,0.0025668095495451604,0.0025668095495451604,0.0026435790713851062,0.0026435790713851062,0.08464992385071367,0.08464992385071367,0.0739675940150684,0.0739675940150684,0.06490364100493419,0.06490364100493419,0.07450705295690542,0.07450705295690542,0.051151257623816816,0.051151257623816816,0.046609560357797994,0.046609560357797994,0.04497321606618592,0.04497321606618592,0.04757801134926692,0.04757801134926692,3.597317166666471
Diabetes130US,LightGBM,10177,3,0.0016027445670819015,0.055730741722379774,0.03604141421709866,0.000873393117140761,0.000873393117140761,0.0003770553266631438,0.0003770553266631438,0.0008953952217479051,0.0008953952217479051,0.0007152812218506033,0.0007152812218506033,0.03998872132984146,0.03998872132984146,0.037949229020929544,0.037949229020929544,0.04127396877305622,0.04127396877305622,0.03973730637460907,0.03973730637460907,0.024856888887571534,0.024856888887571534,0.02382362557333956,0.02382362557333956,0.0293671682946628,0.0293671682946628,0.026015894251857963,0.026015894251857963,3.5737171110001023
Diabetes130US,LinearModel,10177,3,0.002149691995999166,0.052393972870647884,0.03394398822824026,0.000993720399614315,0.000993720399614315,0.0013911071439051527,0.0013911071439051527,0.0007417668679931593,0.0007417668679931593,0.0010421981371708756,0.0010421981371708756,0.027813173766110196,0.027813173766110196,0.04812739114135513,0.04812739114135513,0.026527508049015668,0.026527508049015668,0.034156024318827,0.034156024318827,0.01725511876189346,0.01725511876189346,0.02976882451512994,0.02976882451512994,0.018755414058392136,0.018755414058392136,0.021926452445138512,0.021926452445138512,4.178699222332701
Diabetes130US,NeuralNetFastAI,10177,3,0.0016481854562203908,0.05695356242020088,0.03636952127109828,0.0010496669799149121,0.0010496669799149121,0.000961035683668773,0.000961035683668773,0.0004015808092735746,0.0004015808092735746,0.0008040944909524199,0.0008040944909524199,0.050909649437408534,0.050909649437408534,0.05483404239402623,0.05483404239402623,0.03726267589716841,0.03726267589716841,0.04766878924286772,0.04766878924286772,0.032324734771475204,0.032324734771475204,0.033165819725028044,0.033165819725028044,0.0240263266169159,0.0240263266169159,0.029838960371139717,0.029838960371139717,3.5674211529997897
Diabetes130US,NeuralNetTorch,10177,3,0.0011759317898800547,0.050708863385009975,0.03194255125827821,0.0009796649026574437,0.0009796649026574437,0.0005901037231857083,0.0005901037231857083,0.00021502690562283432,0.00021502690562283432,0.0005949318438219954,0.0005949318438219954,0.054095776321620284,0.054095776321620284,0.04392172154507688,0.04392172154507688,0.028663333330877762,0.028663333330877762,0.042226943732524974,0.042226943732524974,0.031550641379246486,0.031550641379246486,0.026609013398148935,0.026609013398148935,0.019606340425161614,0.019606340425161614,0.025921998400852343,0.025921998400852343,3.78834970833365
Diabetes130US,RandomForest,10177,3,0.002665146142226344,0.07671693249991687,0.04834042504195794,0.002319614679518114,0.002319614679518114,0.0017056628144595453,0.0017056628144595453,0.002121044315731857,0.002121044315731857,0.002048773936569839,0.002048773936569839,0.07490203679210093,0.07490203679210093,0.07207509300498467,0.07207509300498467,0.06311514886419892,0.06311514886419892,0.0700307595537615,0.0700307595537615,0.046130008287588994,0.046130008287588994,0.043515256480313916,0.043515256480313916,0.042585641142172725,0.042585641142172725,0.04407696863669188,0.04407696863669188,3.5878899166673364
Diabetes130US,XGBoost,10177,3,0.001967571817568942,0.06423117164511656,0.041152343651050104,0.001672434073094227,0.001672434073094227,0.001052620615020555,0.001052620615020555,0.001201776155939446,0.001201776155939446,0.001308943614684743,0.001308943614684743,0.06084564017266265,0.06084564017266265,0.055175089369434376,0.055175089369434376,0.054828773058339234,0.054828773058339234,0.05694983420014541,0.05694983420014541,0.037228060565389576,0.037228060565389576,0.033843714147197536,0.033843714147197536,0.03405076339210526,0.03405076339210526,0.035040846034897453,0.035040846034897453,3.4317668193325517
GesturePhaseSegmentationProcessed,CatBoost,988,5,0.0071668965344737845,0.10136794115145573,0.060671430553177176,0.0030881800632962778,0.0030881800632962778,0.002395167315887663,0.002395167315887663,0.002767577092186183,0.002767577092186183,0.0027503081571233746,0.0027503081571233746,0.075892414590608,0.075892414590608,0.07903725069888648,0.07903725069888648,0.07529287973322706,0.07529287973322706,0.07674084834090718,0.07674084834090718,0.05144691123784446,0.05144691123784446,0.04954156887000075,0.04954156887000075,0.048982066615556215,0.048982066615556215,0.04999018224113381,0.04999018224113381,3.355175638667182
GesturePhaseSegmentationProcessed,ExtraTrees,988,5,0.06162996186083821,0.38642976097806614,0.22302738728114585,0.053021950413001055,0.053021950413001055,0.05292897997754984,0.05292897997754984,0.051202820395322216,0.051202820395322216,0.052384583595291044,0.052384583595291044,0.3769973030936248,0.3769973030936248,0.3694939298671427,0.3694939298671427,0.37027665158788503,0.37027665158788503,0.3722559615162175,0.3722559615162175,0.21125331312307807,0.21125331312307807,0.20581572941852283,0.20581572941852283,0.21991894195988781,0.21991894195988781,0.2123293281671629,0.2123293281671629,3.333462916667486
GesturePhaseSegmentationProcessed,LightGBM,988,5,0.014010699391688738,0.1417867914176726,0.08536326801701195,0.0015757408558195246,0.0015757408558195246,0.012963155762218018,0.012963155762218018,0.012864915194682277,0.012864915194682277,0.009134603937573274,0.009134603937573274,0.03664054436680465,0.03664054436680465,0.1446636792893422,0.1446636792893422,0.1368046175084527,0.1368046175084527,0.10603628038819986,0.10603628038819986,0.034110120123616486,0.034110120123616486,0.0885560842244933,0.0885560842244933,0.08990410704470342,0.08990410704470342,0.07085677046427107,0.07085677046427107,3.2320561390006333
GesturePhaseSegmentationProcessed,LinearModel,988,5,0.036262875774159244,0.26025479376216326,0.14945089609966328,0.007707024401085594,0.007707024401085594,0.005207202244506551,0.005207202244506551,0.005627459012792857,0.005627459012792857,0.006180561886128334,0.006180561886128334,0.1649473722754625,0.1649473722754625,0.08675997059675099,0.08675997059675099,0.08479828118310517,0.08479828118310517,0.11216854135177289,0.11216854135177289,0.08414464267788432,0.08414464267788432,0.061438308630751774,0.061438308630751774,0.04777770661964639,0.04777770661964639,0.06445355264276083,0.06445355264276083,3.2285572223324075
GesturePhaseSegmentationProcessed,NeuralNetFastAI,988,5,0.006906013966221273,0.11322902470226533,0.06562246978647254,0.0015907108501900353,0.0015907108501900353,0.0,-0.0007393731723858241,0.0028362947399485643,0.0028362947399485643,0.0014756685300462,0.0012292108059175919,0.07523147065281192,0.07523147065281192,0.021444256279959543,0.021444256279959543,0.07143158911214229,0.07143158911214229,0.05603577201497125,0.05603577201497125,0.04908504480946247,0.04908504480946247,0.008554287191083464,0.008554287191083464,0.04524269215052131,0.04524269215052131,0.03429400805035575,0.03429400805035575,3.242664124999768
GesturePhaseSegmentationProcessed,NeuralNetTorch,988,5,0.0018030478356820577,0.06313178062008257,0.03635655897692895,0.0,-0.0003074128362763305,0.0,-0.0003363797889736732,0.001123911939566206,0.001123911939566206,0.00037463731318873535,0.00016003977143873413,0.006496521265775546,0.006496521265775546,0.060250792876752765,0.060250792876752765,0.04896645967396682,0.04896645967396682,0.03857125793883171,0.03857125793883171,0.008548938946372783,0.008548938946372783,0.03439637878563249,0.03439637878563249,0.03432538553388797,0.03432538553388797,0.025756901088631084,0.025756901088631084,3.2721681666662334
GesturePhaseSegmentationProcessed,RandomForest,988,5,0.04442749298032476,0.3237571456269545,0.18541876920669065,0.03976057592818748,0.03976057592818748,0.03376566468517664,0.03376566468517664,0.034543918856341525,0.034543918856341525,0.03602338648990188,0.03602338648990188,0.320155192649181,0.320155192649181,0.29612685192110516,0.29612685192110516,0.31992577252741716,0.31992577252741716,0.3120692723659011,0.3120692723659011,0.18054651355104728,0.18054651355104728,0.164345168616187,0.164345168616187,0.17887020420831223,0.17887020420831223,0.1745872954585155,0.1745872954585155,3.2547623886675865
GesturePhaseSegmentationProcessed,XGBoost,988,5,0.015086708835272444,0.14883599315146373,0.09029044301814813,0.00498955936030334,0.00498955936030334,0.009848752488069792,0.009848752488069792,0.011687801320626209,0.011687801320626209,0.00884203772299978,0.00884203772299978,0.08876836474593972,0.08876836474593972,0.13226775500737975,0.13226775500737975,0.12352585024251563,0.12352585024251563,0.1148539899986117,0.1148539899986117,0.04852577512176308,0.04852577512176308,0.08061407232193206,0.08061407232193206,0.07986267068168623,0.07986267068168623,0.0696675060417938,0.0696675060417938,3.6876659166664467
Indian_pines,CatBoost,915,8,0.0049242090128783465,0.04483090896832079,0.030277541065110793,0.0013546170758287727,0.0013546170758287727,0.002080657250023169,0.002080657250023169,0.0,-0.0007537933835048247,0.0011450914419506473,0.0008938269807823723,0.0018700817054026198,0.0018700817054026198,0.03110165674721731,0.03110165674721731,0.027666931048818143,0.027666931048818143,0.02021288983381269,0.02021288983381269,0.006260083316449069,0.006260083316449069,0.020442125501241384,0.020442125501241384,0.019207281960370904,0.019207281960370904,0.015303163592687118,0.015303163592687118,3.714900374999464
Indian_pines,ExtraTrees,915,8,0.0228636249841085,0.1692029355968209,0.11711849299896687,0.02717875265271187,0.02717875265271187,0.021798579129466714,0.021798579129466714,0.019327783356042186,0.019327783356042186,0.022768371712740255,0.022768371712740255,0.17917031827190308,0.17917031827190308,0.1622227751264337,0.1622227751264337,0.15070341496541742,0.15070341496541742,0.16403216945458474,0.16403216945458474,0.12605546499025613,0.12605546499025613,0.1129980356063875,0.1129980356063875,0.1047258764912448,0.1047258764912448,0.11459312569596282,0.11459312569596282,3.5197707636677174
Indian_pines,LightGBM,915,8,0.0024434344198273083,0.028719104669641775,0.019403360594115876,0.0006085000992012177,0.0006085000992012177,0.0017736175331474042,0.0017736175331474042,0.0015461371320179055,0.0015461371320179055,0.0013094182547888425,0.0013094182547888425,0.0,-0.010536231792988746,0.026537066579292463,0.026537066579292463,0.022012492804679824,0.022012492804679824,0.016183186461324096,0.012671109196994513,0.0,-0.004088969678059193,0.017047753523446795,0.017047753523446795,0.01283842520835339,0.01283842520835339,0.009962059577266728,0.00859906968458033,3.4221005140000975
Indian_pines,LinearModel,915,8,0.005636388128951369,0.03233415423215235,0.021422567452381667,0.0,-0.0002193575971440404,0.0,-0.0008686573388225047,0.0,-0.001996634990563558,0.0,-0.0010282166421767011,0.03147722130999724,0.03147722130999724,0.022877550712232932,0.022877550712232932,0.0,-0.006023994538239868,0.01811825734074339,0.0161102591613301,0.01933804943027831,0.01933804943027831,0.011737351540125186,0.011737351540125186,0.0,-0.0058170343850773515,0.010358466990134499,0.008419455528442048,3.389152888999282
Indian_pines,NeuralNetFastAI,915,8,0.0020159553803426773,0.016621540769085192,0.011178810718330563,0.0,-7.786758300834659e-05,0.0019990772891159835,0.0019990772891159835,0.0,-0.0008611786673059518,0.0006663590963719945,0.0003533436796005617,0.0,-0.006897287844505811,0.017709621206069844,0.017709621206069844,0.0,-0.0012192238125308796,0.0059032070686899476,0.003197703183011051,0.0,-0.0036389542856740706,0.01261429983674861,0.01261429983674861,0.0,-0.0007093724092383541,0.004204766612249537,0.0027553243806120614,3.3760444303334225
Indian_pines,NeuralNetTorch,915,8,0.0006908872503069405,0.014824366441958978,0.010027484402378712,0.0,-0.0003648472641405952,0.0,-0.0010758818621680755,0.0,-0.00045624850401323634,0.0,-0.0006323258767739691,0.007926659942177682,0.007926659942177682,0.0,-0.006869074038187323,0.0,-6.070736132540934e-06,0.002642219980725894,0.00035050505595260597,0.0037883437302687565,0.0037883437302687565,0.0,-0.0039979964363155845,2.412259486845481e-05,2.412259486845481e-05,0.0012708221083790705,-6.184337039279109e-05,3.3976615833331985
Indian_pines,RandomForest,915,8,0.020138384325996777,0.15703055875663371,0.10881000794122941,0.023994323002719857,0.023994323002719857,0.017146209090527605,0.017146209090527605,0.01278768946782268,0.01278768946782268,0.017976073853690048,0.017976073853690048,0.1756873662931307,0.1756873662931307,0.1619744685904361,0.1619744685904361,0.12478661141756571,0.12478661141756571,0.15414948210037752,0.15414948210037752,0.1238263102959652,0.1238263102959652,0.11380893493686882,0.11380893493686882,0.08618080227841876,0.08618080227841876,0.10793868250375094,0.10793868250375094,3.379573305666175
Indian_pines,XGBoost,915,8,0.004582054492342882,0.045270129598377014,0.030935784689916663,0.0009119775498474472,0.0009119775498474472,0.0007466060514395838,0.0007466060514395838,0.0033628809907205307,0.0033628809907205307,0.0016738215306691872,0.0016738215306691872,0.0336068241294688,0.0336068241294688,0.037132083722382685,0.037132083722382685,0.03756595468497398,0.03756595468497398,0.03610162084560849,0.03610162084560849,0.02126139820207418,0.02126139820207418,0.026578512867504397,0.026578512867504397,0.02691787516478301,0.02691787516478301,0.024919262078120532,0.024919262078120532,3.3640409583325286
Traffic_violations,CatBoost,7034,3,0.00048591279209783293,0.02465501577948444,0.017392922982024463,7.383238289051388e-05,7.383238289051388e-05,0.0004170254592323055,0.0004170254592323055,0.0,-0.00032327749646444574,0.00016361928070760649,5.5860115219457893e-05,0.01907466966816631,0.01907466966816631,0.03732575339755748,0.03732575339755748,0.00763063294576599,0.00763063294576599,0.02134368533716326,0.02134368533716326,0.013577306027100078,0.013577306027100078,0.026229306328111025,0.026229306328111025,0.005282917911362806,0.005282917911362806,0.015029843422191302,0.015029843422191302,3.3717649166659007
Traffic_violations,ExtraTrees,7034,3,0.0013607883365434332,0.04047196817797265,0.028445189804474223,0.0005722026943906269,0.0005722026943906269,0.0014425328708329102,0.0014425328708329102,0.0002583944579696837,0.0002583944579696837,0.0007577100077310736,0.0007577100077310736,0.03938880545688995,0.03938880545688995,0.04600856317348026,0.04600856317348026,0.017142952795179224,0.017142952795179224,0.034180107141849804,0.034180107141849804,0.027656568941819552,0.027656568941819552,0.03233971097077377,0.03233971097077377,0.01189211785821229,0.01189211785821229,0.023962799256935202,0.023962799256935202,3.413292014000035
Traffic_violations,LightGBM,7034,3,0.0010193978068248166,0.036138988876151176,0.02531730562810956,0.00035104422574115527,0.00035104422574115527,0.0006396547710301974,0.0006396547710301974,0.0006331773404876272,0.0006331773404876272,0.0005412921124196599,0.0005412921124196599,0.03003498425723799,0.03003498425723799,0.032871071631357024,0.032871071631357024,0.03663009210876634,0.03663009210876634,0.03317871599912045,0.03317871599912045,0.02101306627023323,0.02101306627023323,0.02267962116815844,0.02267962116815844,0.025962225607409732,0.025962225607409732,0.023218304348600467,0.023218304348600467,3.416529680667736
Traffic_violations,LinearModel,7034,3,0.00171924151251214,0.03555607506895476,0.024279215407125836,0.0012099184608728723,0.0012099184608728723,0.0015580934759631265,0.0015580934759631265,2.3028973686614277e-05,2.3028973686614277e-05,0.0009303469701742044,0.0009303469701742044,0.04056089902261723,0.04056089902261723,0.04375651856927289,0.04375651856927289,0.0,-0.009261999475716534,0.028105805863963374,0.0250184727053912,0.02790869196375558,0.02790869196375558,0.03038488722030137,0.03038488722030137,0.0,-0.007350120451972849,0.019431193061352315,0.0169811529106947,3.4092626113330575
Traffic_violations,NeuralNetFastAI,7034,3,0.0007873078875786522,0.027239715217720558,0.01903225005183275,0.00014661104502547624,0.00014661104502547624,0.00042853257030101385,0.00042853257030101385,0.0001330137947106361,0.0001330137947106361,0.0002360524700123754,0.0002360524700123754,0.020671369921942222,0.020671369921942222,0.027939154502384978,0.027939154502384978,0.0,-0.0037936419714138057,0.0162035081414424,0.014938960817637799,0.014367500012146853,0.014367500012146853,0.01936349484870904,0.01936349484870904,0.0,-0.0027851863519097347,0.01124366495361863,0.010315269502982052,3.365398930665833
Traffic_violations,NeuralNetTorch,7034,3,0.0014551262194951256,0.04330329635892014,0.030279246680878422,0.0012401652943300674,0.0012401652943300674,0.0013100939814517712,0.0013100939814517712,7.814066340019695e-05,7.814066340019695e-05,0.0008761333130606784,0.0008761333130606784,0.045116055129974145,0.045116055129974145,0.047541303021773035,0.047541303021773035,0.03763487750297891,0.03763487750297891,0.04343074521824203,0.04343074521824203,0.031484345361621965,0.031484345361621965,0.033940377902615865,0.033940377902615865,0.026048411940995334,0.026048411940995334,0.030491045068411052,0.030491045068411052,3.4061980279996837
Traffic_violations,RandomForest,7034,3,0.0018002708426171265,0.047586669590003176,0.033512978129443184,0.0021323525643692333,0.0021323525643692333,0.001440726483693902,0.001440726483693902,0.0011255474351184202,0.0011255474351184202,0.0015662088277271851,0.0015662088277271851,0.04075267157825464,0.04075267157825464,0.04451792383372993,0.04451792383372993,0.03591984326834548,0.03591984326834548,0.04039681289344335,0.04039681289344335,0.028660616998332417,0.028660616998332417,0.03116064795857157,0.03116064795857157,0.025393223078807398,0.025393223078807398,0.028404829345237127,0.028404829345237127,3.412743208333268
Traffic_violations,XGBoost,7034,3,0.0004592308860081075,0.02440214500595531,0.016983586306610128,0.0,-0.00018504840694320642,0.0,-0.00021727467300377255,5.5277381101209604e-05,5.5277381101209604e-05,1.8425793700403202e-05,-0.00011568189961525644,0.00966956990246658,0.00966956990246658,0.014354904351239487,0.014354904351239487,0.019539750856079525,0.019539750856079525,0.014521408369928532,0.014521408369928532,0.0063375265210160545,0.0063375265210160545,0.00975656457538769,0.00975656457538769,0.013810012747963746,0.013810012747963746,0.009968034614789163,0.009968034614789163,3.376674416666598
artificial-characters,CatBoost,1022,10,0.008576866745938369,0.09014940381504767,0.05703745974256834,0.0,-0.0020354337517686995,0.0001112408124186038,0.0001112408124186038,0.00013597491978857944,0.00013597491978857944,8.240524406906109e-05,-0.0005960726731871721,0.0,-0.010536242965842229,0.03893885920023354,0.03893885920023354,0.034867717272249535,0.034867717272249535,0.024602192157494356,0.021090111168880283,0.0,-0.0057792391822097,0.025134166282111656,0.025134166282111656,0.022101021000634716,0.022101021000634716,0.015745062427582123,0.013818649366845556,3.642494458334113
artificial-characters,ExtraTrees,1022,10,0.042348911993169355,0.2526445941669373,0.1610002531254145,0.02725881359261462,0.02725881359261462,0.04111127447191138,0.04111127447191138,0.041747002177597706,0.041747002177597706,0.03670569674737457,0.03670569674737457,0.2179376160778188,0.2179376160778188,0.25160093578185244,0.25160093578185244,0.24843150559376018,0.24843150559376018,0.23932335248447714,0.23932335248447714,0.13593136567138484,0.13593136567138484,0.16378173085850833,0.16378173085850833,0.16333491843896691,0.16333491843896691,0.15434933832295336,0.15434933832295336,3.886037097333125
artificial-characters,LightGBM,1022,10,0.00794627976236701,0.06837172011934788,0.04346876478101381,0.0,-0.003277286311896828,0.0009289795300456534,0.0009289795300456534,0.0,-0.0019523404393332938,0.00030965984334855115,-0.0014335490737281563,0.0,-0.025022363284955305,0.039660889378390934,0.039660889378390934,0.0,-0.027670271546867284,0.013220296459463645,-0.004343915151143885,0.0,-0.01629202673887614,0.02482159104698504,0.02482159104698504,0.0,-0.018974658530101347,0.008273863682328348,-0.0034816980739974814,4.136950694667273
artificial-characters,LinearModel,1022,10,0.4122181119631924,1.137252286753229,0.5907205664368463,0.17201664705239184,0.17201664705239184,0.15867548761943298,0.15867548761943298,0.15914125662614975,0.15914125662614975,0.16327779709932486,0.16327779709932486,0.7309052225309022,0.7309052225309022,0.74562298748624,0.74562298748624,0.764489815312908,0.764489815312908,0.7470060084433502,0.7470060084433502,0.36758197773460516,0.36758197773460516,0.3662334641811687,0.3662334641811687,0.36006276645100566,0.36006276645100566,0.36462606945559317,0.36462606945559317,4.31689795833275
artificial-characters,NeuralNetFastAI,1022,10,0.004103091922015901,0.0711852478622672,0.044451971453939754,0.000914985040008036,0.000914985040008036,0.002480965969155768,0.002480965969155768,0.0,-0.0040311877317002415,0.001131983669721268,-0.00021174557417881243,0.03703623536290902,0.03703623536290902,0.0749287865805504,0.0749287865805504,0.0,-0.015335586053340561,0.03732167398115314,0.03220981196337295,0.021874075418052502,0.021874075418052502,0.05704421350339155,0.05704421350339155,0.0,-0.009929562508056775,0.026306096307148016,0.022996242137795758,3.5629807639998035
artificial-characters,NeuralNetTorch,1022,10,0.005123686153767621,0.07923117662745924,0.0483003772312462,0.0,-0.0011948688454652514,0.0,-0.0015164657170429372,0.0,-0.0029422121366855284,0.0,-0.0018845155663979058,0.0,-0.013050517304023478,0.04193949193669446,0.04193949193669446,0.0,-0.03696791972979942,0.01397983064556482,-0.0026929816990428116,0.0,-0.00548743897514401,0.028253097114707623,0.028253097114707623,0.0,-0.023452537530330983,0.009417699038235874,-0.00022895979692245708,3.3660332639992703
artificial-characters,RandomForest,1022,10,0.043009199595340275,0.248355979177513,0.15988631128690328,0.027816871682010972,0.027816871682010972,0.036988840269321484,0.036988840269321484,0.039870742043031086,0.039870742043031086,0.03489215133145451,0.03489215133145451,0.21147612058706022,0.21147612058706022,0.23804550379985698,0.23804550379985698,0.25101806788856096,0.25101806788856096,0.23351323075849273,0.23351323075849273,0.13615182011538976,0.13615182011538976,0.15693452012378947,0.15693452012378947,0.16180891850838566,0.16180891850838566,0.15163175291585496,0.15163175291585496,3.7061763886667904
artificial-characters,XGBoost,1022,10,0.010560751888096277,0.07709857949591896,0.04908057121956061,0.0,-0.0009627333186411607,0.0017864150167333306,0.0017864150167333306,0.0,-0.0013456263688389212,0.0005954716722444436,-0.00017398155691558374,0.0,-0.006847668466371006,0.038872054842180696,0.038872054842180696,0.0,-0.005090632499873066,0.012957351614060232,0.008977917958645542,0.0,-0.00316294129560208,0.026018694724254332,0.026018694724254332,0.0,-0.0021432621681821444,0.008672898241418111,0.006904163753490036,3.4808450416664223
connect-4,CatBoost,6756,3,0.004427499665650684,0.06570158453845441,0.042823903051512735,0.005067678084673204,0.005067678084673204,0.003937698437514784,0.003937698437514784,0.003988131306651213,0.003988131306651213,0.004331169276279734,0.004331169276279734,0.0662879998645292,0.0662879998645292,0.06381446337449376,0.06381446337449376,0.06265148048554361,0.06265148048554361,0.06425131457485553,0.06425131457485553,0.04332627148634004,0.04332627148634004,0.04211419778518136,0.04211419778518136,0.042436818890839556,0.042436818890839556,0.04262576272078699,0.04262576272078699,3.413468319333333
connect-4,ExtraTrees,6756,3,0.0166603770583421,0.1729757911490274,0.11208573497292576,0.015148696388910927,0.015148696388910927,0.016830203693722984,0.016830203693722984,0.015432819645714111,0.015432819645714111,0.01580390657611601,0.01580390657611601,0.16695507884421124,0.16695507884421124,0.1717319358239447,0.1717319358239447,0.1629877039950218,0.1629877039950218,0.16722490622105923,0.16722490622105923,0.10570761189823302,0.10570761189823302,0.11288211047581571,0.11288211047581571,0.1068017502396572,0.1068017502396572,0.10846382420456864,0.10846382420456864,3.3913748749995043
connect-4,LightGBM,6756,3,0.004029432043026862,0.06185400753839046,0.04016068561421418,0.0047997310965727236,0.0047997310965727236,0.0028159365962841724,0.0028159365962841724,0.0033407510403344154,0.0033407510403344154,0.0036521395777304373,0.0036521395777304373,0.06698706499277111,0.06698706499277111,0.048816914789900585,0.048816914789900585,0.056412665834150326,0.056412665834150326,0.05740554853894068,0.05740554853894068,0.04505432737498922,0.04505432737498922,0.030713273871974794,0.030713273871974794,0.03724621621506221,0.03724621621506221,0.03767127248734207,0.03767127248734207,3.4073113056668567
connect-4,LinearModel,6756,3,0.0021389235917375405,0.06424349517259093,0.041033344683017545,0.00010827864945022921,0.00010827864945022921,0.0010450378746075858,0.0010450378746075858,0.0013207020480052911,0.0013207020480052911,0.0008246728573543686,0.0008246728573543686,0.025540910603878766,0.025540910603878766,0.04963243093555413,0.04963243093555413,0.05796832970703477,0.05796832970703477,0.04438055708215589,0.04438055708215589,0.017683942434551608,0.017683942434551608,0.03210348686698999,0.03210348686698999,0.03639745238165848,0.03639745238165848,0.028728293894400025,0.028728293894400025,3.375767124999887
connect-4,NeuralNetFastAI,6756,3,0.002113800894790454,0.0472011043983557,0.03058543758800198,0.0008923294437831548,0.0008923294437831548,0.001731571237989457,0.001731571237989457,0.00028851672719200263,0.00028851672719200263,0.0009708058029882048,0.0009708058029882048,0.03982681319158189,0.03982681319158189,0.04493596578971403,0.04493596578971403,0.02645666777131075,0.02645666777131075,0.037073148917535555,0.037073148917535555,0.023977789553854215,0.023977789553854215,0.02994419943244887,0.02994419943244887,0.017245912196260524,0.017245912196260524,0.023722633727521203,0.023722633727521203,3.3388381666676046
connect-4,NeuralNetTorch,6756,3,0.0007716482532119061,0.02609551317041516,0.016704406655984397,0.0,-9.918517883447732e-05,0.0,-4.088529524639862e-05,0.0004699488688046538,0.0004699488688046538,0.0001566496229348846,0.00010995946490792597,0.012207018877013451,0.012207018877013451,0.019196903882970403,0.019196903882970403,0.019679160761411515,0.019679160761411515,0.01702769450713179,0.01702769450713179,0.007209593268653421,0.007209593268653421,0.013231904510426083,0.013231904510426083,0.013777225116202984,0.013777225116202984,0.011406240965094162,0.011406240965094162,3.303900986333853
connect-4,RandomForest,6756,3,0.013029208573619291,0.15945840389129867,0.10222971748259368,0.01264684332187379,0.01264684332187379,0.012682234343474161,0.012682234343474161,0.012323114013704976,0.012323114013704976,0.012550730559684309,0.012550730559684309,0.14989042783000542,0.14989042783000542,0.16084520507627595,0.16084520507627595,0.1487968504677547,0.1487968504677547,0.15317749445801201,0.15317749445801201,0.09660909053019205,0.09660909053019205,0.10225487369018554,0.10225487369018554,0.09873260212207043,0.09873260212207043,0.09919885544748268,0.09919885544748268,3.3657374723334215
connect-4,XGBoost,6756,3,0.003336878171734325,0.05611743358482482,0.03659478456066552,0.003841688874053517,0.003841688874053517,0.002493082683908754,0.002493082683908754,0.002280103916577109,0.002280103916577109,0.0028716251581797935,0.0028716251581797935,0.046309736683686036,0.046309736683686036,0.04885701831567444,0.04885701831567444,0.04577639472804926,0.04577639472804926,0.046981049909136575,0.046981049909136575,0.03443764431358686,0.03443764431358686,0.034181197660697805,0.034181197660697805,0.03304556817495577,0.03304556817495577,0.033888136716413476,0.033888136716413476,3.3549570693333712
dilbert,CatBoost,1000,5,0.006768934069546685,0.05720470998332982,0.037864503291102636,0.006301176509244021,0.006301176509244021,0.0026836846733377514,0.0026836846733377514,0.0037589336989089658,0.0037589336989089658,0.00424793162716358,0.00424793162716358,0.0563554588479291,0.0563554588479291,0.04676400899117098,0.04676400899117098,0.05031808131012738,0.05031808131012738,0.051145849716409154,0.051145849716409154,0.03745866419078332,0.03745866419078332,0.03152937360076231,0.03152937360076231,0.03313262246823639,0.03313262246823639,0.03404022008659401,0.03404022008659401,3.300940888667052
dilbert,ExtraTrees,1000,5,0.09519398378636033,0.43435934865632486,0.26130586933333994,0.09366042636525035,0.09366042636525035,0.08995889485040388,0.08995889485040388,0.09468187179337344,0.09468187179337344,0.09276706433634256,0.09276706433634256,0.42888677373689643,0.42888677373689643,0.42887344035667413,0.42887344035667413,0.4317134401218318,0.4317134401218318,0.42982455140513415,0.42982455140513415,0.2594364176934476,0.2594364176934476,0.2572758961668543,0.2572758961668543,0.25953510815098135,0.25953510815098135,0.25874914067042776,0.25874914067042776,3.294111374999678
dilbert,LightGBM,1000,5,0.0015946964107772868,0.008826413437633185,0.0061703287815728135,0.0,-0.0013799466994399217,0.0011435242769333347,0.0011435242769333347,0.0,-0.00039700458807255816,0.0003811747589777782,-0.00021114233685971505,0.0,-0.001097343463375374,0.007354111800503596,0.007354111800503596,0.0,-0.0006299666147102486,0.002451370600167865,0.0018756005741393242,0.0,-0.0007697664649653274,0.00535602707417567,0.00535602707417567,0.0,-0.0004126926575309078,0.0017853423580585566,0.0013911893172264785,3.2739404029998695
dilbert,LinearModel,1000,5,0.005360481013518462,0.054880148030766254,0.03690731556565659,0.0012343360177713837,0.0012343360177713837,0.004255679134103183,0.004255679134103183,0.0,-0.0006301639983425656,0.0018300050506248552,0.0016199503845106668,0.05702808729935136,0.05702808729935136,0.04899339583333281,0.04899339583333281,0.03950963022190776,0.03950963022190776,0.04851037111819731,0.04851037111819731,0.037462536510030515,0.037462536510030515,0.032076196465942286,0.032076196465942286,0.025254062809499166,0.025254062809499166,0.031597598595157324,0.031597598595157324,3.2069231109999237
dilbert,NeuralNetFastAI,1000,5,0.0016958361242939964,0.015796541948625047,0.010726789312228608,0.0,-2.2356303107242902e-05,0.0,-0.00072719071124146,0.0,-0.00167800885040532,0.0,-0.0008091852882513411,0.008366372958537994,0.008366372958537994,0.0,-0.011827479726388248,0.0,-0.006491921745823475,0.0027887909861793315,-0.0033176761712245765,0.0044100237141017065,0.0044100237141017065,0.0,-0.008643258158508,0.0,-0.004259048195895307,0.0014700079047005688,-0.0028307608801005336,3.210483472000002
dilbert,NeuralNetTorch,1000,5,0.0008857990045916397,0.011333310200863344,0.0076297080427736004,0.0,-0.0009480977778258252,0.0,-0.0009180919952401124,0.0,-0.0018960796063653294,0.0,-0.0012540897931437556,0.0,-0.004787555509831826,0.0074317291865338645,0.0074317291865338645,0.0,-0.0019529632878867672,0.0024772430621779547,0.00023040346293842382,0.0,-0.003684878326367514,0.005160638710900782,0.005160638710900782,0.0,-0.0017667775549430548,0.001720212903633594,-9.700572346992891e-05,3.2692497640006573
dilbert,RandomForest,1000,5,0.08775761837856237,0.4143578605870016,0.24826780347392377,0.08460971506309141,0.08460971506309141,0.07961163927113164,0.07961163927113164,0.07804687579030184,0.07804687579030184,0.08075607670817496,0.08075607670817496,0.407226791074526,0.407226791074526,0.39960012440944875,0.39960012440944875,0.3973201246764776,0.3973201246764776,0.4013823467201507,0.4013823467201507,0.24410524366423136,0.24410524366423136,0.23734904096038145,0.23734904096038145,0.235611618915507,0.235611618915507,0.2390219678467066,0.2390219678467066,3.268622694666798
dilbert,XGBoost,1000,5,0.00403308495185275,0.025276598399295722,0.017093355434976275,0.0024615057378423954,0.0024615057378423954,0.001320835116366757,0.001320835116366757,0.0010809409179384254,0.0010809409179384254,0.0016210939240491927,0.0016210939240491927,0.02064568871143875,0.02064568871143875,0.021375065812425986,0.021375065812425986,0.023559062147690497,0.023559062147690497,0.021859938890518415,0.021859938890518415,0.013938317759113745,0.013938317759113745,0.013761521559965156,0.013761521559965156,0.015351203894323116,0.015351203894323116,0.014350347737800672,0.014350347737800672,3.2712453750003383
eye_movements,CatBoost,1094,3,0.0037163991318039605,0.07546711089333198,0.04833673877617085,0.0,-0.00019879326565928754,0.00013084561126973165,0.00013084561126973165,0.0,-0.000875354543177459,4.361520375657722e-05,-0.0003144340658556716,0.04175378410485096,0.04175378410485096,0.05282441574090094,0.05282441574090094,0.04549454939568678,0.04549454939568678,0.04669091641381289,0.04669091641381289,0.025256858514179244,0.025256858514179244,0.02561070518767827,0.02561070518767827,0.021555212155501713,0.021555212155501713,0.024140925285786412,0.024140925285786412,3.1738967776667173
eye_movements,ExtraTrees,1094,3,0.055897378930405625,0.34227167586414925,0.21421970184909883,0.0491955898192051,0.0491955898192051,0.050339223290691966,0.050339223290691966,0.062078841692059274,0.062078841692059274,0.05387121826731878,0.05387121826731878,0.3106947004753744,0.3106947004753744,0.32161487147643214,0.32161487147643214,0.36027422500071515,0.36027422500071515,0.33086126565084056,0.33086126565084056,0.19469525861205397,0.19469525861205397,0.19594754510158235,0.19594754510158235,0.2264066809950234,0.2264066809950234,0.20568316156955324,0.20568316156955324,3.1587683193332246
eye_movements,LightGBM,1094,3,0.005841663077177695,0.07581074108397917,0.049324813109072746,0.0021657772767330104,0.0021657772767330104,0.0015586516780305456,0.0015586516780305456,0.0035264289157601668,0.0035264289157601668,0.0024169526235079076,0.0024169526235079076,0.039503026418222585,0.039503026418222585,0.014989828720333675,0.014989828720333675,0.010443740651219457,0.010443740651219457,0.02164553192992524,0.02164553192992524,0.025459735606777598,0.025459735606777598,0.00800052260283966,0.00800052260283966,0.0028251779781938956,0.0028251779781938956,0.012095145395937054,0.012095145395937054,3.160048611000093
eye_movements,LinearModel,1094,3,0.0011261930073775592,0.0448315109088387,0.028669159680653103,0.0,-1.1545729818894804e-05,0.0,-0.00249056038961198,0.0,-0.0007523125413972726,0.0,-0.0010848062202760491,0.01208058222247223,0.01208058222247223,0.0,-0.0004918388858474995,0.033135221354447145,0.033135221354447145,0.01507193452563979,0.014907988230357291,0.0036221562528592553,0.0036221562528592553,0.0006126437270945743,0.0006126437270945743,0.026721545820438886,0.026721545820438886,0.010318781933464239,0.010318781933464239,3.177352819333464
eye_movements,NeuralNetFastAI,1094,3,0.0011465707948066098,0.04379902342003525,0.02846853574971935,0.0,-0.0016382426303860824,0.0,-0.001245519476923124,0.0,-0.000998516945361475,0.0,-0.0012940930175568937,0.031523408131835184,0.031523408131835184,0.007830467948810444,0.007830467948810444,0.003873391693849913,0.003873391693849913,0.014409089258165178,0.014409089258165178,0.01700517408136239,0.01700517408136239,0.0020529098113462514,0.0020529098113462514,0.0019241607094579092,0.0019241607094579092,0.006994081534055518,0.006994081534055518,3.1571941666661587
eye_movements,NeuralNetTorch,1094,3,0.0009938878526800905,0.040744909712089925,0.026307135922959978,0.0,-0.00041723343405914185,0.0,-0.0021717827607591013,0.0,-0.0027081257521527255,0.0,-0.0017657139823236561,0.008302682114903278,0.008302682114903278,0.0,-0.017411177534192575,0.0291964067018354,0.0291964067018354,0.012499696272246225,0.0066959704275153685,0.00411506877400977,0.00411506877400977,0.0,-0.010643492028242019,0.019526449914759658,0.019526449914759658,0.00788050622958981,0.004332675553509136,3.241451930667002
eye_movements,RandomForest,1094,3,0.035587344924221095,0.27143115952180286,0.1704372527156682,0.02583005589448232,0.02583005589448232,0.03154300293908135,0.03154300293908135,0.03569452011961428,0.03569452011961428,0.03102252631772598,0.03102252631772598,0.2341864701073115,0.2341864701073115,0.2803778169814963,0.2803778169814963,0.2673918346861071,0.2673918346861071,0.2606520405916383,0.2606520405916383,0.1466446902603642,0.1466446902603642,0.1661179692419108,0.1661179692419108,0.16894067046242614,0.16894067046242614,0.16056777665490038,0.16056777665490038,3.1969775973338983
eye_movements,XGBoost,1094,3,0.0035569310619324498,0.06804768215616144,0.044865591409719234,0.0011930406324571923,0.0011930406324571923,0.0011479643251708514,0.0011479643251708514,0.0,-0.00227367926787717,0.0007803349858760145,2.2441896583624544e-05,0.04427415464589906,0.04427415464589906,0.04562242374307059,0.04562242374307059,0.0,-0.011597496268159858,0.029965526129656552,0.026099694040269933,0.029149606947282716,0.029149606947282716,0.03192202886459272,0.03192202886459272,0.0,-0.009020561247057439,0.020357211937291814,0.017350358188272668,3.2166222500006065
har,CatBoost,1030,6,0.00037319444735221547,0.006451468442696633,0.004458880951382337,0.0,-0.0005916658256983819,0.0010293572590007786,0.0010293572590007786,0.0,-0.00023247504952394373,0.00034311908633359285,6.840546125948432e-05,0.003943228357363907,0.003943228357363907,0.009221781616494798,0.009221781616494798,0.0005735087530932696,0.0005735087530932696,0.004579506242317325,0.004579506242317325,0.002673041953941463,0.002673041953941463,0.0064902999349549075,0.0064902999349549075,0.0004769087832012349,0.0004769087832012349,0.0032134168906992016,0.0032134168906992016,3.322621041667541
har,ExtraTrees,1030,6,0.015735917290517005,0.11739919890353204,0.07797656828130108,0.015516103628464034,0.015516103628464034,0.012537360840107677,0.012537360840107677,0.012474887273951973,0.012474887273951973,0.013509450580841229,0.013509450580841229,0.1166091292374091,0.1166091292374091,0.11351527769887132,0.11351527769887132,0.11018841742610269,0.11018841742610269,0.11343760812079436,0.11343760812079436,0.07733225838074792,0.07733225838074792,0.07538156092743163,0.07538156092743163,0.0739384676198197,0.0739384676198197,0.0755507623093331,0.0755507623093331,3.2578173333325444
har,LightGBM,1030,6,0.00019556857347271855,0.002254383812832186,0.0015807799502644227,0.00012396994654559964,0.00012396994654559964,0.0,-0.0005850984107386438,0.0,-0.0011055104187614908,4.132331551519988e-05,-0.000522212960984845,0.0,-0.000720441431723118,0.00011918369113322168,0.00011918369113322168,0.0,-0.00125746586061378,3.972789704440723e-05,-0.0006195745337345587,0.0,-0.0008180309399580527,7.53739316966794e-05,7.53739316966794e-05,0.0,-0.0008968159707923362,2.5124643898893133e-05,-0.0005464909930179032,3.332655333332999
har,LinearModel,1030,6,0.0006046009667587552,0.008452800110451268,0.0058032318134575754,0.0,-0.00043885735189597386,0.0,-7.955313504937849e-05,0.0,-0.0007931031360601761,0.0,-0.0004371712076685095,0.0,-0.0034588616116233554,0.0,-0.0011456158670814418,0.004141528387538315,0.004141528387538315,0.0013805094625127716,-0.00015431636372216073,0.0,-0.002596061622334222,0.0,-0.0008974789081635112,0.0027825710669053347,0.0027825710669053347,0.0009275236889684449,-0.00023698982119746618,3.3413481666672546
har,NeuralNetFastAI,1030,6,0.0003859163907120546,0.006321720879705512,0.004401765273041188,0.0,-0.00023911573970329073,0.0,-0.000589511338781358,0.0,-0.0005366203092505683,0.0,-0.00045508246257840575,0.0,-0.00566744638455554,0.0,-0.003832011763564811,0.0,-0.0024108030168263246,0.0,-0.003970087054982225,0.0,-0.003920905902559177,0.0,-0.0027552461526455974,0.0,-0.0016587412198812105,0.0,-0.002778297758361995,3.323913124999914
har,NeuralNetTorch,1030,6,0.0008073825759216715,0.005864917398892599,0.003994639166006553,0.0,-0.0008483440807155763,0.0,-0.0007503288482010261,0.0,-2.3250026438683077e-05,0.0,-0.0005406409851184285,0.0,-0.000589192036952665,0.0018780881417804441,0.0018780881417804441,0.0005603181434302595,0.0005603181434302595,0.0008128020950702346,0.0006164047494193462,0.0,-0.00019487192344203085,0.0012717124252121952,0.0012717124252121952,0.00024404762624117649,0.00024404762624117649,0.0005052533504844572,0.00044029604267044694,3.2685792083332976
har,RandomForest,1030,6,0.011370120150426079,0.09355980633329027,0.06232128888330894,0.011240555309739206,0.011240555309739206,0.014557930053360873,0.014557930053360873,0.008200771808762962,0.008200771808762962,0.011333085723954348,0.011333085723954348,0.0928615013307457,0.0928615013307457,0.10510754952759137,0.10510754952759137,0.0878454135751696,0.0878454135751696,0.09527148814450222,0.09527148814450222,0.0621858901937063,0.0621858901937063,0.06983924697531797,0.06983924697531797,0.05843579352050677,0.05843579352050677,0.06348697689651035,0.06348697689651035,3.25098315266708
har,XGBoost,1030,6,0.0009549393943845829,0.00684254242923025,0.004690445261291344,0.0,-0.001146911183671927,0.0,-0.001260961849213074,0.0,-0.001369563259952455,0.0,-0.0012591454309458187,0.0,-0.0023373573041118377,0.004827168767352978,0.004827168767352978,0.0,-0.0031917733680269355,0.001609056255784326,-0.00023398730159526513,0.0,-0.001754214274350549,0.0032550825198609137,0.0032550825198609137,0.0,-0.0024057706602256504,0.0010850275066203046,-0.0003016341382384286,3.2937223333331835
jungle_chess_2pcs_raw_endgame_complete,CatBoost,4482,3,0.014053593135053522,0.09274645296755835,0.06318432413293248,0.006097766852506238,0.006097766852506238,0.008191700666667245,0.008191700666667245,0.00976953928543948,0.00976953928543948,0.008019668934870987,0.008019668934870987,0.07068282374429861,0.07068282374429861,0.07376851021548682,0.07376851021548682,0.08098842771003849,0.08098842771003849,0.07514658722327465,0.07514658722327465,0.04764031152138147,0.04764031152138147,0.050369723417755766,0.050369723417755766,0.055202819563244875,0.055202819563244875,0.05107095150079404,0.05107095150079404,3.5192346943343487
jungle_chess_2pcs_raw_endgame_complete,ExtraTrees,4482,3,0.02477702401391262,0.13856622358869608,0.09359703946457414,0.012762153949206061,0.012762153949206061,0.012238106085684677,0.012238106085684677,0.012362953571266789,0.012362953571266789,0.012454404535385842,0.012454404535385842,0.1137184782611388,0.1137184782611388,0.10632324869240309,0.10632324869240309,0.11878039042739191,0.11878039042739191,0.11294070579364461,0.11294070579364461,0.07724350747384691,0.07724350747384691,0.07206216542954583,0.07206216542954583,0.07924006063272859,0.07924006063272859,0.07618191117870711,0.07618191117870711,3.4668262223337174
jungle_chess_2pcs_raw_endgame_complete,LightGBM,4482,3,0.016859088776100244,0.09285671953337173,0.0635104550308488,0.01096828157600696,0.01096828157600696,0.006051408017742925,0.006051408017742925,0.01195448470552737,0.01195448470552737,0.009658058099759085,0.009658058099759085,0.07362513730661793,0.07362513730661793,0.053642942284493345,0.053642942284493345,0.08215498550625315,0.08215498550625315,0.06980768836578814,0.06980768836578814,0.05003882003944484,0.05003882003944484,0.03741376801988217,0.03741376801988217,0.05663017378467972,0.05663017378467972,0.048027587281335576,0.048027587281335576,3.4118266249994726
jungle_chess_2pcs_raw_endgame_complete,LinearModel,4482,3,0.11610840456994556,0.42814959801618524,0.27470267340852383,0.023974999452356798,0.023974999452356798,0.028704375735470446,0.028704375735470446,0.02944959565678033,0.02944959565678033,0.02737632361486919,0.02737632361486919,0.2058820848110922,0.2058820848110922,0.2076566515761373,0.2076566515761373,0.20026293949135535,0.20026293949135535,0.20460055862619494,0.20460055862619494,0.12892382493748658,0.12892382493748658,0.13481675463213785,0.13481675463213785,0.12822121942040782,0.12822121942040782,0.1306539329966774,0.1306539329966774,3.5416692223322266
jungle_chess_2pcs_raw_endgame_complete,NeuralNetFastAI,4482,3,0.00935107167297175,0.0721255790669106,0.04907181622293344,0.004871436972279581,0.004871436972279581,0.0058959757824598984,0.0058959757824598984,0.009265644303113467,0.009265644303113467,0.006677685685950982,0.006677685685950982,0.05535448835114002,0.05535448835114002,0.057394592479822745,0.057394592479822745,0.08323067901893315,0.08323067901893315,0.06532658661663197,0.06532658661663197,0.037459350452714785,0.037459350452714785,0.03882733328593558,0.03882733328593558,0.05689092003868386,0.05689092003868386,0.04439253459244474,0.04439253459244474,3.331305069333515
jungle_chess_2pcs_raw_endgame_complete,NeuralNetTorch,4482,3,0.002369854162133053,0.02839485734710651,0.019691403749758984,0.0010071027969570801,0.0010071027969570801,0.0016786981907972848,0.0016786981907972848,0.001226360657373564,0.001226360657373564,0.0013040538817093094,0.0013040538817093094,0.01763196675198986,0.01763196675198986,0.02627347951810169,0.02627347951810169,0.02066068251413918,0.02066068251413918,0.02152204292807691,0.02152204292807691,0.011911774211795137,0.011911774211795137,0.018375782327793293,0.018375782327793293,0.014038665008941393,0.014038665008941393,0.014775407182843274,0.014775407182843274,3.2555479306671864
jungle_chess_2pcs_raw_endgame_complete,RandomForest,4482,3,0.033928298006243196,0.1505593480139543,0.10211244562663135,0.024172004090118396,0.024172004090118396,0.027723003891417405,0.027723003891417405,0.023733643201032727,0.023733643201032727,0.02520955039418951,0.02520955039418951,0.13004455488606273,0.13004455488606273,0.14501826719480815,0.14501826719480815,0.13458789994751233,0.13458789994751233,0.13655024067612773,0.13655024067612773,0.08780753770895808,0.08780753770895808,0.0985401807189252,0.0985401807189252,0.09032677828353732,0.09032677828353732,0.09222483223714019,0.09222483223714019,3.3392260000000533
jungle_chess_2pcs_raw_endgame_complete,XGBoost,4482,3,0.011852408751123665,0.0765725738494498,0.05235663752289446,0.005697022862272693,0.005697022862272693,0.003510935391406002,0.003510935391406002,0.010627412926359272,0.010627412926359272,0.00661179039334599,0.00661179039334599,0.057925099591929805,0.057925099591929805,0.055332856425399105,0.055332856425399105,0.07441093728219145,0.07441093728219145,0.06255629776650679,0.06255629776650679,0.0398983085163567,0.0398983085163567,0.03760196194637816,0.03760196194637816,0.04982029482717319,0.04982029482717319,0.04244018842996935,0.04244018842996935,3.37760808333284
kr-vs-k,CatBoost,2806,18,0.017727234665061327,0.12664787202856947,0.07759071657830326,0.004417889173603741,0.004417889173603741,0.004153453599723099,0.004153453599723099,0.006125768298470311,0.006125768298470311,0.004899037023932383,0.004899037023932383,0.06577721314766459,0.06577721314766459,0.055096874817863205,0.055096874817863205,0.07421224444051532,0.07421224444051532,0.06502877746868103,0.06502877746868103,0.0450123590116593,0.0450123590116593,0.03744300665646232,0.03744300665646232,0.045500253525849466,0.045500253525849466,0.04265187306465703,0.04265187306465703,5.200527250000353
kr-vs-k,ExtraTrees,2806,18,0.06593518683976486,0.3643259643572245,0.21830506672921993,0.047457313218051654,0.047457313218051654,0.053414651604299805,0.053414651604299805,0.04848963142081238,0.04848963142081238,0.04978719874772128,0.04978719874772128,0.30817253020816476,0.30817253020816476,0.32139900549055556,0.32139900549055556,0.30747616175919434,0.30747616175919434,0.3123492324859716,0.3123492324859716,0.19027000862559243,0.19027000862559243,0.20048099248048729,0.20048099248048729,0.18975119456734652,0.18975119456734652,0.19350073189114206,0.19350073189114206,6.520398708333232
kr-vs-k,LightGBM,2806,18,0.01440574355817309,0.11532960489681163,0.07138344647104054,0.0018954130899874553,0.0018954130899874553,0.0013574091029881796,0.0013574091029881796,0.004638015362745232,0.004638015362745232,0.002630279185240289,0.002630279185240289,0.06337039167294409,0.06337039167294409,0.056677320377839686,0.056677320377839686,0.060188761273083535,0.060188761273083535,0.0600788244412891,0.0600788244412891,0.04038156773956444,0.04038156773956444,0.03427598152025099,0.03427598152025099,0.037325576021010325,0.037325576021010325,0.03732770842694192,0.03732770842694192,6.508894458334301
kr-vs-k,LinearModel,2806,18,0.23880313640288536,0.9491692221783756,0.4667404548334447,0.06536473333950318,0.06536473333950318,0.053722315085328015,0.053722315085328015,0.05803656487825552,0.05803656487825552,0.05904120443436225,0.05904120443436225,0.5011770363289662,0.5011770363289662,0.48952351283291023,0.48952351283291023,0.47501889060386104,0.47501889060386104,0.48857314658857914,0.48857314658857914,0.2404090541890152,0.2404090541890152,0.221364976717641,0.221364976717641,0.2266966616260521,0.2266966616260521,0.22949023084423611,0.22949023084423611,7.287015861333202
kr-vs-k,NeuralNetFastAI,2806,18,0.013404493903373947,0.1407707950280061,0.08572838795128905,0.004099770972152815,0.004099770972152815,0.004801352069694334,0.004801352069694334,0.004627835071000086,0.004627835071000086,0.004509652704282411,0.004509652704282411,0.09153750280443511,0.09153750280443511,0.09875282872391274,0.09875282872391274,0.09890446577748609,0.09890446577748609,0.09639826576861131,0.09639826576861131,0.055714224427213986,0.055714224427213986,0.06230650438266643,0.06230650438266643,0.06213711114891619,0.06213711114891619,0.06005261331959887,0.06005261331959887,5.312515680667275
kr-vs-k,NeuralNetTorch,2806,18,0.006359229346340811,0.07742093778052392,0.048924817231977634,0.0010739780202143835,0.0010739780202143835,0.000814414950936271,0.000814414950936271,0.000965630336641778,0.000965630336641778,0.0009513411025974775,0.0009513411025974775,0.03457974639948841,0.03457974639948841,0.04222339840255909,0.04222339840255909,0.058586181254897486,0.058586181254897486,0.045129775352314994,0.045129775352314994,0.0234943142713159,0.0234943142713159,0.02677534031306984,0.02677534031306984,0.037439491252709046,0.037439491252709046,0.02923638194569826,0.02923638194569826,4.905322638999981
kr-vs-k,RandomForest,2806,18,0.02169736621852782,0.17857466341067385,0.10711758231613076,0.007753032048203371,0.007753032048203371,0.009630319532161681,0.009630319532161681,0.0077246740869935954,0.0077246740869935954,0.00836934188911955,0.00836934188911955,0.12124145939567607,0.12124145939567607,0.12769195220885696,0.12769195220885696,0.11155273455996148,0.11155273455996148,0.12016204872149816,0.12016204872149816,0.07448616856322487,0.07448616856322487,0.07708280815180946,0.07708280815180946,0.06676874070276172,0.06676874070276172,0.07277923913926536,0.07277923913926536,6.23526148600043
kr-vs-k,XGBoost,2806,18,0.014674091398866001,0.1066449462884519,0.06508625065742753,0.0035112564629139684,0.0035112564629139684,0.0016175671307727096,0.0016175671307727096,0.003595559426883512,0.003595559426883512,0.0029081276735233967,0.0029081276735233967,0.048284687270773174,0.048284687270773174,0.04053546920018201,0.04053546920018201,0.04742993318665621,0.04742993318665621,0.04541669655253713,0.04541669655253713,0.02951938557057409,0.02951938557057409,0.02657865914214213,0.02657865914214213,0.026899011368174647,0.026899011368174647,0.027665685360296954,0.027665685360296954,5.629800069666089
letter,CatBoost,2000,26,0.004255993064831611,0.030009713116450367,0.018116286048094232,0.0,-0.00069916456734796,0.0,-0.0004636070219398879,0.0,-0.0005426039348496909,0.0,-0.0005684585080458463,0.0,-0.004018454036920165,0.0,-0.00042464407573709553,0.0017732347916443096,0.0017732347916443096,0.0005910782638814365,-0.0008899544403376504,0.0,-0.003331746670112052,0.0004376750096474754,0.0004376750096474754,0.0011120607449034822,0.0011120607449034822,0.0005165785848503193,-0.0005940036385203648,6.2643417500003125
letter,ExtraTrees,2000,26,0.04569687883237064,0.252579925875248,0.134223285350043,0.041197831506955565,0.041197831506955565,0.04263164993355716,0.04263164993355716,0.04083623189523287,0.04083623189523287,0.04155523777858186,0.04155523777858186,0.24499327531497492,0.24499327531497492,0.24383327388803971,0.24383327388803971,0.24253327567834934,0.24253327567834934,0.24378660829378798,0.24378660829378798,0.13067795882088512,0.13067795882088512,0.13222130612314517,0.13222130612314517,0.12989910054747583,0.12989910054747583,0.1309327884971687,0.1309327884971687,6.492460124999828
letter,LightGBM,2000,26,0.004864167170994022,0.03088577657915298,0.01836893509874046,0.0,-0.0005345931515743322,0.0,-0.0006123660901711782,0.0,-0.00012497512113211876,0.0,-0.00042397812095920965,0.0020885799161190198,0.0020885799161190198,0.0,-0.011293552007064786,0.003882259498827157,0.003882259498827157,0.001990279804982059,-0.0017742375307062033,0.0013868193834642854,0.0013868193834642854,0.0,-0.004926348168992045,0.0015052710882651598,0.0015052710882651598,0.0009640301572431485,-0.0006780858990875332,5.9630874583332725
letter,LinearModel,2000,26,0.2451456296516359,0.6127896410528776,0.3573688235815555,0.05763189637127879,0.05763189637127879,0.057798551508650306,0.057798551508650306,0.05836183742300745,0.05836183742300745,0.05793076176764552,0.05793076176764552,0.33608777647422133,0.33608777647422133,0.3322870224853179,0.3322870224853179,0.3284230017377864,0.3284230017377864,0.3322659335657752,0.3322659335657752,0.18565533060881995,0.18565533060881995,0.1864584235242376,0.1864584235242376,0.18017589968966183,0.18017589968966183,0.18409655127423982,0.18409655127423982,10.096917694333873
letter,NeuralNetFastAI,2000,26,0.004284066129532922,0.021328517797897243,0.013437596428232097,0.00016906384294636161,0.00016906384294636161,0.00016809602085958049,0.00016809602085958049,0.00028824600875341214,0.00028824600875341214,0.00020846862418645142,0.00020846862418645142,0.0024253817207995853,0.0024253817207995853,0.0010000837949251107,0.0010000837949251107,0.012862234862207068,0.012862234862207068,0.005429233459310588,0.005429233459310588,0.001403444242798916,0.001403444242798916,0.0006190494777563881,0.0006190494777563881,0.00739717053359435,0.00739717053359435,0.0031398880847165514,0.0031398880847165514,6.876451277666395
letter,NeuralNetTorch,2000,26,0.0034953380019756676,0.02367170557723264,0.01501904269494205,0.0,-0.0007046559905543831,0.00026686331596499397,0.00026686331596499397,0.0,-0.0011520013617400625,8.895443865499799e-05,-0.0005299313454431505,0.0,-0.005462440770394241,0.0014844701790569523,0.0014844701790569523,0.0,-0.005285056998278524,0.0004948233930189841,-0.003087675863205271,0.0,-0.003325652171847133,0.001674796960815978,0.001674796960815978,0.0,-0.00390275825948697,0.0005582656536053261,-0.0018512044901727084,6.822349027999735
letter,RandomForest,2000,26,0.026978864787004578,0.18370833400608522,0.09686202909193208,0.019690230423398965,0.019690230423398965,0.017047766168387685,0.017047766168387685,0.021197155626917697,0.021197155626917697,0.019311717406234784,0.019311717406234784,0.1692955575936461,0.1692955575936461,0.15847457102996507,0.15847457102996507,0.1724396021612613,0.1724396021612613,0.16673657692829083,0.16673657692829083,0.0885685961321927,0.0885685961321927,0.08189415804971317,0.08189415804971317,0.09140071273468436,0.09140071273468436,0.08728782230553007,0.08728782230553007,6.720220499999414
letter,XGBoost,2000,26,0.006121085134006654,0.03784884802008972,0.02257626849232951,0.0,-0.00010019376108102146,0.0,-0.0005491722457018602,0.00033606087220065117,0.00033606087220065117,0.0001120202907335504,-0.00010443504486074352,0.012870858047499009,0.012870858047499009,0.0,-0.0075074297743681516,0.00855031814571836,0.00855031814571836,0.0071403920644057895,0.004637915472949739,0.006321104795151914,0.006321104795151914,0.0,-0.005186659033785027,0.005331273805833899,0.005331273805833899,0.0038841262003286043,0.0021552398557335953,6.37797061099991
microaggregation2,CatBoost,2000,5,0.004425955362764038,0.08578353211622221,0.050220108882334545,0.0,-0.0003144962639475134,0.0004015565571460509,0.0004015565571460509,0.0011503748681485862,0.0011503748681485862,0.0005173104750982124,0.0004124783871157079,0.028990035074088382,0.028990035074088382,0.023109177080734525,0.023109177080734525,0.048022373496291265,0.048022373496291265,0.033373861883704725,0.033373861883704725,0.012293342416381688,0.012293342416381688,0.010319513178131871,0.010319513178131871,0.028519232778600193,0.028519232778600193,0.017044029457704585,0.017044029457704585,3.226599805333535
microaggregation2,ExtraTrees,2000,5,0.010000650302604941,0.12777668303769396,0.07484334518319721,0.004821967906223403,0.004821967906223403,0.004459592577063482,0.004459592577063482,0.003579233480584271,0.003579233480584271,0.004286931321290385,0.004286931321290385,0.10003109312338791,0.10003109312338791,0.09088044804336541,0.09088044804336541,0.07381414938207753,0.07381414938207753,0.0882418968496103,0.0882418968496103,0.05166598468126646,0.05166598468126646,0.05006851037511,0.05006851037511,0.0325405213629137,0.0325405213629137,0.04475833880643006,0.04475833880643006,3.2800300416662744
microaggregation2,LightGBM,2000,5,0.003319752467302851,0.07705375825406736,0.0450185433993776,0.0,-0.00024222629395919648,0.0,-0.00022684715093532394,0.0012571299605182566,0.0012571299605182566,0.0004190433201727522,0.00026268550520791204,0.028144607191119577,0.028144607191119577,0.029960961888267777,0.029960961888267777,0.04648878276933101,0.04648878276933101,0.034864783949572785,0.034864783949572785,0.011271870169889718,0.011271870169889718,0.0198812040935766,0.0198812040935766,0.02765574234635124,0.02765574234635124,0.019602938869939187,0.019602938869939187,3.23110643033336
microaggregation2,LinearModel,2000,5,0.011341261062655306,0.14099309564804108,0.08335649605058382,0.0063828918250040815,0.0063828918250040815,0.0054111110993548695,0.0054111110993548695,0.003460821985603706,0.003460821985603706,0.005084941636654219,0.005084941636654219,0.13045577176402995,0.13045577176402995,0.07526776299046006,0.07526776299046006,0.055287073801143304,0.055287073801143304,0.0870035361852111,0.0870035361852111,0.07867852358939445,0.07867852358939445,0.0490390015548984,0.0490390015548984,0.03767763153672153,0.03767763153672153,0.055131718893671466,0.055131718893671466,3.240193347335056
microaggregation2,NeuralNetFastAI,2000,5,0.003121442640177399,0.08193230338565359,0.04764301956249478,0.0019190046547712316,0.0019190046547712316,0.0004498749605899113,0.0004498749605899113,0.0007685902225408526,0.0007685902225408526,0.0010458232793006653,0.0010458232793006653,0.0676025350752871,0.0676025350752871,0.05951430148501919,0.05951430148501919,0.046629810129533385,0.046629810129533385,0.05791554889661322,0.05791554889661322,0.04016608756418909,0.04016608756418909,0.030625711730382973,0.030625711730382973,0.02300921526080144,0.02300921526080144,0.031267004851791166,0.031267004851791166,3.199852694332852
microaggregation2,NeuralNetTorch,2000,5,0.0016520063104879963,0.05739776427959413,0.03362307334066176,0.0,-0.0004008111202534079,0.0,-0.0006778582165731745,0.0011654694404327909,0.0011654694404327909,0.00038848981347759697,2.8933367868736137e-05,0.02890312583736494,0.02890312583736494,0.014630333189466625,0.014630333189466625,0.04051164859109093,0.04051164859109093,0.028015035872640832,0.028015035872640832,0.01503808574434843,0.01503808574434843,0.0051929557436706806,0.0051929557436706806,0.025604909738552634,0.025604909738552634,0.01527865040885725,0.01527865040885725,3.2371688333320585
microaggregation2,RandomForest,2000,5,0.0058309911781329335,0.1038339177731687,0.05971669806879386,0.0027808784310684787,0.0027808784310684787,0.001771318894649852,0.001771318894649852,0.003439481326312937,0.003439481326312937,0.0026638928840104228,0.0026638928840104228,0.09467868936965174,0.09467868936965174,0.06662198462163728,0.06662198462163728,0.06532683092420852,0.06532683092420852,0.07554250163849917,0.07554250163849917,0.050369311137837915,0.050369311137837915,0.037389566643961966,0.037389566643961966,0.03613057072529288,0.03613057072529288,0.04129648283569759,0.04129648283569759,3.215537819666982
microaggregation2,XGBoost,2000,5,0.0038146678912859464,0.0800837735512523,0.04695139756457209,0.0,-0.00029742986917701903,0.0,-0.00035512220835203694,0.0017524471584901128,0.0017524471584901128,0.0005841490528300376,0.0003666316936536856,0.025717792388506494,0.025717792388506494,0.019455505171743426,0.019455505171743426,0.04152816485152653,0.04152816485152653,0.02890048747059215,0.02890048747059215,0.017834108336369368,0.017834108336369368,0.00946008279542167,0.00946008279542167,0.030947003046347323,0.030947003046347323,0.019413731392712786,0.019413731392712786,3.2094790276678395
okcupid-stem,CatBoost,5079,3,0.0006773200133498716,0.03547505773984919,0.02267946124658855,0.0,-0.00010255858039866606,0.0,-0.00024102986919505805,0.00031282930073892984,0.00031282930073892984,0.00010427643357964327,-1.0253049618264755e-05,0.02445421206772005,0.02445421206772005,0.020206949277926496,0.020206949277926496,0.03316548347772744,0.03316548347772744,0.02594221494112466,0.02594221494112466,0.015495029033852236,0.015495029033852236,0.01110344505742772,0.01110344505742772,0.021120467979828174,0.021120467979828174,0.01590631402370271,0.01590631402370271,3.242997125002148
okcupid-stem,ExtraTrees,5079,3,0.0022979966425398482,0.06543713169999368,0.04181035076587999,0.00144569390362859,0.00144569390362859,0.0016377539543693702,0.0016377539543693702,0.0016009118342464592,0.0016009118342464592,0.00156145323074814,0.00156145323074814,0.059479560972297334,0.059479560972297334,0.059437897765314135,0.059437897765314135,0.05644245155245301,0.05644245155245301,0.058453303430021496,0.058453303430021496,0.035372262331388994,0.035372262331388994,0.03850045676251483,0.03850045676251483,0.03535581097342205,0.03535581097342205,0.036409510022441964,0.036409510022441964,3.2642576943326276
okcupid-stem,LightGBM,5079,3,0.0006449197534057724,0.03569265388903637,0.022585002648695538,0.0,-0.00040848941983802947,0.0,-0.0003663975999356321,0.0,-0.0004067381905353377,0.0,-0.00039387507010299976,0.018105415421690984,0.018105415421690984,0.025207681408898105,0.025207681408898105,0.018880523494318263,0.018880523494318263,0.02073120677496912,0.02073120677496912,0.011484528037431193,0.011484528037431193,0.013507194180604806,0.013507194180604806,0.011074992533376177,0.011074992533376177,0.012022238250470725,0.012022238250470725,3.28160254166869
okcupid-stem,LinearModel,5079,3,0.001358977139256274,0.04035455534302769,0.02618270766430311,0.0,-0.0006614354691516769,0.0004610355713487255,0.0004610355713487255,0.0,-0.00023502867757966157,0.00015367852378290849,-0.00014514285846087098,0.0,-0.0036430996640536015,0.012138897969993172,0.012138897969993172,0.01924083738006453,0.01924083738006453,0.010459911783352566,0.009245545228668033,0.0,-0.0012893229465164003,0.007344824414086863,0.007344824414086863,0.011910088481179283,0.011910088481179283,0.006418304298422048,0.005988529982916582,3.261806180666705
okcupid-stem,NeuralNetFastAI,5079,3,0.001179730633992059,0.04591331654999272,0.029523740693720043,0.0,-9.123968158281388e-05,2.5197513903775064e-05,2.5197513903775064e-05,0.000772604484445805,0.000772604484445805,0.00026593399944986,0.0002355207722555887,0.024094211581143922,0.024094211581143922,0.03615227390037106,0.03615227390037106,0.036571800570566235,0.036571800570566235,0.03227276201736041,0.03227276201736041,0.01470816843906785,0.01470816843906785,0.021094792878256996,0.021094792878256996,0.02405405500778849,0.02405405500778849,0.01995233877503778,0.01995233877503778,3.2406409026662004
okcupid-stem,NeuralNetTorch,5079,3,0.0020729826977929004,0.05774367545739686,0.03707143061087514,0.0010203086532879532,0.0010203086532879532,0.0009241296327299586,0.0009241296327299586,0.001153198879675221,0.001153198879675221,0.0010325457218977108,0.0010325457218977108,0.05169634669176348,0.05169634669176348,0.03962902773746657,0.03962902773746657,0.054207852815577585,0.054207852815577585,0.04851107574826921,0.04851107574826921,0.03334884653851785,0.03334884653851785,0.025097686714115823,0.025097686714115823,0.033818811577758706,0.033818811577758706,0.030755114943464126,0.030755114943464126,3.2250639446647256
okcupid-stem,RandomForest,5079,3,0.0020301497117508694,0.061505937764924634,0.03945848306873523,0.0009180818730377684,0.0009180818730377684,0.0006255942605708818,0.0006255942605708818,0.0018166008487273024,0.0018166008487273024,0.0011200923274453177,0.0011200923274453177,0.05135693983053855,0.05135693983053855,0.05303876781771074,0.05303876781771074,0.06346291381476833,0.06346291381476833,0.05595287382100587,0.05595287382100587,0.03250665490519092,0.03250665490519092,0.03275070675848221,0.03275070675848221,0.041776734784561134,0.041776734784561134,0.03567803214941142,0.03567803214941142,3.2292403749985774
okcupid-stem,XGBoost,5079,3,0.0014007333529837168,0.0488280841886681,0.03136542399400592,5.255773005709096e-05,5.255773005709096e-05,0.0,-0.000618879470101653,0.00030972500266624234,0.00030972500266624234,0.00012076091090777777,-8.553224579277327e-05,0.025320643977313238,0.025320643977313238,0.03133912749264296,0.03133912749264296,0.03259277673224385,0.03259277673224385,0.02975084940073335,0.02975084940073335,0.016054024675972826,0.016054024675972826,0.016228196752093173,0.016228196752093173,0.02070582178695771,0.02070582178695771,0.01766268107167457,0.01766268107167457,3.264964041666341
pendigits,CatBoost,1100,10,0.0021217200569293845,0.00843620447921628,0.005489822254747607,0.00010424062680248327,0.00010424062680248327,0.0,-0.0006541310796757753,0.0,-0.0002196422156527613,3.474687560082775e-05,-0.0002565108895086844,0.0,-0.00022181170672234108,0.0014911962538715138,0.0014911962538715138,0.0009026666169104917,0.0009026666169104917,0.0007979542902606685,0.0007240170546865547,0.0005313861359120829,0.0005313861359120829,0.0008038716482539063,0.0008038716482539063,0.0,-0.0009655604958594598,0.0004450859280553298,0.00012323242943550986,3.630090389000543
pendigits,ExtraTrees,1100,10,0.011400755688328953,0.08582264977754735,0.05268470172058738,0.010006527245944913,0.010006527245944913,0.00991429645838993,0.00991429645838993,0.011048792090041285,0.011048792090041285,0.010323205264792043,0.010323205264792043,0.08504985201712355,0.08504985201712355,0.0847225795748694,0.0847225795748694,0.08633470133571458,0.08633470133571458,0.08536904430923585,0.08536904430923585,0.052991694019514715,0.052991694019514715,0.051768140727778196,0.051768140727778196,0.05416268379707649,0.05416268379707649,0.052974172848123134,0.052974172848123134,3.7605419583342155
pendigits,LightGBM,1100,10,0.0012981148343873994,0.007797327829163665,0.005032290909330896,0.0,-3.0209283752145825e-05,0.00048138013991178686,0.00048138013991178686,0.0,-0.0003380558485307351,0.0001604600466372623,3.770500254296864e-05,0.0,-0.0006162815939171651,0.004112619461406811,0.004112619461406811,0.0,-0.002947142383697755,0.0013708731538022703,0.0001830651612639636,0.00010618011154360835,0.00010618011154360835,0.0029639635778320435,0.0029639635778320435,0.0,-0.001500574749998233,0.001023381229791884,0.0005231896464591397,3.6084120136680817
pendigits,LinearModel,1100,10,0.033344671098264576,0.10581121269928132,0.06990742182890308,0.007534994080252587,0.007534994080252587,0.002363074881668953,0.002363074881668953,0.004449424578219122,0.004449424578219122,0.0047824978467135544,0.0047824978467135544,0.05270866562241494,0.05270866562241494,0.0454108942454634,0.0454108942454634,0.038229031756794256,0.038229031756794256,0.04544953054155754,0.04544953054155754,0.03410919250709186,0.03410919250709186,0.02761931791285184,0.02761931791285184,0.023742063251877447,0.023742063251877447,0.02849019122394038,0.02849019122394038,3.731862597000145
pendigits,NeuralNetFastAI,1100,10,0.0005824192086093986,0.004819607202697482,0.0030233000243000273,0.0,-0.00017855909113432826,0.0,-0.000558284293544075,0.0,-0.0003853850242361389,0.0,-0.00037407613630484744,0.0,-0.0017408402330292526,0.0,-0.004409109001263823,0.0,-0.0005985697135900898,0.0,-0.002249506315961055,0.0,-7.110098129924701e-05,0.0,-0.002717035632977221,0.0,-9.158584987631274e-05,0.0,-0.0009599074880509269,3.567185874999268
pendigits,NeuralNetTorch,1100,10,0.0009422258784420211,0.0061325000013990405,0.0038578228456889797,0.0,-3.184129679499823e-05,0.0,-0.0007214150757262358,0.0004663841311617714,0.0004663841311617714,0.0001554613770539238,-9.562408045315421e-05,0.002856243447046083,0.002856243447046083,0.0,-0.0022403745806484922,0.007498708188535097,0.007498708188535097,0.0034516505451937262,0.002704859018310896,0.002425319624730839,0.002425319624730839,0.0,-0.0010691840845144436,0.004762439835036246,0.004762439835036246,0.002395919819922362,0.0020395251250842138,3.678811083334343
pendigits,RandomForest,1100,10,0.010761446285082068,0.07444501663534343,0.04540471551469003,0.008730852957527227,0.008730852957527227,0.007371063357624414,0.007371063357624414,0.007960054212318749,0.007960054212318749,0.008020656842490129,0.008020656842490129,0.07101961551773811,0.07101961551773811,0.06866207534158722,0.06866207534158722,0.0726499517165509,0.0726499517165509,0.07077721419195875,0.07077721419195875,0.04412458383639604,0.04412458383639604,0.04057920044651319,0.04057920044651319,0.044054404982022566,0.044054404982022566,0.042919396421643934,0.042919396421643934,3.720086458333147
pendigits,XGBoost,1100,10,0.0025062337204737146,0.011829058665083984,0.007640731205749373,0.0006839666846146084,0.0006839666846146084,0.0,-0.0007318544740985597,0.0,-0.0002498079741866538,0.00022798889487153615,-9.923192122353502e-05,0.008531625234622517,0.008531625234622517,0.0014652128155444705,0.0014652128155444705,0.0,-0.007756212999917176,0.0033322793500556625,0.0007468750167499372,0.006461430996161528,0.006461430996161528,0.0005334177292450644,0.0005334177292450644,0.0,-0.00423302035493922,0.0023316162418021975,0.0009206094568224573,3.6057372780002575
robert,CatBoost,1000,10,0.017624948294056503,0.2383850026162454,0.12209890408003464,0.01549019841909768,0.01549019841909768,0.013048285231060115,0.013048285231060115,0.014398258326120005,0.014398258326120005,0.014312247325425935,0.014312247325425935,0.2210514231872676,0.2210514231872676,0.2105842661586521,0.2105842661586521,0.20728852094234207,0.20728852094234207,0.2129747367627539,0.2129747367627539,0.11645089438750743,0.11645089438750743,0.11019800521532769,0.11019800521532769,0.1145928205205536,0.1145928205205536,0.11374724004112957,0.11374724004112957,3.4776592640021895
robert,ExtraTrees,1000,10,0.0680658098179553,0.4998728279425654,0.237385178014579,0.06027875410550861,0.06027875410550861,0.04860401086217718,0.04860401086217718,0.058751079644016664,0.058751079644016664,0.05587794820390082,0.05587794820390082,0.4503825193284916,0.4503825193284916,0.4113078176404736,0.4113078176404736,0.45847139458497044,0.45847139458497044,0.4400539105179786,0.4400539105179786,0.22205093566793183,0.22205093566793183,0.20080895293519735,0.20080895293519735,0.214127187186378,0.214127187186378,0.21232902526316907,0.21232902526316907,3.525344986000467
robert,LightGBM,1000,10,0.007535427270837726,0.1515053119553022,0.07433105159940193,0.0,-0.0026869625389802005,0.0004196268874613015,0.0004196268874613015,0.0,-0.0007869898357898555,0.00013987562915376717,-0.0010181084957695849,0.002535976790743916,0.002535976790743916,0.027208762690229378,0.027208762690229378,0.015210500080699603,0.015210500080699603,0.014985079853890965,0.014985079853890965,0.0,-0.001964870862020326,0.03280116583326965,0.03280116583326965,0.01552593968026033,0.01552593968026033,0.01610903517117666,0.015454078217169884,3.5176035833331603
robert,LinearModel,1000,10,0.24785945106419613,0.9292555489488609,0.47333529627112203,0.2294980786966056,0.2294980786966056,0.2352501310390877,0.2352501310390877,0.2411408738617223,0.2411408738617223,0.23529636119913855,0.23529636119913855,0.9080024247199495,0.9080024247199495,0.9335620972842176,0.9335620972842176,0.947427947464605,0.947427947464605,0.9296641564895906,0.9296641564895906,0.46027618778977203,0.46027618778977203,0.4652974521451686,0.4652974521451686,0.4764192892891401,0.4764192892891401,0.4673309764080269,0.4673309764080269,3.6566174863352594
robert,NeuralNetFastAI,1000,10,0.004850223811458982,0.1293875899722339,0.06304291164382365,0.0,-0.0004561882771272401,0.002149304790546029,0.002149304790546029,0.0012725782249327655,0.0012725782249327655,0.001140627671826265,0.0009885649127838515,0.036408103256981635,0.036408103256981635,0.10001302581784018,0.10001302581784018,0.09116050503091588,0.09116050503091588,0.07586054470191257,0.07586054470191257,0.02813904267886439,0.02813904267886439,0.04460564318169444,0.04460564318169444,0.04640103386967993,0.04640103386967993,0.03971523991007958,0.03971523991007958,3.4591996666664877
robert,NeuralNetTorch,1000,10,0.01393316565559233,0.22094795238396908,0.10823914274763084,0.009589839777240698,0.009589839777240698,0.003327241261814693,0.003327241261814693,0.008844562096527024,0.008844562096527024,0.0072538810451941394,0.0072538810451941394,0.1947139108641568,0.1947139108641568,0.09704047294282646,0.09704047294282646,0.19309912659363182,0.19309912659363182,0.16161783680020503,0.16161783680020503,0.09222138635060527,0.09222138635060527,0.056828893105379516,0.056828893105379516,0.09298190253776693,0.09298190253776693,0.08067739399791723,0.08067739399791723,3.378767986333211
robert,RandomForest,1000,10,0.06645873146276295,0.49250925973351917,0.23481679186598217,0.06823004388030618,0.06823004388030618,0.04952841504901228,0.04952841504901228,0.05656201529258769,0.05656201529258769,0.05810682474063539,0.05810682474063539,0.5227329069127933,0.5227329069127933,0.4361202641179458,0.4361202641179458,0.4497229070862428,0.4497229070862428,0.46952535937232726,0.46952535937232726,0.2488874995280998,0.2488874995280998,0.2004389606098918,0.2004389606098918,0.21542687277716147,0.21542687277716147,0.221584444305051,0.221584444305051,3.4238727223322107
robert,XGBoost,1000,10,0.02338617787886926,0.29370448226336154,0.14310535579655284,0.012945598979306574,0.012945598979306574,0.012978244773472696,0.012978244773472696,0.01594004347027136,0.01594004347027136,0.013954629074350211,0.013954629074350211,0.21776997402921552,0.21776997402921552,0.23175658383086556,0.23175658383086556,0.24866207077965374,0.24866207077965374,0.23272954287991163,0.23272954287991163,0.11245344571238257,0.11245344571238257,0.11501211614098386,0.11501211614098386,0.12170990930362442,0.12170990930362442,0.11639182371899694,0.11639182371899694,3.3851109166668416
volcanoes-b1,CatBoost,1018,5,0.00045513170869576657,0.019712063861693326,0.011268150848170698,0.0011819939136380362,0.0011819939136380362,0.0,-0.0006168749961075623,0.0,-0.000988925749532097,0.00039399797121267874,-0.00014126894400054107,0.03220456703220657,0.03220456703220657,0.0020789678084109646,0.0020789678084109646,0.0053063900743323894,0.0053063900743323894,0.01319664163831664,0.01319664163831664,0.019574863478781995,0.019574863478781995,0.001520424348205368,0.001520424348205368,0.003065019227805853,0.003065019227805853,0.008053435684931071,0.008053435684931071,3.2457950833340874
volcanoes-b1,ExtraTrees,1018,5,0.001626433791904622,0.032444946097926336,0.01963963246015379,0.0007037916683767298,0.0007037916683767298,0.0,-0.00012505861897219665,0.0003054018884368228,0.0003054018884368228,0.0003363978522711842,0.0002947116459471187,0.03295477932869413,0.03295477932869413,0.015775535327717007,0.015775535327717007,0.026550601272667736,0.026550601272667736,0.02509363864302629,0.02509363864302629,0.01913301405804946,0.01913301405804946,0.012796617113939755,0.012796617113939755,0.016601743413776463,0.016601743413776463,0.016177124861921893,0.016177124861921893,3.2450072360006743
volcanoes-b1,LightGBM,1018,5,0.0008985909182515702,0.024625471925201824,0.014492761163882307,0.0010502696265958572,0.0010502696265958572,0.0,-0.0011558221147625624,0.0004743162297222065,0.0004743162297222065,0.0005081952854393546,0.00012292124718516707,0.03060705436387261,0.03060705436387261,0.005252889071204908,0.005252889071204908,0.025041811112906723,0.025041811112906723,0.02030058484932808,0.02030058484932808,0.016890613951663438,0.016890613951663438,0.002620475870465188,0.002620475870465188,0.01621482175860261,0.01621482175860261,0.011908637193577078,0.011908637193577078,3.256449486000444
volcanoes-b1,LinearModel,1018,5,0.0003019624297333631,0.017109805685544065,0.009895512143271102,0.00031659907349732794,0.00031659907349732794,0.0,-0.0003010954006225851,0.0,-9.211956931200747e-06,0.00010553302449910932,2.0972386478473643e-06,0.021151954836509654,0.021151954836509654,0.012543883623587266,0.012543883623587266,0.012690166499084781,0.012690166499084781,0.015462001653060567,0.015462001653060567,0.0133760873142898,0.0133760873142898,0.006803110710453278,0.006803110710453278,0.008915894278390714,0.008915894278390714,0.009698364101044597,0.009698364101044597,3.2294965973342187
volcanoes-b1,NeuralNetFastAI,1018,5,0.0004367303630289617,0.01809172023421697,0.010486472612574045,0.0006697256025291371,0.0006697256025291371,0.0,-0.0007442303268476858,0.0,-1.0467287944570699e-05,0.00022324186750971237,-2.8324004087706463e-05,0.01828557925608352,0.01828557925608352,0.0,-0.004543443004530769,0.012396322161654653,0.012396322161654653,0.01022730047257939,0.008712819471069133,0.012682213050473025,0.012682213050473025,0.0,-0.0019624526667088365,0.009542017148435914,0.009542017148435914,0.007408076732969646,0.006753925844066702,3.2603908333330764
volcanoes-b1,NeuralNetTorch,1018,5,0.000490943918788432,0.01798999759887532,0.010596111021980166,0.0008094584091530998,0.0008094584091530998,0.0,-0.0006184463114913143,0.0,-0.00021741716091607698,0.00026981946971769993,-8.80168775143049e-06,0.02723482505987611,0.02723482505987611,0.0,-0.0008521732813835994,0.01160637993462826,0.01160637993462826,0.012947068331501457,0.012663010571040259,0.016160532604439067,0.016160532604439067,0.001074663207871088,0.001074663207871088,0.0073341169605217645,0.0073341169605217645,0.008189770924277306,0.008189770924277306,3.218629402668739
volcanoes-b1,RandomForest,1018,5,0.0012995979994181578,0.0285953144012137,0.016521986620091005,0.00312552337770674,0.00312552337770674,0.0,-0.0008219525589005482,0.0003997182885910225,0.0003997182885910225,0.0011750805554325875,0.0009010963691324048,0.03816789065845121,0.03816789065845121,0.015228144181709896,0.015228144181709896,0.024432128776943073,0.024432128776943073,0.025942721205701392,0.025942721205701392,0.022713602297932525,0.022713602297932525,0.007395658261821322,0.007395658261821322,0.012170542789205338,0.012170542789205338,0.014093267782986396,0.014093267782986396,3.2489418749998245
volcanoes-b1,XGBoost,1018,5,0.000566913706494959,0.02235764534942703,0.012804585570577783,0.0008787392972056198,0.0008787392972056198,0.0,-0.0017653370220106967,0.0,-0.0006593512664127418,0.00029291309906853994,-0.0005153163304059395,0.03262770690654234,0.03262770690654234,0.0,-0.0023812969029498652,0.011025176756129709,0.011025176756129709,0.014550961220890682,0.013757195586574062,0.018523060333860628,0.018523060333860628,0.0,-0.003970450853363405,0.003815772476822453,0.003815772476822453,0.007446277603561026,0.006122793985773225,3.2411404443337233
volcanoes-b2,CatBoost,1067,5,0.0005657893116520998,0.020406299096959804,0.011691870488135608,0.0,-0.0005571150158255298,0.0,-0.0002486595397816627,0.0,-0.00023395000948385367,0.0,-0.0003465748550303487,0.002684559618409168,0.002684559618409168,0.014804115951311755,0.014804115951311755,0.01337909051699384,0.01337909051699384,0.010289255362238254,0.010289255362238254,7.076098701069694e-05,7.076098701069694e-05,0.007786679256776795,0.007786679256776795,0.011229504842805594,0.011229504842805594,0.006362315028864363,0.006362315028864363,3.25
volcanoes-b2,ExtraTrees,1067,5,0.0027286349126300585,0.03645534381641459,0.021842911945115152,0.0003214825529654573,0.0003214825529654573,0.003443133751551209,0.003443133751551209,0.00015694008841003846,0.00015694008841003846,0.0013071854643089016,0.0013071854643089016,0.021014838949457475,0.021014838949457475,0.03434423013516927,0.03434423013516927,0.02909063633916661,0.02909063633916661,0.02814990180793112,0.02814990180793112,0.012576710421854343,0.012576710421854343,0.01984741917316299,0.01984741917316299,0.016261619063582148,0.016261619063582148,0.016228582886199827,0.016228582886199827,3.237702361334717
volcanoes-b2,LightGBM,1067,5,0.0015177772409819858,0.027879087199134678,0.01652451082078418,0.0,-0.0005617894746936606,0.0006357693716172926,0.0006357693716172926,0.0006268297240666646,0.0006268297240666646,0.0004208663652279857,0.00023360320699676552,0.007700009436815729,0.007700009436815729,0.025893714314700753,0.025893714314700753,0.026869478771031075,0.026869478771031075,0.020154400840849185,0.020154400840849185,0.007913851953647808,0.007913851953647808,0.01735863941842938,0.01735863941842938,0.016718963876546485,0.016718963876546485,0.013997151749541225,0.013997151749541225,3.2562920416676207
volcanoes-b2,LinearModel,1067,5,0.0005279930063592708,0.018225597434231154,0.010584307196040315,0.0,-0.000913522703140146,0.0,-0.0006419478997698056,0.0,-0.000812599385013588,0.0,-0.0007893566626411798,0.0017598482644636058,0.0017598482644636058,0.006046446246807615,0.006046446246807615,0.012626763862682244,0.012626763862682244,0.006811019457984489,0.006811019457984489,0.00022140122005243307,0.00022140122005243307,0.003411888661949853,0.003411888661949853,0.007330884153020023,0.007330884153020023,0.0036547246783407692,0.0036547246783407692,3.308249388998471
volcanoes-b2,NeuralNetFastAI,1067,5,0.0002620464904624876,0.01276449755386589,0.007379603842862986,0.0,-0.0005733363604554887,0.00012132444740875739,0.00012132444740875739,0.0,-0.0006975595991859372,4.0441482469585796e-05,-0.00038319050407755617,0.0,-0.02014509849793265,0.01174320677061583,0.01174320677061583,0.0,-0.005076663469828045,0.003914402256871944,-0.0044928517323816215,0.0,-0.013110176832491525,0.005127130138388653,0.005127130138388653,0.0,-0.0017754949242284285,0.0017090433794628842,-0.003252847206110434,3.27346897199944
volcanoes-b2,NeuralNetTorch,1067,5,0.0004184984402655963,0.022335214381593735,0.012760812791060403,0.0,-0.0005988339781515422,0.0,-0.0003241795633077327,0.0,-0.0005301800196575021,0.0,-0.0004843978537055923,0.00870724950895435,0.00870724950895435,0.0,-0.014493158343865878,0.018240410025201156,0.018240410025201156,0.008982553178051834,0.004151500396763209,0.004042340116165286,0.004042340116165286,0.0,-0.010767086197776329,0.008119908522239205,0.008119908522239205,0.004054082879468164,0.0004650541468760542,3.316278041667829
volcanoes-b2,RandomForest,1067,5,0.0020955785737269954,0.033422858867265516,0.019834951679019233,0.0,-0.0003570054742907338,0.002112523896145588,0.002112523896145588,0.0,-0.0006290332506465907,0.0007041746320485294,0.00037549505706942123,0.01824149012589018,0.01824149012589018,0.03411346374863727,0.03411346374863727,0.02573365610283719,0.02573365610283719,0.026029536659121544,0.026029536659121544,0.008315824929608834,0.008315824929608834,0.01887571746245855,0.01887571746245855,0.01662935914736756,0.01662935914736756,0.014606967179811648,0.014606967179811648,3.2605501803336665
volcanoes-b2,XGBoost,1067,5,0.001349724849746865,0.027897866496233874,0.015958939686801968,0.0,-0.0010037098374225323,0.0,-0.0006906431480402054,0.0,-0.0003419450098532592,0.0,-0.0006787659984386656,0.004844029874756021,0.004844029874756021,0.01212432627249099,0.01212432627249099,0.015538650503695874,0.015538650503695874,0.010835668883647629,0.010835668883647629,0.0024234638282682602,0.0024234638282682602,0.007863515451966037,0.007863515451966037,0.00958887371038434,0.00958887371038434,0.006625284330206212,0.006625284330206212,3.2431628333312497
volcanoes-b5,CatBoost,999,5,0.0006123048276108617,0.020109406879677303,0.011603034396410425,0.0,-0.0010875308461053708,0.00010942290251084188,0.00010942290251084188,0.0,-0.00031904273150557786,3.6474300836947296e-05,-0.00043238355836670226,0.0,-0.004270012433059398,0.016549881357451186,0.016549881357451186,0.01860949669928953,0.01860949669928953,0.011719792685580238,0.010296455207893773,0.0,-0.0010825794664280474,0.009957749036255807,0.009957749036255807,0.010335773841626688,0.010335773841626688,0.006764507625960832,0.006403647803818149,3.2585060833322737
volcanoes-b5,ExtraTrees,999,5,0.0025774957661788963,0.03865552344487053,0.023088190623654328,0.0011881520285539188,0.0011881520285539188,0.00015288645636325155,0.00015288645636325155,0.0010224742730073858,0.0010224742730073858,0.0007878375859748521,0.0007878375859748521,0.03130769117836732,0.03130769117836732,0.024776532128486694,0.024776532128486694,0.036300119554242956,0.036300119554242956,0.030794780953698992,0.030794780953698992,0.020223958712567956,0.020223958712567956,0.015283475786068826,0.015283475786068826,0.025307710308558048,0.025307710308558048,0.02027171493573161,0.02027171493573161,3.239984319334326
volcanoes-b5,LightGBM,999,5,0.0009687694794763837,0.027521588372785795,0.01622497090663866,0.00010441057062577378,0.00010441057062577378,0.0,-0.0007449038619772292,0.0011060479452226983,0.0011060479452226983,0.00040348617194949066,0.00015518488462374765,0.019330512882506073,0.019330512882506073,0.004682162634690012,0.004682162634690012,0.03553529895588007,0.03553529895588007,0.019849324824358718,0.019849324824358718,0.011077313620534296,0.011077313620534296,0.003434706756249626,0.003434706756249626,0.01976918214061244,0.01976918214061244,0.011427067505798789,0.011427067505798789,3.2363605973344725
volcanoes-b5,LinearModel,999,5,0.0006872098116750334,0.020867978877901847,0.012129785647234477,0.0,-0.000332347100654572,0.0,-0.0006483035960054109,0.0,-0.00014520500418029807,0.0,-0.00037528523361342694,0.001579889968608496,0.001579889968608496,0.008163724995512113,0.008163724995512113,0.01560834025720368,0.01560834025720368,0.008450651740441429,0.008450651740441429,0.0017508374913793644,0.0017508374913793644,0.004233364927651989,0.004233364927651989,0.010606622759079016,0.010606622759079016,0.005530275059370124,0.005530275059370124,3.2354292223317316
volcanoes-b5,NeuralNetFastAI,999,5,0.0007909577494941509,0.02439619770710307,0.014310080758064477,0.0,-0.0001905045497843871,0.0,-0.0009139504070590817,0.0,-0.00012734866261541583,0.0,-0.0004106012064862949,0.004159230378814424,0.004159230378814424,0.00926294382903597,0.00926294382903597,0.02097831550480825,0.02097831550480825,0.01146682990421955,0.01146682990421955,0.0032323829934453375,0.0032323829934453375,0.003942760381422674,0.003942760381422674,0.012258713233840495,0.012258713233840495,0.0064779522029028355,0.0064779522029028355,3.4269156526667452
volcanoes-b5,NeuralNetTorch,999,5,0.00048093489419967007,0.024038308728390745,0.013974620462129154,0.0,-0.0006344665306087186,2.1118821282701572e-05,2.1118821282701572e-05,0.0,-0.000268326177571836,7.039607094233857e-06,-0.0002938912956326177,0.02425559160181436,0.02425559160181436,0.031642994558677785,0.031642994558677785,0.018425875551566516,0.018425875551566516,0.024774820570686223,0.024774820570686223,0.012924281186806925,0.012924281186806925,0.019217357277752353,0.019217357277752353,0.0076611414334126675,0.0076611414334126675,0.013267593299323983,0.013267593299323983,3.3108431803339045
volcanoes-b5,RandomForest,999,5,0.0019302921202535932,0.0340037352573421,0.019458604537421702,0.0,-0.0006333290016592533,0.0,-0.00038241617571468863,0.00035892671055744825,0.00035892671055744825,0.00011964223685248275,-0.0002189394889388312,0.0,-0.006747775714818051,0.011804410536159283,0.011804410536159283,0.02732710543402507,0.02732710543402507,0.013043838656728118,0.010794580085122102,0.0007207927095852744,0.0007207927095852744,0.007453574702026163,0.007453574702026163,0.016353585927769896,0.016353585927769896,0.008175984446460444,0.008175984446460444,3.2904263750000005
volcanoes-b5,XGBoost,999,5,0.0007743890425936602,0.025851417492325075,0.014631205277103343,0.0,-0.0002575114292516913,0.0,-0.00023831731954707211,0.0,-0.0006230950302698159,0.0,-0.0003729745930228598,0.008841386155432297,0.008841386155432297,0.0064866235722098745,0.0064866235722098745,0.01759691001067555,0.01759691001067555,0.010974973246105907,0.010974973246105907,0.006497337361142605,0.006497337361142605,0.006298608046964482,0.006298608046964482,0.010675762522930376,0.010675762522930376,0.007823902643679154,0.007823902643679154,3.284605903000435
volcanoes-b6,CatBoost,1013,5,0.0007069256956990177,0.019504170795059634,0.011221497144560243,0.0,-5.386469673592688e-05,0.0,-0.0006065552063693014,0.00020175236252203664,0.00020175236252203664,6.725078750734554e-05,-0.0001528891801943972,0.01628189680266754,0.01628189680266754,0.00655735922730937,0.00655735922730937,0.008098723179534783,0.008098723179534783,0.0103126597365039,0.0103126597365039,0.011441544433888413,0.011441544433888413,0.004610561079853245,0.004610561079853245,0.0045531891471324,0.0045531891471324,0.0068684315536246855,0.0068684315536246855,3.306530430665589
volcanoes-b6,ExtraTrees,1013,5,0.0018947639006548255,0.034375314578192505,0.02048433570130177,0.0011998561265632527,0.0011998561265632527,0.0,-0.0004235108701917142,0.00031897344893242233,0.00031897344893242233,0.0005062765251652251,0.0003651062351013202,0.03579955916816056,0.03579955916816056,0.02358121344043782,0.02358121344043782,0.030969043542371445,0.030969043542371445,0.030116605383656608,0.030116605383656608,0.022251535761255978,0.022251535761255978,0.014967938394724576,0.014967938394724576,0.015708230325254192,0.015708230325254192,0.01764256816041158,0.01764256816041158,3.336313375000221
volcanoes-b6,LightGBM,1013,5,0.0011702734844151528,0.026357187206295495,0.015452562939601367,0.0015248768305400821,0.0015248768305400821,0.0,-0.0005174688900460556,0.0005087756441348464,0.0005087756441348464,0.0006778841582249762,0.0005053945282096243,0.029069307225761325,0.029069307225761325,0.014200289139795295,0.014200289139795295,0.022987701915569033,0.022987701915569033,0.02208576609370855,0.02208576609370855,0.019166046734076868,0.019166046734076868,0.007197753196783113,0.007197753196783113,0.011035431502398293,0.011035431502398293,0.012466410477752758,0.012466410477752758,3.3968419026665893
volcanoes-b6,LinearModel,1013,5,0.0003547472129238345,0.017547776069100816,0.010194297857701913,0.0,-0.0006337716537137014,0.0,-0.0007142000250879027,0.0,-0.0007471428902145652,0.0,-0.0006983715230053899,0.017537253048355947,0.017537253048355947,0.015071467634757517,0.015071467634757517,0.012251508488787794,0.012251508488787794,0.014953409723967087,0.014953409723967087,0.011122842799844495,0.011122842799844495,0.008664207610573148,0.008664207610573148,0.005379661032777667,0.005379661032777667,0.008388903814398437,0.008388903814398437,3.299573305664429
volcanoes-b6,NeuralNetFastAI,1013,5,0.00037031572557459045,0.015836364229095075,0.00920882029898925,0.0,-0.0005045568425023298,0.0,-0.0006231635877555905,0.0,-0.0007601208899460926,0.0,-0.0006292804400680044,0.016862827449175194,0.016862827449175194,0.012001539578678548,0.012001539578678548,0.00902108478257275,0.00902108478257275,0.01262848393680883,0.01262848393680883,0.007035687363022788,0.007035687363022788,0.006836893662507652,0.006836893662507652,0.004111017926913212,0.004111017926913212,0.005994532984147884,0.005994532984147884,3.3467494446667843
volcanoes-b6,NeuralNetTorch,1013,5,0.00048703081519714563,0.02619876223061088,0.014894723115956127,0.0,-0.0007574674165190123,0.0,-2.3734302454975948e-05,0.0,-0.00011620833085940763,0.0,-0.00029913668327779863,0.01797618678919811,0.01797618678919811,0.0,-0.0006707186678383451,0.022009197004526537,0.022009197004526537,0.013328461264574883,0.013104888375295434,0.009351409211260882,0.009351409211260882,0.0,-0.0015712990812084982,0.009429086546948774,0.009429086546948774,0.006260165252736552,0.00573639889233372,3.3501560000004247
volcanoes-b6,RandomForest,1013,5,0.001383808946485179,0.031694412691847085,0.018766121442519327,0.0005604927231021103,0.0005604927231021103,0.00037587867987419867,0.00037587867987419867,0.0,-0.00016639611528846318,0.000312123800992103,0.00025665842922928194,0.03491743757161223,0.03491743757161223,0.029950774483741862,0.029950774483741862,0.016608185747195383,0.016608185747195383,0.027158799267516492,0.027158799267516492,0.01950613318675569,0.01950613318675569,0.01668435567218442,0.01668435567218442,0.01365156782257007,0.01365156782257007,0.016614018893836725,0.016614018893836725,3.3243937359996685
volcanoes-b6,XGBoost,1013,5,0.0009507441471579504,0.02516714310221124,0.014375008060914601,0.0008187153323630063,0.0008187153323630063,0.0,-0.0007279440092445519,0.0,-0.0005447611224146449,0.00027290511078766874,-0.00015132993309873016,0.02668800119226495,0.02668800119226495,0.007113460947479961,0.007113460947479961,0.012140135937333586,0.012140135937333586,0.015313866025692832,0.015313866025692832,0.017524618881960982,0.017524618881960982,0.004780982850396946,0.004780982850396946,0.0087469219338568,0.0087469219338568,0.010350841222071576,0.010350841222071576,3.3060062083338075
volkert,CatBoost,5831,10,0.00786869255130637,0.11370675150931676,0.06421180760410321,0.005462482527402285,0.005462482527402285,0.003082816190828305,0.003082816190828305,0.0032254860674199386,0.0032254860674199386,0.003923594928550176,0.003923594928550176,0.09062375418687983,0.09062375418687983,0.06702604710260429,0.06702604710260429,0.08522538194193315,0.08522538194193315,0.08095839441047242,0.08095839441047242,0.05643491611651577,0.05643491611651577,0.041066245114532676,0.041066245114532676,0.04835323792279573,0.04835323792279573,0.0486181330512814,0.0486181330512814,3.997584083333398
volkert,ExtraTrees,5831,10,0.05372474487137684,0.375876255104135,0.20128288861963975,0.0491836788386891,0.0491836788386891,0.04300348397864981,0.04300348397864981,0.044983682276483666,0.044983682276483666,0.045723615031274194,0.045723615031274194,0.3716312655567246,0.3716312655567246,0.3529209259131463,0.3529209259131463,0.3508663853817743,0.3508663853817743,0.35847285895054837,0.35847285895054837,0.20075928788965453,0.20075928788965453,0.18746824289612252,0.18746824289612252,0.18888275601248344,0.18888275601248344,0.19237009559942017,0.19237009559942017,4.075711013666781
volkert,LightGBM,5831,10,0.014659388676216164,0.14623174491276478,0.08363888574110404,0.010368318632501287,0.010368318632501287,0.006886596799386643,0.006886596799386643,0.011367911762162789,0.011367911762162789,0.009540942398016906,0.009540942398016906,0.13081652055366452,0.13081652055366452,0.10034653034775744,0.10034653034775744,0.1436244376377217,0.1436244376377217,0.12492916284638123,0.12492916284638123,0.07270161785344754,0.07270161785344754,0.056991584778584244,0.056991584778584244,0.07880178649125578,0.07880178649125578,0.06949832970776253,0.06949832970776253,4.098800569333737
volkert,LinearModel,5831,10,0.03507931014555769,0.2746011329628368,0.14889917754229445,0.009530025554852358,0.009530025554852358,0.010042603884089106,0.010042603884089106,0.009307625915602084,0.009307625915602084,0.00962675178484785,0.00962675178484785,0.1450276574562707,0.1450276574562707,0.13645517635210203,0.13645517635210203,0.14186649390789893,0.14186649390789893,0.14111644257209055,0.14111644257209055,0.07720277526555686,0.07720277526555686,0.0768487142058757,0.0768487142058757,0.08035094552138364,0.08035094552138364,0.07813414499760539,0.07813414499760539,4.221351555332755
volkert,NeuralNetFastAI,5831,10,0.0047297946708924786,0.0946615503279002,0.051902588674734886,0.0008237868963804799,0.0008237868963804799,0.0019836342752409765,0.0019836342752409765,0.0018796670294660492,0.0018796670294660492,0.001562362733695835,0.001562362733695835,0.039897923338963096,0.039897923338963096,0.06454021892965141,0.06454021892965141,0.06544673424637107,0.06544673424637107,0.056628292171661855,0.056628292171661855,0.020111937441023804,0.020111937441023804,0.034407679727490856,0.034407679727490856,0.03524261922893456,0.03524261922893456,0.02992074546581641,0.02992074546581641,3.9361445139996554
volkert,NeuralNetTorch,5831,10,0.0042187959189809755,0.08354234758628522,0.04636418943327202,0.0011437310352057752,0.0011437310352057752,0.0,-0.00017266717899257997,0.0022307172988637208,0.0022307172988637208,0.0011248161113564987,0.0010672603850256388,0.046075130649708,0.046075130649708,0.010299822855514331,0.010299822855514331,0.057212466115264565,0.057212466115264565,0.03786247320682897,0.03786247320682897,0.027071315144418094,0.027071315144418094,0.00700090001469267,0.00700090001469267,0.03264867028870501,0.03264867028870501,0.02224029514927192,0.02224029514927192,3.8447508469980676
volkert,RandomForest,5831,10,0.04768371300717827,0.3453452348329215,0.1850196624249789,0.04164665938848973,0.04164665938848973,0.03887294565552107,0.03887294565552107,0.03720951831674439,0.03720951831674439,0.039243041120251725,0.039243041120251725,0.3328627344348854,0.3328627344348854,0.3236431235216279,0.3236431235216279,0.31516487381160946,0.31516487381160946,0.3238902439227076,0.3238902439227076,0.18013227346275934,0.18013227346275934,0.1735800459865,0.1735800459865,0.1671486620215947,0.1671486620215947,0.17362032715695133,0.17362032715695133,4.013096333333427
volkert,XGBoost,5831,10,0.01592521201740465,0.14419241851537037,0.08394488565491044,0.009656547756995622,0.009656547756995622,0.005770914951534788,0.005770914951534788,0.01127690017073229,0.01127690017073229,0.008901454293087566,0.008901454293087566,0.1072171920287531,0.1072171920287531,0.08471898529648442,0.08471898529648442,0.12339014442862233,0.12339014442862233,0.10510877391795327,0.10510877391795327,0.06325125565922209,0.06325125565922209,0.05289012300645664,0.05289012300645664,0.07271027338565832,0.07271027338565832,0.06295055068377901,0.06295055068377901,4.097008166667365
