dataset,model,test_size,n_classes,SMS_brier,SMS_l1,SMS_l2,SMS_brier_unclipped,SMS_l1_unclipped,SMS_l2_unclipped,SMS_time
Diabetes130US,CatBoost,10177,3,0.0,0.00640558677033568,0.005067804421992894,-0.00018249205355355737,0.00640558677033568,0.005067804421992894,0.18899195799895097
Diabetes130US,ExtraTrees,10177,3,0.000916742238241963,0.03929161373489253,0.026514758642736603,0.000916742238241963,0.03929161373489253,0.026514758642736603,0.18149358399386983
Diabetes130US,LightGBM,10177,3,0.0,0.01296657886126602,0.007876352076824219,-0.00010144384762094701,0.01296657886126602,0.007876352076824219,0.17650874999526422
Diabetes130US,LinearModel,10177,3,0.0006724371506770399,0.028715746467709035,0.01873868404444907,0.0006724371506770399,0.028715746467709035,0.01873868404444907,0.18625520799832884
Diabetes130US,NeuralNetFastAI,10177,3,9.254116739317511e-05,0.01589982037020594,0.011008139042146163,9.254116739317511e-05,0.01589982037020594,0.011008139042146163,0.1656145420129178
Diabetes130US,NeuralNetTorch,10177,3,0.0,0.0,0.0,-0.0001708410303714667,-0.010282138999911362,-0.005332343097011136,0.17725395801244304
Diabetes130US,RandomForest,10177,3,0.000272047672866246,0.026747795647941622,0.017559278234483628,0.000272047672866246,0.026747795647941622,0.017559278234483628,0.14836787500826176
Diabetes130US,XGBoost,10177,3,0.0,0.01485944885660431,0.010214235193900035,-4.121548685333233e-05,0.01485944885660431,0.010214235193900035,0.18939116700494196
GesturePhaseSegmentationProcessed,CatBoost,988,5,0.004924643090003717,0.09830754243771131,0.0564749052439005,0.004924643090003717,0.09830754243771131,0.0564749052439005,0.1472126250009751
GesturePhaseSegmentationProcessed,ExtraTrees,988,5,0.051781098857184626,0.35761808043084503,0.20855639917779503,0.051781098857184626,0.35761808043084503,0.20855639917779503,0.15488158399239182
GesturePhaseSegmentationProcessed,LightGBM,988,5,0.013677247680455402,0.12105813496754518,0.08054370256964842,0.013677247680455402,0.12105813496754518,0.08054370256964842,0.14418512499833014
GesturePhaseSegmentationProcessed,LinearModel,988,5,0.000932725831115014,0.01004411586268269,0.006871815419630277,0.000932725831115014,0.01004411586268269,0.006871815419630277,0.14492791700467933
GesturePhaseSegmentationProcessed,NeuralNetFastAI,988,5,0.0,0.07820360645204956,0.04138590195603027,-0.00039019153446744797,0.07820360645204956,0.04138590195603027,0.14949483300733846
GesturePhaseSegmentationProcessed,NeuralNetTorch,988,5,0.0022815713694033413,0.10345926675371002,0.05593774044642209,0.0022815713694033413,0.10345926675371002,0.05593774044642209,0.1464532920072088
GesturePhaseSegmentationProcessed,RandomForest,988,5,0.03447842960460763,0.28757759341417666,0.1633153501818154,0.03447842960460763,0.28757759341417666,0.1633153501818154,0.1585203750000801
GesturePhaseSegmentationProcessed,XGBoost,988,5,0.014119124233903522,0.12221224451581741,0.0783555910211967,0.014119124233903522,0.12221224451581741,0.0783555910211967,0.14665041599073447
Indian_pines,CatBoost,915,8,0.003005020651666951,0.02264396731896662,0.01571495631123951,0.003005020651666951,0.02264396731896662,0.01571495631123951,0.17627883300883695
Indian_pines,ExtraTrees,915,8,0.025007196971391955,0.19235672457450065,0.13323626513758563,0.025007196971391955,0.19235672457450065,0.13323626513758563,0.17274133300816175
Indian_pines,LightGBM,915,8,0.0007953683295426782,0.01439190011539331,0.010544825731845996,0.0007953683295426782,0.01439190011539331,0.010544825731845996,0.1619962080003461
Indian_pines,LinearModel,915,8,0.0,0.01728322438653561,0.009820738793334555,-0.0018319887201416502,0.01728322438653561,0.009820738793334555,0.18161191599210724
Indian_pines,NeuralNetFastAI,915,8,0.0,0.006112014827601471,0.004189303570222883,-0.0005337048701064348,0.006112014827601471,0.004189303570222883,0.15738370800681878
Indian_pines,NeuralNetTorch,915,8,0.0,0.015636895870878405,0.010912422055461864,-0.0009148750557439241,0.015636895870878405,0.010912422055461864,0.14355720800813287
Indian_pines,RandomForest,915,8,0.023011289722125666,0.1791836806788376,0.12411064064767026,0.023011289722125666,0.1791836806788376,0.12411064064767026,0.17934345800313167
Indian_pines,XGBoost,915,8,0.0011898524889506436,0.006790406081877861,0.0051591121966052655,0.0011898524889506436,0.006790406081877861,0.0051591121966052655,0.16528554099204484
Traffic_violations,CatBoost,7034,3,0.0,0.0,0.0,-0.0002566898403752111,-0.013803046713003794,-0.009545928131548214,0.1345499590097461
Traffic_violations,ExtraTrees,7034,3,7.606634584295121e-06,0.004025375780204823,0.0026505420211204622,7.606634584295121e-06,0.004025375780204823,0.0026505420211204622,0.13884241599589586
Traffic_violations,LightGBM,7034,3,0.0,0.0,0.0,-0.00010926220046351128,-0.004314464206893717,-0.00333250815305683,0.1399693749990547
Traffic_violations,LinearModel,7034,3,0.0005484567561189851,0.017353714030834445,0.011151116390071499,0.0005484567561189851,0.017353714030834445,0.011151116390071499,0.15541520800616127
Traffic_violations,NeuralNetFastAI,7034,3,0.0,0.009745257017908366,0.0067907464715769375,-1.4677725399999363e-05,0.009745257017908366,0.0067907464715769375,0.17076462499971967
Traffic_violations,NeuralNetTorch,7034,3,0.0,0.010653787153105429,0.007762631765741831,-0.00012332897839018017,0.010653787153105429,0.007762631765741831,0.16794612500234507
Traffic_violations,RandomForest,7034,3,0.0,0.009090693220355224,0.006598222716400296,-3.6435789822856266e-05,0.009090693220355224,0.006598222716400296,0.1423784580110805
Traffic_violations,XGBoost,7034,3,0.0,0.0,0.0,-5.9547339790008926e-05,-0.0003651594811803708,-0.0007988182953501174,0.1368808330007596
artificial-characters,CatBoost,1022,10,0.006562778506509149,0.08629250677593897,0.05635706146039229,0.006562778506509149,0.08629250677593897,0.05635706146039229,0.18236529199930374
artificial-characters,ExtraTrees,1022,10,0.0328983054239,0.23471022083029658,0.15216366586222094,0.0328983054239,0.23471022083029658,0.15216366586222094,0.21044354198966175
artificial-characters,LightGBM,1022,10,0.003345650752198229,0.06251226967581178,0.040271204119154365,0.003345650752198229,0.06251226967581178,0.040271204119154365,0.15975620900280774
artificial-characters,LinearModel,1022,10,0.0,0.05234122878677858,0.026694150038777308,-0.0030384596418886207,0.05234122878677858,0.026694150038777308,0.20958204199268948
artificial-characters,NeuralNetFastAI,1022,10,0.0,0.009920703619405686,0.004337741814159585,-0.004832716823885049,0.009920703619405686,0.004337741814159585,0.17938970800605603
artificial-characters,NeuralNetTorch,1022,10,0.0,0.06193416494075375,0.03799172406641781,-0.004293549703477189,0.06193416494075375,0.03799172406641781,0.22978520800825208
artificial-characters,RandomForest,1022,10,0.03308304908165925,0.22442320108091388,0.14781334908705215,0.03308304908165925,0.22442320108091388,0.14781334908705215,0.21530045798863284
artificial-characters,XGBoost,1022,10,0.004043181327585901,0.058460634029590744,0.03370370998523371,0.004043181327585901,0.058460634029590744,0.03370370998523371,0.17962700000498444
connect-4,CatBoost,6756,3,0.0024200281058700856,0.04772028028065135,0.030777285168275437,0.0024200281058700856,0.04772028028065135,0.030777285168275437,0.12395649999962188
connect-4,ExtraTrees,6756,3,0.01141613308803244,0.1420699154157031,0.0931455492105783,0.01141613308803244,0.1420699154157031,0.0931455492105783,0.1681074579973938
connect-4,LightGBM,6756,3,0.002591789005206472,0.047498889849828634,0.03029011141654942,0.002591789005206472,0.047498889849828634,0.03029011141654942,0.11662024998804554
connect-4,LinearModel,6756,3,0.000653417333268194,0.04200305823448598,0.026437096801583813,0.000653417333268194,0.04200305823448598,0.026437096801583813,0.14196037499641534
connect-4,NeuralNetFastAI,6756,3,0.0014201101459716172,0.04091978886574049,0.026297057688895804,0.0014201101459716172,0.04091978886574049,0.026297057688895804,0.11986845800129231
connect-4,NeuralNetTorch,6756,3,0.0003996164723344303,0.019581656903059866,0.013346611835931043,0.0003996164723344303,0.019581656903059866,0.013346611835931043,0.13778274999640416
connect-4,RandomForest,6756,3,0.00902651360101433,0.13723539991411526,0.08762118543989852,0.00902651360101433,0.13723539991411526,0.08762118543989852,0.15779808298975695
connect-4,XGBoost,6756,3,0.0026349587437388133,0.045671622813669197,0.029002900711760964,0.0026349587437388133,0.045671622813669197,0.029002900711760964,0.1298712499992689
dilbert,CatBoost,1000,5,0.0,0.028726781180552365,0.01872817787290964,-0.000379839247972641,0.028726781180552365,0.01872817787290964,0.10629766700731125
dilbert,ExtraTrees,1000,5,0.08208761742209997,0.4089733107180982,0.24527385247464953,0.08208761742209997,0.4089733107180982,0.24527385247464953,0.12028999999165535
dilbert,LightGBM,1000,5,0.0,0.0,0.0,-0.0029323589676279994,-0.014963831509997454,-0.009774636552446647,0.08892137500515673
dilbert,LinearModel,1000,5,7.746735581523633e-05,0.04786639554371291,0.03277302774474931,7.746735581523633e-05,0.04786639554371291,0.03277302774474931,0.11803099999087863
dilbert,NeuralNetFastAI,1000,5,0.0,0.0,0.0,-0.0026358178143879646,-0.013034958930526756,-0.009796996180685342,0.10044562499388121
dilbert,NeuralNetTorch,1000,5,0.0001286839462245336,0.009592417811560928,0.007084711290284593,0.0001286839462245336,0.009592417811560928,0.007084711290284593,0.09704545899876393
dilbert,RandomForest,1000,5,0.07691469402725432,0.39165330816057653,0.23441392773573433,0.07691469402725432,0.39165330816057653,0.23441392773573433,0.13379616699239705
dilbert,XGBoost,1000,5,0.0,0.008054089498040526,0.004610340680436298,-0.00044995272865463586,0.008054089498040526,0.004610340680436298,0.10842070799844805
eye_movements,CatBoost,1094,3,0.0,0.03508027633728708,0.020913099859262027,-0.0010111449695693665,0.03508027633728708,0.020913099859262027,0.08162795800308231
eye_movements,ExtraTrees,1094,3,0.0484817297096627,0.33700792304512156,0.21147235384181587,0.0484817297096627,0.33700792304512156,0.21147235384181587,0.0952979590074392
eye_movements,LightGBM,1094,3,0.0020278957353646455,0.05670516951377516,0.03160274065004883,0.0020278957353646455,0.05670516951377516,0.03160274065004883,0.1032299999933457
eye_movements,LinearModel,1094,3,0.0,0.003611749115781399,0.003807862238017265,-0.0024309094869617944,0.003611749115781399,0.003807862238017265,0.0918554999952903
eye_movements,NeuralNetFastAI,1094,3,0.0,0.03276870982753237,0.018325950196698443,-0.001691913788734146,0.03276870982753237,0.018325950196698443,0.09202258299046662
eye_movements,NeuralNetTorch,1094,3,0.0,0.03746783025204419,0.03119939468044811,-0.0001646020913059042,0.03746783025204419,0.03119939468044811,0.09758062500623055
eye_movements,RandomForest,1094,3,0.024015723400685165,0.23263253947907717,0.14523814407930374,0.024015723400685165,0.23263253947907717,0.14523814407930374,0.09975799999665469
eye_movements,XGBoost,1094,3,0.0,0.022479346463711688,0.013933861149636538,-1.136014934833704e-05,0.022479346463711688,0.013933861149636538,0.09152879100292921
har,CatBoost,1030,6,0.0,0.0033784865259802615,0.002280513441201635,-0.0012422342592086288,0.0033784865259802615,0.002280513441201635,0.06446804199367762
har,ExtraTrees,1030,6,0.01489020070598193,0.12002560551567619,0.07980636943374629,0.01489020070598193,0.12002560551567619,0.07980636943374629,0.09620745899155736
har,LightGBM,1030,6,0.0014553879298071688,0.006213343296114763,0.0043877327262611555,0.0014553879298071688,0.006213343296114763,0.0043877327262611555,0.036233624996384606
har,LinearModel,1030,6,0.0008547655558979068,0.016192250758205146,0.011003616224210356,0.0008547655558979068,0.016192250758205146,0.011003616224210356,0.11255954200169072
har,NeuralNetFastAI,1030,6,0.0012574925775216679,0.011397315388765771,0.008010623984770716,0.0012574925775216679,0.011397315388765771,0.008010623984770716,0.10139754100237042
har,NeuralNetTorch,1030,6,0.0,0.006025715479375148,0.004111332918694128,-0.0008630205215675577,0.006025715479375148,0.004111332918694128,0.08596962499723304
har,RandomForest,1030,6,0.009682321798018152,0.09117117106968403,0.060552873228445686,0.009682321798018152,0.09117117106968403,0.060552873228445686,0.11301012500189245
har,XGBoost,1030,6,0.0,0.009105705485028644,0.006305563069097175,-0.0001715296148325105,0.009105705485028644,0.006305563069097175,0.06603154199547134
jungle_chess_2pcs_raw_endgame_complete,CatBoost,4482,3,0.0009793372916934537,0.014838570956472268,0.012570646768613298,0.0009793372916934537,0.014838570956472268,0.012570646768613298,0.1344820000085747
jungle_chess_2pcs_raw_endgame_complete,ExtraTrees,4482,3,0.0,0.003642932166726192,0.0002683224234222368,-0.0020234562205697407,0.003642932166726192,0.0002683224234222368,0.11415483300515916
jungle_chess_2pcs_raw_endgame_complete,LightGBM,4482,3,0.00010458302546603458,0.005319178162468955,0.0044496066168639575,0.00010458302546603458,0.005319178162468955,0.0044496066168639575,0.11731450000661425
jungle_chess_2pcs_raw_endgame_complete,LinearModel,4482,3,0.0016638981339438604,0.05104021914718886,0.03534981646718258,0.0016638981339438604,0.05104021914718886,0.03534981646718258,0.16521900000225287
jungle_chess_2pcs_raw_endgame_complete,NeuralNetFastAI,4482,3,0.0012705890585477729,0.03173309906741364,0.020855848839226476,0.0012705890585477729,0.03173309906741364,0.020855848839226476,0.13109325000550598
jungle_chess_2pcs_raw_endgame_complete,NeuralNetTorch,4482,3,0.0064429163305091556,0.04565092981392343,0.03187589298077919,0.0064429163305091556,0.04565092981392343,0.03187589298077919,0.12244541700056288
jungle_chess_2pcs_raw_endgame_complete,RandomForest,4482,3,0.0,0.025394859524009356,0.017304184302438134,-0.0013891807928264259,0.025394859524009356,0.017304184302438134,0.12425274999986868
jungle_chess_2pcs_raw_endgame_complete,XGBoost,4482,3,0.0012640373553593437,0.015284184831680704,0.009363451557403578,0.0012640373553593437,0.015284184831680704,0.009363451557403578,0.11957949999487028
kr-vs-k,CatBoost,2806,18,0.005358310251445754,0.07271291112026933,0.04644073199913027,0.005358310251445754,0.07271291112026933,0.04644073199913027,0.6717144589929376
kr-vs-k,ExtraTrees,2806,18,0.05353176632097747,0.3366493569040332,0.20826326022982583,0.05353176632097747,0.3366493569040332,0.20826326022982583,0.659039208010654
kr-vs-k,LightGBM,2806,18,0.005440228930130093,0.07604907769987367,0.05169745214629228,0.005440228930130093,0.07604907769987367,0.05169745214629228,0.7709027500095544
kr-vs-k,LinearModel,2806,18,0.0044451681107375825,0.14214423104902402,0.06067482192274567,0.0044451681107375825,0.14214423104902402,0.06067482192274567,0.854363916994771
kr-vs-k,NeuralNetFastAI,2806,18,0.011506873422767475,0.14616758883962805,0.09031402647761577,0.011506873422767475,0.14616758883962805,0.09031402647761577,0.6538412079971749
kr-vs-k,NeuralNetTorch,2806,18,0.00756073707329979,0.10881641105056483,0.06946129714331711,0.00756073707329979,0.10881641105056483,0.06946129714331711,0.566338666001684
kr-vs-k,RandomForest,2806,18,0.010061746090266931,0.12171897327655985,0.07666533442849834,0.010061746090266931,0.12171897327655985,0.07666533442849834,0.6897962090006331
kr-vs-k,XGBoost,2806,18,0.00437868231206993,0.05625575486896202,0.036851304011340735,0.00437868231206993,0.05625575486896202,0.036851304011340735,0.6033555410103872
letter,CatBoost,2000,26,0.0,0.0,0.0,-0.002034787547982588,-0.004711224407165108,-0.0038707138504188235,0.3792082079889951
letter,ExtraTrees,2000,26,0.04948018688858319,0.2632084587626762,0.1407585939037765,0.04948018688858319,0.2632084587626762,0.1407585939037765,0.4321074580075219
letter,LightGBM,2000,26,0.0,0.0,0.0,-0.001914092417959319,-0.00751303550682243,-0.004770798262459952,0.3650703749881359
letter,LinearModel,2000,26,0.0,0.05800024227467766,0.026323811191693112,-0.0006472371692462549,0.05800024227467766,0.026323811191693112,0.8904930830030935
letter,NeuralNetFastAI,2000,26,0.0,0.0,0.0,-0.0024792737212899645,-0.00574246394271676,-0.004098631776899853,0.41134658400551416
letter,NeuralNetTorch,2000,26,0.0,0.004470582229352058,0.002981190938673108,-0.0016676297646276309,0.004470582229352058,0.002981190938673108,0.38621629199769814
letter,RandomForest,2000,26,0.03445751137889195,0.20410123269852992,0.1120400173069195,0.03445751137889195,0.20410123269852992,0.1120400173069195,0.49626933298713993
letter,XGBoost,2000,26,0.0,0.0012081550896393444,0.0,-0.0018331191290830383,0.0012081550896393444,-0.00038881213876475494,0.38275191601132974
microaggregation2,CatBoost,2000,5,0.0,0.00403804212359887,0.00809582380361755,-0.0014918501072530503,0.00403804212359887,0.00809582380361755,0.1667341669963207
microaggregation2,ExtraTrees,2000,5,0.004071469759963748,0.058731831514382875,0.038091325151680566,0.004071469759963748,0.058731831514382875,0.038091325151680566,0.17249229199660476
microaggregation2,LightGBM,2000,5,0.0,0.022321471140588984,0.016312768713142647,-0.000382045933494827,0.022321471140588984,0.016312768713142647,0.16406037499837112
microaggregation2,LinearModel,2000,5,0.0,0.0,0.0,-0.0003780520353808165,-0.016086121666504447,-0.002630105123179119,0.16276595799718052
microaggregation2,NeuralNetFastAI,2000,5,0.00021864913706989196,0.0247525037225833,0.014124109862683433,0.00021864913706989196,0.0247525037225833,0.014124109862683433,0.1627416249975795
microaggregation2,NeuralNetTorch,2000,5,0.0,0.00011126753026445613,0.0068101080093586576,-0.001072574256881234,0.00011126753026445613,0.0068101080093586576,0.1606825420021778
microaggregation2,RandomForest,2000,5,0.0002380490378531519,0.030091478191174297,0.01508712198715068,0.0002380490378531519,0.030091478191174297,0.01508712198715068,0.16698812499816995
microaggregation2,XGBoost,2000,5,0.0,0.024717095972777315,0.01742468752527283,-0.00015383253734176571,0.024717095972777315,0.01742468752527283,0.1625196670065634
okcupid-stem,CatBoost,5079,3,0.0,0.020984537644206762,0.015038658128607833,-9.98360112173009e-06,0.020984537644206762,0.015038658128607833,0.12634579099540133
okcupid-stem,ExtraTrees,5079,3,0.0007424500232232952,0.039327464354407454,0.027184600036172072,0.0007424500232232952,0.039327464354407454,0.027184600036172072,0.10842854200745933
okcupid-stem,LightGBM,5079,3,0.0,0.000293687645427158,0.0,-0.00018356144352079442,0.000293687645427158,-0.00014674645539020545,0.13129366700013634
okcupid-stem,LinearModel,5079,3,5.45654663928981e-05,0.022301697325546634,0.015977252877529276,5.45654663928981e-05,0.022301697325546634,0.015977252877529276,0.14809175000118557
okcupid-stem,NeuralNetFastAI,5079,3,0.0002931556806090038,0.019999844196967452,0.01373652729990371,0.0002931556806090038,0.019999844196967452,0.01373652729990371,0.12511804199311882
okcupid-stem,NeuralNetTorch,5079,3,0.0007176493041488313,0.030517787716690586,0.0191595738486773,0.0007176493041488313,0.030517787716690586,0.0191595738486773,0.14178049999463838
okcupid-stem,RandomForest,5079,3,0.0002680828454389208,0.026157698807308984,0.017218311026656368,0.0002680828454389208,0.026157698807308984,0.017218311026656368,0.10339383300743066
okcupid-stem,XGBoost,5079,3,0.00014472924057767097,0.01992380789458045,0.013398425846967566,0.00014472924057767097,0.01992380789458045,0.013398425846967566,0.13412079199042637
pendigits,CatBoost,1100,10,0.0,0.0020517628229821646,0.0009418813482434447,-0.000530377823581157,0.0020517628229821646,0.0009418813482434447,0.08268849999876693
pendigits,ExtraTrees,1100,10,0.010159356310286614,0.0841690282401917,0.05152084831319645,0.010159356310286614,0.0841690282401917,0.05152084831319645,0.11070533300517127
pendigits,LightGBM,1100,10,0.0,0.0,0.0,-0.00060149629851636,-0.005543991520731879,-0.004169121965818847,0.07715554199239705
pendigits,LinearModel,1100,10,0.0,0.0,0.0,-0.003438729590735871,-0.014614822837002415,-0.009315803010056606,0.1801545409980463
pendigits,NeuralNetFastAI,1100,10,0.0,0.0,0.0,-0.0013345187499482632,-0.0005195209487080891,-0.0007653286137772519,0.06692362499597948
pendigits,NeuralNetTorch,1100,10,0.0,0.0,0.0,-0.0008549525926722394,-0.0003483958805068645,-0.0004623153077475537,0.0787694580067182
pendigits,RandomForest,1100,10,0.007185441907605001,0.0694778163370495,0.04208333266090867,0.007185441907605001,0.0694778163370495,0.04208333266090867,0.11217720800777897
pendigits,XGBoost,1100,10,0.0005727254230829387,0.00570009399269116,0.0038010363003711726,0.0005727254230829387,0.00570009399269116,0.0038010363003711726,0.08004958300443832
robert,CatBoost,1000,10,0.0024664194784824564,0.11476518223760468,0.06150415432490841,0.0024664194784824564,0.11476518223760468,0.06150415432490841,0.19020529199042358
robert,ExtraTrees,1000,10,0.06296271692228744,0.46818382034498285,0.21813486038557717,0.06296271692228744,0.46818382034498285,0.21813486038557717,0.18432454198773485
robert,LightGBM,1000,10,0.0,0.029778510343699053,0.004101169905055772,-0.004763953138802201,0.029778510343699053,0.004101169905055772,0.17745387500326615
robert,LinearModel,1000,10,0.1633568457987104,0.7867501699656445,0.38947892688465535,0.1633568457987104,0.7867501699656445,0.38947892688465535,0.14102262500091456
robert,NeuralNetFastAI,1000,10,0.0,0.006769935437100287,0.00920503207780181,-0.001886513005966357,0.006769935437100287,0.00920503207780181,0.18203616701066494
robert,NeuralNetTorch,1000,10,0.005373868226889554,0.14662538921718077,0.0728654114721626,0.005373868226889554,0.14662538921718077,0.0728654114721626,0.1639572499989299
robert,RandomForest,1000,10,0.051743105250703476,0.4192411661635946,0.2002149290972453,0.051743105250703476,0.4192411661635946,0.2002149290972453,0.1762477080046665
robert,XGBoost,1000,10,0.007429686376072244,0.16536584171705182,0.08702616126262541,0.007429686376072244,0.16536584171705182,0.08702616126262541,0.18470529200567398
volcanoes-b1,CatBoost,1018,5,0.0,0.0,0.0,-0.0002559489464585404,-0.01313668761191037,-0.006674751758882275,0.09379812500264961
volcanoes-b1,ExtraTrees,1018,5,0.0004989586694876284,0.013763376301053929,0.006027736941483572,0.0004989586694876284,0.013763376301053929,0.006027736941483572,0.10121812499710359
volcanoes-b1,LightGBM,1018,5,6.352305003287988e-05,0.0,4.776324334526999e-05,6.352305003287988e-05,-0.006832440969463882,4.776324334526999e-05,0.10106912499759346
volcanoes-b1,LinearModel,1018,5,0.0,0.0,0.0,-0.000655591515584229,-0.030462039862541562,-0.014777437001175984,0.09666045899211895
volcanoes-b1,NeuralNetFastAI,1018,5,0.0,0.0,0.0,-0.0005960929355513214,-0.0271013564805656,-0.012898164955390961,0.1022222080064239
volcanoes-b1,NeuralNetTorch,1018,5,0.0,0.0,0.0,-0.00029859313045728776,-0.015901087322072988,-0.008104142053854813,0.09878354100510478
volcanoes-b1,RandomForest,1018,5,0.0,0.0,0.0,-0.0003712658153902469,-0.007783595612813509,-0.005175164370704021,0.0962500000023283
volcanoes-b1,XGBoost,1018,5,0.0,0.00020955052798108905,0.0,-2.951978621060863e-05,0.00020955052798108905,-0.0014030201633403446,0.09436699999787379
volcanoes-b2,CatBoost,1067,5,0.0,0.001977336016350933,0.001809940242233904,-0.0004334211278862959,0.001977336016350933,0.001809940242233904,0.10667495799134485
volcanoes-b2,ExtraTrees,1067,5,0.0007373815904283045,0.01264559503041704,0.011919133530027527,0.0007373815904283045,0.01264559503041704,0.011919133530027527,0.09619345801183954
volcanoes-b2,LightGBM,1067,5,0.0,0.0,0.0011511940417083437,-0.00017323816476274575,-0.0003943628370555799,0.0011511940417083437,0.11122625001007691
volcanoes-b2,LinearModel,1067,5,0.0,0.013707797032809142,0.007450610813700405,-0.00032442929341809667,0.013707797032809142,0.007450610813700405,0.11804025000310503
volcanoes-b2,NeuralNetFastAI,1067,5,0.0,0.008533580867531644,0.006418457071612043,-0.0002061692612525079,0.008533580867531644,0.006418457071612043,0.11275354199460708
volcanoes-b2,NeuralNetTorch,1067,5,0.0,0.007550891015539589,0.004983688897520539,-0.00022862104090025435,0.007550891015539589,0.004983688897520539,0.10415045799163636
volcanoes-b2,RandomForest,1067,5,0.0006287600456191621,0.012141344754611039,0.010850677717681978,0.0006287600456191621,0.012141344754611039,0.010850677717681978,0.09080479199474212
volcanoes-b2,XGBoost,1067,5,0.0,0.007521615010320061,0.0025798199574545992,-0.00020605332598399478,0.007521615010320061,0.0025798199574545992,0.10304833299596794
volcanoes-b5,CatBoost,999,5,0.0,0.0,0.0,-0.0006238465255832134,-0.014567395916278078,-0.010205781285046735,0.09371666700462811
volcanoes-b5,ExtraTrees,999,5,0.000875289554173483,0.020065839172898645,0.012023039796566354,0.000875289554173483,0.020065839172898645,0.012023039796566354,0.10453962499741465
volcanoes-b5,LightGBM,999,5,0.0002769127935261746,0.0,0.0027964897055453796,0.0002769127935261746,-5.735219468345616e-05,0.0027964897055453796,0.11220350000075996
volcanoes-b5,LinearModel,999,5,0.0,0.0,0.0,-0.0010316132227141323,-0.014047910225077263,-0.01182951432456671,0.09500041700084694
volcanoes-b5,NeuralNetFastAI,999,5,0.0,0.0,0.0,-0.0008800631443946192,-0.01617363195967983,-0.006840210117871523,0.0973282500053756
volcanoes-b5,NeuralNetTorch,999,5,0.0,0.0,0.0,-0.0005969106885268273,-0.01786839408820166,-0.010653028378558324,0.08746812499884982
volcanoes-b5,RandomForest,999,5,0.0,0.0,0.0,-0.0003517167664358893,-0.019797959396537064,-0.009581125060719052,0.08492620800097939
volcanoes-b5,XGBoost,999,5,0.0,0.0,0.0,-0.0005401598083794786,-0.007790470649059433,-0.004504117667131196,0.08721054201305378
volcanoes-b6,CatBoost,1013,5,0.00037564549118903175,0.007715040012028322,0.007493831718550192,0.00037564549118903175,0.007715040012028322,0.007493831718550192,0.10111291700741276
volcanoes-b6,ExtraTrees,1013,5,0.0,0.0,0.0,-0.0003616539630074146,-0.010709892564964157,-0.004940674162934996,0.10961179200967308
volcanoes-b6,LightGBM,1013,5,0.0,0.009323842425907178,0.009131003642589643,-0.0003965433073959064,0.009323842425907178,0.009131003642589643,0.09220975000062026
volcanoes-b6,LinearModel,1013,5,0.0004074383600625993,0.005994415195573437,0.00902590227094612,0.0004074383600625993,0.005994415195573437,0.00902590227094612,0.09579862499958836
volcanoes-b6,NeuralNetFastAI,1013,5,0.00013462644659230114,0.0044680038354331176,0.007447162828936507,0.00013462644659230114,0.0044680038354331176,0.007447162828936507,0.08794079099607188
volcanoes-b6,NeuralNetTorch,1013,5,0.0006945016396810505,0.0179400398581453,0.012501826682030643,0.0006945016396810505,0.0179400398581453,0.012501826682030643,0.09529774999828078
volcanoes-b6,RandomForest,1013,5,0.0,0.0,0.0,-0.00044239622946628203,-0.0158869593039894,-0.00755825860761639,0.09050583299540449
volcanoes-b6,XGBoost,1013,5,0.0,0.004057610914044943,0.006662484101504159,-5.170864648937261e-05,0.004057610914044943,0.006662484101504159,0.09983954099880066
volkert,CatBoost,5831,10,0.001365480305434875,0.049473983690777525,0.028802246309548533,0.001365480305434875,0.049473983690777525,0.028802246309548533,0.5718379160098266
volkert,ExtraTrees,5831,10,0.032912698592545406,0.28396373712949396,0.15183937439304135,0.032912698592545406,0.28396373712949396,0.15183937439304135,0.6288653749943478
volkert,LightGBM,5831,10,0.007903621168214024,0.10078666598966605,0.058893067841517516,0.007903621168214024,0.10078666598966605,0.058893067841517516,0.5506835830019554
volkert,LinearModel,5831,10,0.0,0.018217066637115743,0.01333179712760836,-0.0003847773649050892,0.018217066637115743,0.01333179712760836,0.47475779200613033
volkert,NeuralNetFastAI,5831,10,0.0,0.04086981701581613,0.020948997916436025,-0.0007728903047832706,0.04086981701581613,0.020948997916436025,0.6002542079950217
volkert,NeuralNetTorch,5831,10,0.0,0.050594305662572135,0.02545339677654791,-0.0004485657534178454,0.050594305662572135,0.02545339677654791,0.6172588750050636
volkert,RandomForest,5831,10,0.028446817696125073,0.2617705851475459,0.1397491067021236,0.028446817696125073,0.2617705851475459,0.1397491067021236,0.596439790999284
volkert,XGBoost,5831,10,0.013594845274758368,0.14396847550580605,0.08542007387313164,0.013594845274758368,0.14396847550580605,0.08542007387313164,0.5520845409919275
