dataset,model,test_size,n_classes,SVS_brier,SVS_l1,SVS_l2,SVS_brier_unclipped,SVS_l1_unclipped,SVS_l2_unclipped,SVS_time
Diabetes130US,CatBoost,10177,3,0.0,0.0035954005067727504,0.004410021174440984,-0.00013590083318790506,0.0035954005067727504,0.004410021174440984,0.15079554099065717
Diabetes130US,ExtraTrees,10177,3,0.0008953187947705462,0.0380604503417498,0.025617232630156663,0.0008953187947705462,0.0380604503417498,0.025617232630156663,0.11027070799900685
Diabetes130US,LightGBM,10177,3,0.0,0.014161258309982938,0.008424791495187,-0.00014323737929362176,0.014161258309982938,0.008424791495187,0.10924683399207424
Diabetes130US,LinearModel,10177,3,0.00020546205075781888,0.01586366967058437,0.010272506365785626,0.00020546205075781888,0.01586366967058437,0.010272506365785626,0.115923457997269
Diabetes130US,NeuralNetFastAI,10177,3,0.00010368752198534289,0.016298845835513998,0.010591358737770834,0.00010368752198534289,0.016298845835513998,0.010591358737770834,0.12182295900129247
Diabetes130US,NeuralNetTorch,10177,3,0.0,0.0,0.0,-0.00022256294906045974,-0.012728408880318015,-0.006282546896050119,0.09371708400431089
Diabetes130US,RandomForest,10177,3,0.0003455011089906365,0.024496971190849134,0.01694889930655153,0.0003455011089906365,0.024496971190849134,0.01694889930655153,0.11549108299368527
Diabetes130US,XGBoost,10177,3,1.1076230541404886e-05,0.020836278211202413,0.012119599146576366,1.1076230541404886e-05,0.020836278211202413,0.012119599146576366,0.09827787500398699
GesturePhaseSegmentationProcessed,CatBoost,988,5,0.004264865304060896,0.08733835323078407,0.05108564238390951,0.004264865304060896,0.08733835323078407,0.05108564238390951,0.050589082995429635
GesturePhaseSegmentationProcessed,ExtraTrees,988,5,0.04433674395952771,0.323697703353642,0.18503474804757097,0.04433674395952771,0.323697703353642,0.18503474804757097,0.053408792009577155
GesturePhaseSegmentationProcessed,LightGBM,988,5,0.010280446544951085,0.1278840818374196,0.07552465044942111,0.010280446544951085,0.1278840818374196,0.07552465044942111,0.05636337499890942
GesturePhaseSegmentationProcessed,LinearModel,988,5,0.0,0.0,0.0,-0.004071355283182434,-0.06513077205173147,-0.020977681388084157,0.05806549999397248
GesturePhaseSegmentationProcessed,NeuralNetFastAI,988,5,0.0,0.06177789384928448,0.035688749317126144,-0.0016772965984390511,0.06177789384928448,0.035688749317126144,0.04956600000150502
GesturePhaseSegmentationProcessed,NeuralNetTorch,988,5,0.0012515746586284873,0.08344874482909963,0.04688308207356818,0.0012515746586284873,0.08344874482909963,0.04688308207356818,0.045431000005919486
GesturePhaseSegmentationProcessed,RandomForest,988,5,0.029588734079235894,0.293002695806441,0.15424157091844248,0.029588734079235894,0.293002695806441,0.15424157091844248,0.05645250000816304
GesturePhaseSegmentationProcessed,XGBoost,988,5,0.010674899982771616,0.1283332235567905,0.08168802095142652,0.010674899982771616,0.1283332235567905,0.08168802095142652,0.05270708400348667
Indian_pines,CatBoost,915,8,0.0016977868904913915,0.02670848928194224,0.018671286686004648,0.0016977868904913915,0.02670848928194224,0.018671286686004648,0.04392695899878163
Indian_pines,ExtraTrees,915,8,0.02639651215407908,0.19049881125287352,0.13186751946053907,0.02639651215407908,0.19049881125287352,0.13186751946053907,0.057777082998654805
Indian_pines,LightGBM,915,8,0.0007776322808974007,0.016334595736434164,0.010740605514258046,0.0007776322808974007,0.016334595736434164,0.010740605514258046,0.03785904200049117
Indian_pines,LinearModel,915,8,0.00016806853353549105,0.02199632986296897,0.01108955793414832,0.00016806853353549105,0.02199632986296897,0.01108955793414832,0.05351091700140387
Indian_pines,NeuralNetFastAI,915,8,5.2565862215724425e-05,0.004887922874742952,0.0027775488493553347,5.2565862215724425e-05,0.004887922874742952,0.0027775488493553347,0.036227874996257015
Indian_pines,NeuralNetTorch,915,8,0.0005525905405259385,0.020316342378363376,0.014239028548473252,0.0005525905405259385,0.020316342378363376,0.014239028548473252,0.038558583008125424
Indian_pines,RandomForest,915,8,0.024615444182377565,0.18094690388665288,0.12439890361925734,0.024615444182377565,0.18094690388665288,0.12439890361925734,0.05031000000599306
Indian_pines,XGBoost,915,8,0.000609719116247999,0.005473169843691148,0.004416884116001857,0.000609719116247999,0.005473169843691148,0.004416884116001857,0.044529165999847464
Traffic_violations,CatBoost,7034,3,0.0,0.0,0.0,-0.00022886401170251923,-0.01621649903158717,-0.01147468557756885,0.12115162500413135
Traffic_violations,ExtraTrees,7034,3,0.0,0.0,0.0,-0.0001524498448189174,-0.005484484952853761,-0.003993455661034767,0.11758049999480136
Traffic_violations,LightGBM,7034,3,0.0,0.0,0.0,-0.00011595315952201067,-0.004058375479092532,-0.0029905687549980093,0.1125090419955086
Traffic_violations,LinearModel,7034,3,0.0004681480969146489,0.01878410119311009,0.012616299768845714,0.0004681480969146489,0.01878410119311009,0.012616299768845714,0.10217241599457338
Traffic_violations,NeuralNetFastAI,7034,3,0.0,0.011012486955823122,0.007600766476569504,-2.3940818758976702e-05,0.011012486955823122,0.007600766476569504,0.1188015420048032
Traffic_violations,NeuralNetTorch,7034,3,0.00012568475788351008,0.012329160091324808,0.009618443662583513,0.00012568475788351008,0.012329160091324808,0.009618443662583513,0.10635383299086243
Traffic_violations,RandomForest,7034,3,0.0,0.0060000649759797894,0.003957335452222883,-6.709429657486907e-05,0.0060000649759797894,0.003957335452222883,0.12661312500131316
Traffic_violations,XGBoost,7034,3,0.0,0.0,4.779730458130108e-05,-0.00010409231535046839,-5.2611453190979e-05,4.779730458130108e-05,0.11670966699603014
artificial-characters,CatBoost,1022,10,0.006059396399198059,0.07725697037511325,0.05200964053440828,0.006059396399198059,0.07725697037511325,0.05200964053440828,0.038000583997927606
artificial-characters,ExtraTrees,1022,10,0.03429819044039134,0.23008136462866047,0.15030035236173495,0.03429819044039134,0.23008136462866047,0.15030035236173495,0.04133720800746232
artificial-characters,LightGBM,1022,10,0.0025262291853045517,0.04741324450980611,0.03037022147189678,0.0025262291853045517,0.04741324450980611,0.03037022147189678,0.0362950419948902
artificial-characters,LinearModel,1022,10,0.0,0.0,0.0,-0.003487685768162465,-0.08075671122838285,-0.03972307017221682,0.04736541598686017
artificial-characters,NeuralNetFastAI,1022,10,0.0,0.026293831783442016,0.013849744335629103,-0.0019923679589985365,0.026293831783442016,0.013849744335629103,0.039823625003919005
artificial-characters,NeuralNetTorch,1022,10,0.0,0.06377454079996143,0.038156678570317994,-0.0015730012138421205,0.06377454079996143,0.038156678570317994,0.042169166990788653
artificial-characters,RandomForest,1022,10,0.0338155792628112,0.2343125377756384,0.15179661857299223,0.0338155792628112,0.2343125377756384,0.15179661857299223,0.03964674999588169
artificial-characters,XGBoost,1022,10,0.004359443277369955,0.06464049619927453,0.04183019778194845,0.004359443277369955,0.06464049619927453,0.04183019778194845,0.04087358299875632
connect-4,CatBoost,6756,3,0.0005842536646358623,0.027568899147580928,0.015676308994844144,0.0005842536646358623,0.027568899147580928,0.015676308994844144,0.08613795798737556
connect-4,ExtraTrees,6756,3,0.01041987482163417,0.13729593439207874,0.08891985608315374,0.01041987482163417,0.13729593439207874,0.08891985608315374,0.08911741699557751
connect-4,LightGBM,6756,3,0.0006325678821066283,0.021284506496897435,0.013417964259518637,0.0006325678821066283,0.021284506496897435,0.013417964259518637,0.092679749999661
connect-4,LinearModel,6756,3,0.00022564779487823237,0.02707568758780919,0.018310130895264443,0.00022564779487823237,0.02707568758780919,0.018310130895264443,0.09334629199292976
connect-4,NeuralNetFastAI,6756,3,0.0011003137036535182,0.03487904357860877,0.02375748082288352,0.0011003137036535182,0.03487904357860877,0.02375748082288352,0.08924099999421742
connect-4,NeuralNetTorch,6756,3,0.0004468642017430825,0.025107718019994927,0.01539816697435934,0.0004468642017430825,0.025107718019994927,0.01539816697435934,0.09038850000069942
connect-4,RandomForest,6756,3,0.007652853729615876,0.12499529805538659,0.0805934725017013,0.007652853729615876,0.12499529805538659,0.0805934725017013,0.10373637500742916
connect-4,XGBoost,6756,3,0.000700079411998309,0.023959233562425714,0.014373293025508938,0.000700079411998309,0.023959233562425714,0.014373293025508938,0.08747904100164305
dilbert,CatBoost,1000,5,0.0015989498177017589,0.033389808193174844,0.02157070905950327,0.0015989498177017589,0.033389808193174844,0.02157070905950327,0.03199666699219961
dilbert,ExtraTrees,1000,5,0.08447872810561874,0.41821997732833915,0.24976644135899437,0.08447872810561874,0.41821997732833915,0.24976644135899437,0.03508641599910334
dilbert,LightGBM,1000,5,0.0,0.0,0.0,-0.00041892024305684427,-0.00709682745137534,-0.005585964059782679,0.03104775000247173
dilbert,LinearModel,1000,5,0.0,0.03130786394843531,0.02073205694995893,-0.00028517517545472695,0.03130786394843531,0.02073205694995893,0.04082154200295918
dilbert,NeuralNetFastAI,1000,5,0.0,0.0,0.0,-8.937675698901851e-05,-0.006381682823725697,-0.0046520049629229536,0.032321457998477854
dilbert,NeuralNetTorch,1000,5,0.00046180244364948367,0.011240521030519495,0.00785277761183236,0.00046180244364948367,0.011240521030519495,0.00785277761183236,0.030440916001680307
dilbert,RandomForest,1000,5,0.07185840001987813,0.3810399765446517,0.22797371086809393,0.07185840001987813,0.3810399765446517,0.22797371086809393,0.04334362500230782
dilbert,XGBoost,1000,5,4.6558540907138975e-05,0.002065531307413153,0.0013552421623160482,4.6558540907138975e-05,0.002065531307413153,0.0013552421623160482,0.03240079199895263
eye_movements,CatBoost,1094,3,0.0,0.0,0.0,-0.002231547751501111,-0.007833422784098905,-0.0053378190329639785,0.04003645801276434
eye_movements,ExtraTrees,1094,3,0.04976571964065115,0.34177940393014433,0.2112925046490886,0.04976571964065115,0.34177940393014433,0.2112925046490886,0.03843170800246298
eye_movements,LightGBM,1094,3,0.001079338105278061,0.060003010342875175,0.03916736036170221,0.001079338105278061,0.060003010342875175,0.03916736036170221,0.04300979200343136
eye_movements,LinearModel,1094,3,0.0,0.006079888845780282,0.0008821151853332758,-0.0019378612222236242,0.006079888845780282,0.0008821151853332758,0.05457649999880232
eye_movements,NeuralNetFastAI,1094,3,0.0,0.0,0.0,-0.0029301438072566782,-0.03022156059617393,-0.01651565844170161,0.040679208002984524
eye_movements,NeuralNetTorch,1094,3,0.0,0.05076498524694743,0.03563832835244676,-2.896994548677607e-05,0.05076498524694743,0.03563832835244676,0.04095525000593625
eye_movements,RandomForest,1094,3,0.024041600868508976,0.22705057746286866,0.14384118279039587,0.024041600868508976,0.22705057746286866,0.14384118279039587,0.04482812499918509
eye_movements,XGBoost,1094,3,0.0,0.030847858671127864,0.02236519331715189,-0.000563738619187269,0.030847858671127864,0.02236519331715189,0.04087937499571126
har,CatBoost,1030,6,0.0,0.0033842449283837056,0.0022826392792146166,-0.00069293266087571,0.0033842449283837056,0.0022826392792146166,0.02947824999864679
har,ExtraTrees,1030,6,0.015693565194243225,0.12003207846436162,0.07951079949195851,0.015693565194243225,0.12003207846436162,0.07951079949195851,0.03248783299932256
har,LightGBM,1030,6,0.0014553754114551857,0.0062135836041823525,0.0043869627152992524,0.0014553754114551857,0.0062135836041823525,0.0043869627152992524,0.028094500012230128
har,LinearModel,1030,6,0.0005798753340232871,0.010165144607649026,0.007290095021143553,0.0005798753340232871,0.010165144607649026,0.007290095021143553,0.03659233399957884
har,NeuralNetFastAI,1030,6,0.00032528101922303236,0.00843024010955706,0.005917881147577647,0.00032528101922303236,0.00843024010955706,0.005917881147577647,0.029070792006677948
har,NeuralNetTorch,1030,6,0.0,0.005910382795804495,0.0040395158601443356,-0.00019166072737371033,0.005910382795804495,0.0040395158601443356,0.03883049999421928
har,RandomForest,1030,6,0.010158538028384111,0.0915142129873368,0.06017424420087519,0.010158538028384111,0.0915142129873368,0.06017424420087519,0.03319175000069663
har,XGBoost,1030,6,0.00014844918840183814,0.010221528309172018,0.007096061119216531,0.00014844918840183814,0.010221528309172018,0.007096061119216531,0.03609150000556838
jungle_chess_2pcs_raw_endgame_complete,CatBoost,4482,3,0.000522715656128072,0.00725809277474274,0.00558469305051776,0.000522715656128072,0.00725809277474274,0.00558469305051776,0.06203608401119709
jungle_chess_2pcs_raw_endgame_complete,ExtraTrees,4482,3,0.0,0.0,0.0,-0.002468772618262556,-0.03164845396593217,-0.021461949523039828,0.05964112500078045
jungle_chess_2pcs_raw_endgame_complete,LightGBM,4482,3,0.0,0.0,0.0,-0.0009302273623614881,-0.001575079669545895,-0.0010676254636078524,0.06627183299860917
jungle_chess_2pcs_raw_endgame_complete,LinearModel,4482,3,0.0,0.0,0.0,-0.0011371137356736985,-0.034360792224795385,-0.018076975158722176,0.06907779100583866
jungle_chess_2pcs_raw_endgame_complete,NeuralNetFastAI,4482,3,0.0012828642550556434,0.03127768721139132,0.02118385957370191,0.0012828642550556434,0.03127768721139132,0.02118385957370191,0.06368454200855922
jungle_chess_2pcs_raw_endgame_complete,NeuralNetTorch,4482,3,0.006803952911472306,0.0484776454715907,0.033650863375535384,0.006803952911472306,0.0484776454715907,0.033650863375535384,0.06523416600248311
jungle_chess_2pcs_raw_endgame_complete,RandomForest,4482,3,0.0,0.0,0.0,-0.001502846132647088,-0.027961145383434107,-0.018914192344815308,0.06266237499949057
jungle_chess_2pcs_raw_endgame_complete,XGBoost,4482,3,0.00021097841131441039,0.009684862836252726,0.0055344682457404626,0.00021097841131441039,0.009684862836252726,0.0055344682457404626,0.06209987500915304
kr-vs-k,CatBoost,2806,18,0.002656947821507823,0.06406966645262621,0.041392723875011916,0.002656947821507823,0.06406966645262621,0.041392723875011916,0.0792773339926498
kr-vs-k,ExtraTrees,2806,18,0.04638535719970414,0.318207926142954,0.19480787620008186,0.04638535719970414,0.318207926142954,0.19480787620008186,0.08329000000958331
kr-vs-k,LightGBM,2806,18,0.005626306324406362,0.07245332836680453,0.048246336440532236,0.005626306324406362,0.07245332836680453,0.048246336440532236,0.07275266599026509
kr-vs-k,LinearModel,2806,18,0.0,0.0,0.0,-0.0010550544208695063,-0.029745756410772237,-0.014809332593841823,0.12142870800744276
kr-vs-k,NeuralNetFastAI,2806,18,0.013089418957159489,0.15890623428506706,0.09561729982379669,0.013089418957159489,0.15890623428506706,0.09561729982379669,0.07947487500496209
kr-vs-k,NeuralNetTorch,2806,18,0.007975263724779082,0.10420432593175806,0.06858537757866089,0.007975263724779082,0.10420432593175806,0.06858537757866089,0.07676129099854734
kr-vs-k,RandomForest,2806,18,0.008195796974841806,0.12269799510541249,0.08036573834004763,0.008195796974841806,0.12269799510541249,0.08036573834004763,0.12596287499764003
kr-vs-k,XGBoost,2806,18,0.0019836088486608772,0.05604323219887379,0.03396401166582449,0.0019836088486608772,0.05604323219887379,0.03396401166582449,0.08235529200464953
letter,CatBoost,2000,26,0.0,0.00945894137582297,0.00434242068585972,-1.2080549325236084e-05,0.00945894137582297,0.00434242068585972,0.06525495799724013
letter,ExtraTrees,2000,26,0.05000279936427864,0.2651351278238601,0.14154174988141804,0.05000279936427864,0.2651351278238601,0.14154174988141804,0.06245699999271892
letter,LightGBM,2000,26,0.0,0.0,0.0,-0.0002333668855828077,-0.002257224264912761,-0.0006217294987151352,0.06748429199797101
letter,LinearModel,2000,26,0.0,0.0,0.0,-0.0023634862746819947,-0.009025240521892375,-0.009732860489808023,0.08175558299990371
letter,NeuralNetFastAI,2000,26,0.0,0.003028617766527994,0.0025093428943883775,-0.00029465327470300023,0.003028617766527994,0.0025093428943883775,0.062256958000943996
letter,NeuralNetTorch,2000,26,0.0,0.0061946894440150935,0.0039234332935803,-0.00017465980893071803,0.0061946894440150935,0.0039234332935803,0.06009383300261106
letter,RandomForest,2000,26,0.035999472314550016,0.2082679038852155,0.11375151536291299,0.035999472314550016,0.2082679038852155,0.11375151536291299,0.06313704200147185
letter,XGBoost,2000,26,0.0,0.007412703590021433,0.0040553602372246315,-0.0001133628111337793,0.007412703590021433,0.0040553602372246315,0.06555212500097696
microaggregation2,CatBoost,2000,5,0.0,0.0,0.0,-0.0011294433469922324,-0.0344282531669503,-0.013707919571498656,0.0626791249960661
microaggregation2,ExtraTrees,2000,5,0.003637426592660757,0.06920162778227394,0.03631508954631966,0.003637426592660757,0.06920162778227394,0.03631508954631966,0.09672220799257047
microaggregation2,LightGBM,2000,5,0.0,0.0,0.0,-0.0008371442666461452,-0.005357148554205196,-0.0019502142183488722,0.06929466599831358
microaggregation2,LinearModel,2000,5,0.0,0.0,0.0,-0.0011775316799493875,-0.03250630263017691,-0.02180693686613214,0.05350804100453388
microaggregation2,NeuralNetFastAI,2000,5,0.00030062736165421946,0.03293344850153249,0.017445057184398084,0.00030062736165421946,0.03293344850153249,0.017445057184398084,0.05465916699904483
microaggregation2,NeuralNetTorch,2000,5,0.0,0.0,0.0,-0.001396235331464186,-0.027506149600122,-0.01856275319020461,0.060046083002816886
microaggregation2,RandomForest,2000,5,0.00020933610331579767,0.0035089573511541375,0.00652509271712875,0.00020933610331579767,0.0035089573511541375,0.00652509271712875,0.06901995801308658
microaggregation2,XGBoost,2000,5,0.0,0.00527573903720986,0.0038710248607895822,-0.0005647655178738793,0.00527573903720986,0.0038710248607895822,0.0713101250003092
okcupid-stem,CatBoost,5079,3,8.966068496924863e-05,0.009920874381660736,0.007970089223307433,8.966068496924863e-05,0.009920874381660736,0.007970089223307433,0.08465345799049828
okcupid-stem,ExtraTrees,5079,3,0.0007408001347387292,0.039656094923567274,0.02701156573526199,0.0007408001347387292,0.039656094923567274,0.02701156573526199,0.07877679099328816
okcupid-stem,LightGBM,5079,3,0.0,0.0,0.0,-0.0001470708692429341,-0.007816920138743867,-0.006618535007004565,0.07643645800999366
okcupid-stem,LinearModel,5079,3,0.0002663887033179165,0.025862725530028118,0.01724686713739289,0.0002663887033179165,0.025862725530028118,0.01724686713739289,0.0685958749963902
okcupid-stem,NeuralNetFastAI,5079,3,0.00022425105294172885,0.01901076408431737,0.012241182892506693,0.00022425105294172885,0.01901076408431737,0.012241182892506693,0.06694687499839347
okcupid-stem,NeuralNetTorch,5079,3,0.0007652229431395532,0.03481353753093301,0.022792844722263676,0.0007652229431395532,0.03481353753093301,0.022792844722263676,0.08130270898982417
okcupid-stem,RandomForest,5079,3,0.00034121921648353073,0.02741559578680188,0.017911343253102646,0.00034121921648353073,0.02741559578680188,0.017911343253102646,0.07321287499507889
okcupid-stem,XGBoost,5079,3,0.0002032437258089446,0.006398643164440357,0.00421535805430005,0.0002032437258089446,0.006398643164440357,0.00421535805430005,0.05949795800552238
pendigits,CatBoost,1100,10,3.269975044168089e-05,0.0037523582214206317,0.0020446838861506067,3.269975044168089e-05,0.0037523582214206317,0.0020446838861506067,0.03281583299394697
pendigits,ExtraTrees,1100,10,0.010246999483427836,0.08609024085919292,0.05304654445620472,0.010246999483427836,0.08609024085919292,0.05304654445620472,0.02979133299959358
pendigits,LightGBM,1100,10,0.0,0.0,0.0,-0.00015240515453655967,-0.00206117101355124,-0.0009608767767207963,0.033456624994869344
pendigits,LinearModel,1100,10,0.0,0.0,0.0,-0.0016739951385101543,-0.029680558215341428,-0.02176689966657154,0.03774895799870137
pendigits,NeuralNetFastAI,1100,10,0.0,0.0029785596051247927,0.0018669121156612229,-7.518758200242287e-05,0.0029785596051247927,0.0018669121156612229,0.03173895800136961
pendigits,NeuralNetTorch,1100,10,0.0,0.0010182405683246288,0.00045584829932127254,-0.0005704874402081493,0.0010182405683246288,0.00045584829932127254,0.02901016699615866
pendigits,RandomForest,1100,10,0.008093600109364735,0.07138691116920975,0.043106294497644845,0.008093600109364735,0.07138691116920975,0.043106294497644845,0.0363352910062531
pendigits,XGBoost,1100,10,0.0,0.0,0.0,-0.0001742208697130051,-0.0014903812021392262,-0.0018923786244862072,0.03453308399184607
robert,CatBoost,1000,10,0.004568888820389062,0.12762162069722943,0.06732845322936165,0.004568888820389062,0.12762162069722943,0.06732845322936165,0.05068283299624454
robert,ExtraTrees,1000,10,0.05692731052277208,0.4457041462739093,0.21041599308295655,0.05692731052277208,0.4457041462739093,0.21041599308295655,0.05541629200160969
robert,LightGBM,1000,10,0.0,0.019903626791093303,0.0034150391135018693,-0.0016447370934481018,0.019903626791093303,0.0034150391135018693,0.04578416699951049
robert,LinearModel,1000,10,0.15617565842210315,0.7841838766217429,0.38172848022771916,0.15617565842210315,0.7841838766217429,0.38172848022771916,0.05195049999747425
robert,NeuralNetFastAI,1000,10,0.0,0.0,0.0,-0.002389131411647283,-0.03766786338546029,-0.0076798292976608664,0.04756837499735411
robert,NeuralNetTorch,1000,10,0.0053165040063340345,0.11120141312009946,0.06503583888951414,0.0053165040063340345,0.11120141312009946,0.06503583888951414,0.04379337499267422
robert,RandomForest,1000,10,0.04876038507222873,0.3873671585064243,0.19819645567610636,0.04876038507222873,0.3873671585064243,0.19819645567610636,0.046883999995770864
robert,XGBoost,1000,10,0.009286236079283217,0.1639741861546063,0.0840733981943655,0.009286236079283217,0.1639741861546063,0.0840733981943655,0.04839762499614153
volcanoes-b1,CatBoost,1018,5,0.0,0.0,0.0,-0.00026648756202374345,-0.01622416659062527,-0.010281709407316587,0.04323791599017568
volcanoes-b1,ExtraTrees,1018,5,0.0003060611106536778,0.0,0.0,0.0003060611106536778,-0.010974703946281939,-0.002712061295028081,0.03963050000311341
volcanoes-b1,LightGBM,1018,5,0.0,0.0,0.0,-0.00016099911641856882,-0.02294447566022202,-0.008470799669596135,0.04617474999395199
volcanoes-b1,LinearModel,1018,5,0.0,0.0,0.0,-0.00034040034417669396,-0.017184169857322136,-0.009525173861205171,0.039721207998809405
volcanoes-b1,NeuralNetFastAI,1018,5,0.0,0.0,0.0,-0.00031086127086958225,-0.024950488999574305,-0.010790986940713839,0.043186458002310246
volcanoes-b1,NeuralNetTorch,1018,5,0.0,0.0,0.0,-0.00028169359289200146,-0.01919018495301032,-0.008435144384276352,0.039362666007946245
volcanoes-b1,RandomForest,1018,5,0.0,0.0,0.0,-0.00042835885769702126,-0.02862240279110079,-0.011427057750389262,0.046022666996577755
volcanoes-b1,XGBoost,1018,5,0.0,0.0,0.0,-0.00024860885777394534,-0.014341621499482088,-0.006696163676654452,0.04633358301362023
volcanoes-b2,CatBoost,1067,5,0.0,0.0,0.0,-0.00040288109170335287,-0.001723961110685925,-0.0007605205249038956,0.044390124996425584
volcanoes-b2,ExtraTrees,1067,5,0.0006867945525202254,0.014606634766457627,0.013053731723274658,0.0006867945525202254,0.014606634766457627,0.013053731723274658,0.04186149999441113
volcanoes-b2,LightGBM,1067,5,0.0,0.0,0.0,-0.0001934355532084554,-0.002276302473655926,-0.0005297965752681383,0.03895662499417085
volcanoes-b2,LinearModel,1067,5,0.0,0.0037427700790400352,0.002705096452662327,-0.00045970844843491135,0.0037427700790400352,0.002705096452662327,0.04649091701139696
volcanoes-b2,NeuralNetFastAI,1067,5,0.0,0.0003695003730816951,0.0022371007093776466,-0.00042388397393735937,0.0003695003730816951,0.0022371007093776466,0.04553658299846575
volcanoes-b2,NeuralNetTorch,1067,5,0.0,0.001520582607215139,0.0020053061600282876,-0.0003574850382796196,0.001520582607215139,0.0020053061600282876,0.044057207996957004
volcanoes-b2,RandomForest,1067,5,0.0005767822393364597,0.01095884539657855,0.011641166638307597,0.0005767822393364597,0.01095884539657855,0.011641166638307597,0.04284774999541696
volcanoes-b2,XGBoost,1067,5,0.0,0.0007057493811035956,0.0004576069212581482,-0.000372837681702701,0.0007057493811035956,0.0004576069212581482,0.044629541007452644
volcanoes-b5,CatBoost,999,5,0.0,0.0,0.0,-0.00047016230391335015,-0.01945960073242639,-0.010638194312454483,0.04355504199338611
volcanoes-b5,ExtraTrees,999,5,0.0007772426642747414,0.016384920369881366,0.011850116120022054,0.0007772426642747414,0.016384920369881366,0.011850116120022054,0.039938083005836233
volcanoes-b5,LightGBM,999,5,0.0001522259576109632,0.0,0.0,0.0001522259576109632,-0.006054294079842987,-0.0019350354031626746,0.0444288750004489
volcanoes-b5,LinearModel,999,5,0.0,0.0,0.0,-0.0008357260114447973,-0.01827155347853711,-0.011035464401680576,0.03997291599807795
volcanoes-b5,NeuralNetFastAI,999,5,0.0,0.0,0.0,-0.0007613689282591719,-0.012809993211079729,-0.00643587164935672,0.040698249998968095
volcanoes-b5,NeuralNetTorch,999,5,0.0,0.0,0.0,-0.0004908823726947546,-0.018709551711968548,-0.01054912817623954,0.04127612498996314
volcanoes-b5,RandomForest,999,5,0.0,0.0,0.0,-0.0002660199157268485,-0.016764692950610133,-0.008985645316933454,0.04726516599475872
volcanoes-b5,XGBoost,999,5,0.0,0.0,0.0,-0.0002458749443773858,-0.012848128299545814,-0.005220180375032544,0.0427944589901017
volcanoes-b6,CatBoost,1013,5,0.000357699794271883,0.005458719189244765,0.008227903012226836,0.000357699794271883,0.005458719189244765,0.008227903012226836,0.04391591600142419
volcanoes-b6,ExtraTrees,1013,5,0.0,0.0,0.0,-0.0003395187425116799,-0.014873514470331282,-0.006239184160218138,0.04905737499939278
volcanoes-b6,LightGBM,1013,5,0.0,0.0073017340036762085,0.005299768843072725,-0.0003741250673277919,0.0073017340036762085,0.005299768843072725,0.046758750002481975
volcanoes-b6,LinearModel,1013,5,0.0002452867120619974,0.013851057496567844,0.00843774251071881,0.0002452867120619974,0.013851057496567844,0.00843774251071881,0.04483854198770132
volcanoes-b6,NeuralNetFastAI,1013,5,0.0,0.007052199945427113,0.008677695601442886,-8.193509282389799e-06,0.007052199945427113,0.008677695601442886,0.04762987499998417
volcanoes-b6,NeuralNetTorch,1013,5,0.0004858517170191669,0.015583008965641972,0.011296461512838675,0.0004858517170191669,0.015583008965641972,0.011296461512838675,0.048297833011019975
volcanoes-b6,RandomForest,1013,5,0.0,0.0,0.0,-0.0003724264278832195,-0.009715194808708822,-0.005055660595215641,0.04728816699935123
volcanoes-b6,XGBoost,1013,5,0.0,0.0012298416639820683,0.004601636597378386,-3.848261118483192e-05,0.0012298416639820683,0.004601636597378386,0.0477017499943031
volkert,CatBoost,5831,10,0.0017443580296853,0.0292073787959562,0.024583864509759672,0.0017443580296853,0.0292073787959562,0.024583864509759672,0.1463884999975562
volkert,ExtraTrees,5831,10,0.026576572614284283,0.2654580552656308,0.140018083955698,0.026576572614284283,0.2654580552656308,0.140018083955698,0.14524812500167172
volkert,LightGBM,5831,10,0.0063542577970133836,0.09095951179204394,0.053864879991224274,0.0063542577970133836,0.09095951179204394,0.053864879991224274,0.13660891600011382
volkert,LinearModel,5831,10,0.0,0.0,0.0031497268956268,-0.0005491997301415618,-3.071897468014305e-06,0.0031497268956268,0.1377109580062097
volkert,NeuralNetFastAI,5831,10,0.00032864306350952223,0.03629995157973402,0.02156250636017085,0.00032864306350952223,0.03629995157973402,0.02156250636017085,0.14085441699717194
volkert,NeuralNetTorch,5831,10,0.0004810035753181323,0.03141445931076536,0.01766589093846364,0.0004810035753181323,0.03141445931076536,0.01766589093846364,0.1650298339955043
volkert,RandomForest,5831,10,0.021896293984943332,0.24151577707945834,0.12563324146674634,0.021896293984943332,0.24151577707945834,0.12563324146674634,0.1645924170006765
volkert,XGBoost,5831,10,0.010629335062804286,0.12977767860016376,0.07900619214350676,0.010629335062804286,0.12977767860016376,0.07900619214350676,0.14604462499846704
