dataset,model,test_size,n_classes,TS_brier,TS_l1,TS_l2,TS_brier_unclipped,TS_l1_unclipped,TS_l2_unclipped,TS_time
Diabetes130US,CatBoost,10177,3,0.0,0.0007512427509468683,0.002408264358720374,-0.0001268648597383698,0.0007512427509468683,0.002408264358720374,0.06730424999841489
Diabetes130US,ExtraTrees,10177,3,0.0004179582153105116,0.03330296968122992,0.0219920301976755,0.0004179582153105116,0.03330296968122992,0.0219920301976755,0.03811433300143108
Diabetes130US,LightGBM,10177,3,0.0,0.015713493724893442,0.007957305707804683,-7.239766053990782e-05,0.015713493724893442,0.007957305707804683,0.040504749995307066
Diabetes130US,LinearModel,10177,3,0.0,0.00606772007435683,0.005889252715515289,-1.4305493177898482e-05,0.00606772007435683,0.005889252715515289,0.03880087500147056
Diabetes130US,NeuralNetFastAI,10177,3,3.035217926256084e-05,0.020621780223556582,0.0148013280684384,3.035217926256084e-05,0.020621780223556582,0.0148013280684384,0.03826033399673179
Diabetes130US,NeuralNetTorch,10177,3,0.0,0.0,0.0,-6.866345796959319e-05,-0.008224374986562717,-0.00509313168558839,0.035196457989513874
Diabetes130US,RandomForest,10177,3,0.00010616203476615014,0.018399354882415325,0.013080786934501121,0.00010616203476615014,0.018399354882415325,0.013080786934501121,0.03739879200293217
Diabetes130US,XGBoost,10177,3,0.0,0.013236941691155654,0.008476642415724751,-8.43578516871076e-05,0.013236941691155654,0.008476642415724751,0.036243166992790066
GesturePhaseSegmentationProcessed,CatBoost,988,5,0.0006289183730532962,0.04751000138845219,0.026707022971312253,0.0006289183730532962,0.04751000138845219,0.026707022971312253,0.009079499999643303
GesturePhaseSegmentationProcessed,ExtraTrees,988,5,0.031613852584740476,0.302429147677839,0.17413496322810995,0.031613852584740476,0.302429147677839,0.17413496322810995,0.009837707999395207
GesturePhaseSegmentationProcessed,LightGBM,988,5,9.418594480253502e-06,0.02179843169142996,0.01723106913245307,9.418594480253502e-06,0.02179843169142996,0.01723106913245307,0.008940375002566725
GesturePhaseSegmentationProcessed,LinearModel,988,5,0.0,0.038706948579995876,0.022126219539353287,-0.00019750312002746472,0.038706948579995876,0.022126219539353287,0.009847416993579827
GesturePhaseSegmentationProcessed,NeuralNetFastAI,988,5,0.0,0.0,0.0,-0.0007810093400090187,-0.011567341518878876,-0.00336775930082524,0.008931624994147569
GesturePhaseSegmentationProcessed,NeuralNetTorch,988,5,7.990108996648143e-05,0.043989559332588746,0.024499582988179447,7.990108996648143e-05,0.043989559332588746,0.024499582988179447,0.008825166005408391
GesturePhaseSegmentationProcessed,RandomForest,988,5,0.020310673077131497,0.2528812379841519,0.14197094972513552,0.020310673077131497,0.2528812379841519,0.14197094972513552,0.008984375002910383
GesturePhaseSegmentationProcessed,XGBoost,988,5,0.0007849006772477272,0.057197579170941995,0.032888890252954626,0.0007849006772477272,0.057197579170941995,0.032888890252954626,0.008830624996335246
Indian_pines,CatBoost,915,8,0.000985978971513957,0.02340137806767723,0.015837787357903158,0.000985978971513957,0.02340137806767723,0.015837787357903158,0.011989708000328392
Indian_pines,ExtraTrees,915,8,0.02471466980809917,0.19175324511606356,0.13328286932163516,0.02471466980809917,0.19175324511606356,0.13328286932163516,0.011605417006649077
Indian_pines,LightGBM,915,8,0.00037049553057313126,0.024937938691563365,0.017819815996161018,0.00037049553057313126,0.024937938691563365,0.017819815996161018,0.01202287498745136
Indian_pines,LinearModel,915,8,0.0,0.008034900987918812,0.003984039752394032,-0.0004662152606853426,0.008034900987918812,0.003984039752394032,0.012298916990403086
Indian_pines,NeuralNetFastAI,915,8,0.00010012895784198378,0.00931089361577882,0.005430321166365202,0.00010012895784198378,0.00931089361577882,0.005430321166365202,0.01208308301283978
Indian_pines,NeuralNetTorch,915,8,0.00025875649453751344,0.009960527220836273,0.006867045237777744,0.00025875649453751344,0.009960527220836273,0.006867045237777744,0.011884457999258302
Indian_pines,RandomForest,915,8,0.023340132794519967,0.1954108110749506,0.1348296889238759,0.023340132794519967,0.1954108110749506,0.1348296889238759,0.012661417000344954
Indian_pines,XGBoost,915,8,0.00021348336864583273,0.013923522677513742,0.009520297587162385,0.00021348336864583273,0.013923522677513742,0.009520297587162385,0.011856249999254942
Traffic_violations,CatBoost,7034,3,0.0,0.0,0.0,-8.522600151299421e-05,-0.0215244041704187,-0.014536017290323507,0.03683041699696332
Traffic_violations,ExtraTrees,7034,3,0.0,0.0,0.0,-0.00011455593604018737,-0.013040244796431946,-0.009304701018564406,0.03882745800365228
Traffic_violations,LightGBM,7034,3,0.0,0.0,0.0,-3.761139275030158e-05,-0.00033985957101590294,-0.0003081595912060209,0.0349232500011567
Traffic_violations,LinearModel,7034,3,0.0001178607043047057,0.021969014342486246,0.016219951257440093,0.0001178607043047057,0.021969014342486246,0.016219951257440093,0.03493333300866652
Traffic_violations,NeuralNetFastAI,7034,3,1.5282331210564058e-06,0.013919732390204019,0.009627811680804269,1.5282331210564058e-06,0.013919732390204019,0.009627811680804269,0.035551166991353966
Traffic_violations,NeuralNetTorch,7034,3,0.0,0.006857736481400231,0.003432145380326102,-2.8590425762119678e-05,0.006857736481400231,0.003432145380326102,0.033256208000238985
Traffic_violations,RandomForest,7034,3,1.5129930893094317e-05,0.010258546379804242,0.007088464404732145,1.5129930893094317e-05,0.010258546379804242,0.007088464404732145,0.03516995800600853
Traffic_violations,XGBoost,7034,3,0.0,0.0,0.0,-1.7700097102781175e-05,-0.002824321919936949,-0.0018129913672284698,0.0378979170054663
artificial-characters,CatBoost,1022,10,0.006858820625028834,0.08758109439836233,0.056204610905952565,0.006858820625028834,0.08758109439836233,0.056204610905952565,0.012294583008042537
artificial-characters,ExtraTrees,1022,10,0.034436072097516056,0.23025509945150632,0.15059952337969626,0.034436072097516056,0.23025509945150632,0.15059952337969626,0.01321766700129956
artificial-characters,LightGBM,1022,10,0.0028863574643977485,0.04613973896496143,0.03091498000932417,0.0028863574643977485,0.04613973896496143,0.03091498000932417,0.013359292002860457
artificial-characters,LinearModel,1022,10,0.0,0.0029998065440614923,0.0172396296538581,-0.00016755126551268193,0.0029998065440614923,0.0172396296538581,0.012625000003026798
artificial-characters,NeuralNetFastAI,1022,10,0.0,0.021313743118867808,0.009931554836618678,-9.552642010127052e-05,0.021313743118867808,0.009931554836618678,0.01408774999435991
artificial-characters,NeuralNetTorch,1022,10,0.0005419856636381066,0.036649159234469285,0.020100936546945173,0.0005419856636381066,0.036649159234469285,0.020100936546945173,0.011051666995626874
artificial-characters,RandomForest,1022,10,0.03412168755399562,0.22815800412517023,0.14922253151188267,0.03412168755399562,0.22815800412517023,0.14922253151188267,0.013138249996700324
artificial-characters,XGBoost,1022,10,0.004830921751665503,0.07016703629972271,0.045916659651195395,0.004830921751665503,0.07016703629972271,0.045916659651195395,0.014144083004794084
connect-4,CatBoost,6756,3,2.7069411785913407e-05,0.009890926534643721,0.006104577543598673,2.7069411785913407e-05,0.009890926534643721,0.006104577543598673,0.03796854200481903
connect-4,ExtraTrees,6756,3,0.0061147351875132615,0.10876951219789079,0.07001180220307432,0.0061147351875132615,0.10876951219789079,0.07001180220307432,0.03484862500044983
connect-4,LightGBM,6756,3,0.0,0.0,0.0,-2.082484843990741e-05,-0.0024335522256834176,-0.0029890214199346744,0.037015916997916065
connect-4,LinearModel,6756,3,0.0,0.0,0.0,-5.873777106854012e-05,-0.008618657775005967,-0.004059728174031636,0.03612558300665114
connect-4,NeuralNetFastAI,6756,3,0.0006652290499479194,0.029066270141695758,0.019438273319162657,0.0006652290499479194,0.029066270141695758,0.019438273319162657,0.03384820799692534
connect-4,NeuralNetTorch,6756,3,0.00026625402118572906,0.02092635258900552,0.013584894390447364,0.00026625402118572906,0.02092635258900552,0.013584894390447364,0.035939416993642226
connect-4,RandomForest,6756,3,0.003278519045026503,0.08186729625446414,0.052560844251057434,0.003278519045026503,0.08186729625446414,0.052560844251057434,0.03506249999918509
connect-4,XGBoost,6756,3,0.0,0.0,0.0,-2.4319290529319026e-05,-0.00028300583071124054,-0.0010444166066063798,0.03354158300498966
dilbert,CatBoost,1000,5,0.0026113260563716675,0.039646497668363964,0.024974442783767606,0.0026113260563716675,0.039646497668363964,0.024974442783767606,0.009983541996916756
dilbert,ExtraTrees,1000,5,0.08541694813093857,0.4175467738227271,0.2504002980441064,0.08541694813093857,0.4175467738227271,0.2504002980441064,0.009045167011208832
dilbert,LightGBM,1000,5,5.387358042747355e-05,0.011167358234754737,0.006982195236690164,5.387358042747355e-05,0.011167358234754737,0.006982195236690164,0.009064542013220489
dilbert,LinearModel,1000,5,0.0009872622348498941,0.040531263787333634,0.027273341081158888,0.0009872622348498941,0.040531263787333634,0.027273341081158888,0.009825624991208315
dilbert,NeuralNetFastAI,1000,5,0.00013431592097509808,0.001335876766169548,0.0008069426619032009,0.00013431592097509808,0.001335876766169548,0.0008069426619032009,0.009199042004183866
dilbert,NeuralNetTorch,1000,5,0.00037459968163695736,0.013922332721225068,0.009476693077013123,0.00037459968163695736,0.013922332721225068,0.009476693077013123,0.008909333002520725
dilbert,RandomForest,1000,5,0.0701863822873753,0.3770801244881269,0.22469005645852735,0.0701863822873753,0.3770801244881269,0.22469005645852735,0.008840333990519866
dilbert,XGBoost,1000,5,0.0,0.0037340815780190725,0.0032377114140660526,-7.590884626807725e-05,0.0037340815780190725,0.0032377114140660526,0.009137957997154444
eye_movements,CatBoost,1094,3,0.0,0.02594865179030945,0.014812691781241344,-5.6762399224817196e-05,0.02594865179030945,0.014812691781241344,0.008782459000940435
eye_movements,ExtraTrees,1094,3,0.05150626565850357,0.3446800753623596,0.21436017722550874,0.05150626565850357,0.3446800753623596,0.21436017722550874,0.008644375004223548
eye_movements,LightGBM,1094,3,0.0,0.0,0.0,-0.0009365055152473743,-0.029675893605768177,-0.01839134169628032,0.008673290998558514
eye_movements,LinearModel,1094,3,0.00038509339113771025,0.030922299227762417,0.025183392398230545,0.00038509339113771025,0.030922299227762417,0.025183392398230545,0.00873045899788849
eye_movements,NeuralNetFastAI,1094,3,0.0,0.0,0.0,-0.00024978335218860164,-0.003604683709801272,-0.003266162432426082,0.008747792002395727
eye_movements,NeuralNetTorch,1094,3,0.0013885198840283043,0.04893335586124459,0.03410282636492836,0.0013885198840283043,0.04893335586124459,0.03410282636492836,0.008661792002385482
eye_movements,RandomForest,1094,3,0.025913213916959787,0.22884216799133936,0.14585430779558334,0.025913213916959787,0.22884216799133936,0.14585430779558334,0.008580499998060986
eye_movements,XGBoost,1094,3,0.0,0.0,0.0,-0.0003639736012031297,-0.014180545608842111,-0.007246584701103729,0.008738375006942078
har,CatBoost,1030,6,0.0,0.005476817766115909,0.0037579263005505016,-0.0004568182361531269,0.005476817766115909,0.0037579263005505016,0.011654624991933815
har,ExtraTrees,1030,6,0.015908451631737226,0.11800071488604762,0.07841300676833499,0.015908451631737226,0.11800071488604762,0.07841300676833499,0.01278045900107827
har,LightGBM,1030,6,0.0014558235366072976,0.00627419802161816,0.0044315170781999294,0.0014558235366072976,0.00627419802161816,0.0044315170781999294,0.012399999992339872
har,LinearModel,1030,6,0.0,0.006457612085241148,0.004878578971538931,-0.0002513673153717453,0.006457612085241148,0.004878578971538931,0.012551374995382503
har,NeuralNetFastAI,1030,6,0.0,0.004377026797130971,0.0030064758554665693,-0.0003408256012566269,0.004377026797130971,0.0030064758554665693,0.01311354199424386
har,NeuralNetTorch,1030,6,0.0,0.007982733018185022,0.005483471425436836,-0.0002234243178062701,0.007982733018185022,0.005483471425436836,0.011917499999981374
har,RandomForest,1030,6,0.010310823576172985,0.09326288940285891,0.06263242613253127,0.010310823576172985,0.09326288940285891,0.06263242613253127,0.013160209011402912
har,XGBoost,1030,6,0.00012127852093545913,0.010515402336093918,0.007272540123733994,0.00012127852093545913,0.010515402336093918,0.007272540123733994,0.01214304099266883
jungle_chess_2pcs_raw_endgame_complete,CatBoost,4482,3,0.0005418915094340359,0.06120589491218057,0.042606926854031786,0.0005418915094340359,0.06120589491218057,0.042606926854031786,0.023107667002477683
jungle_chess_2pcs_raw_endgame_complete,ExtraTrees,4482,3,0.0,0.0,0.0,-0.002122175743832405,-0.03429601480936744,-0.02282704011060301,0.022261417005211115
jungle_chess_2pcs_raw_endgame_complete,LightGBM,4482,3,0.0,0.0,0.0,-0.0007790219403310591,-0.06163952507703185,-0.04267663719185403,0.022193083001184277
jungle_chess_2pcs_raw_endgame_complete,LinearModel,4482,3,0.0,0.0,0.0,-0.00025378392661945455,-0.015531106168567961,-0.00943226815151258,0.022443750000093132
jungle_chess_2pcs_raw_endgame_complete,NeuralNetFastAI,4482,3,0.0014860975099115713,0.02340350938352183,0.013816255524081028,0.0014860975099115713,0.02340350938352183,0.013816255524081028,0.02080808400933165
jungle_chess_2pcs_raw_endgame_complete,NeuralNetTorch,4482,3,0.006726577493822381,0.047677471976431046,0.0332119541251642,0.006726577493822381,0.047677471976431046,0.0332119541251642,0.022400916990591213
jungle_chess_2pcs_raw_endgame_complete,RandomForest,4482,3,0.0,0.0,0.0,-0.0011189438744640464,-0.05968079721355887,-0.038646452376943835,0.02270008300547488
jungle_chess_2pcs_raw_endgame_complete,XGBoost,4482,3,1.6333474068770426e-05,0.0007674060794067443,0.000479309124839912,1.6333474068770426e-05,0.0007674060794067443,0.000479309124839912,0.02132362499833107
kr-vs-k,CatBoost,2806,18,0.0024885251662299995,0.0655463188434482,0.040872972186714346,0.0024885251662299995,0.0655463188434482,0.040872972186714346,0.035031417006393895
kr-vs-k,ExtraTrees,2806,18,0.04340190357178331,0.3136988757407043,0.19321018359506772,0.04340190357178331,0.3136988757407043,0.19321018359506772,0.030044750004890375
kr-vs-k,LightGBM,2806,18,0.004011517264880093,0.07956135498461438,0.05103271310390243,0.004011517264880093,0.07956135498461438,0.05103271310390243,0.031903082999633625
kr-vs-k,LinearModel,2806,18,0.0,0.0,0.0,-0.0003883336446462389,-0.015002591408412211,-0.018569696012961438,0.03366025000286754
kr-vs-k,NeuralNetFastAI,2806,18,0.012801008423005142,0.15458542995289745,0.09677562941560151,0.012801008423005142,0.15458542995289745,0.09677562941560151,0.02960541599895805
kr-vs-k,NeuralNetTorch,2806,18,0.007362850783730152,0.10128435675480989,0.0659924264619796,0.007362850783730152,0.10128435675480989,0.0659924264619796,0.033161250001285225
kr-vs-k,RandomForest,2806,18,0.0073895603024812075,0.12623565555478933,0.08113431330115599,0.0073895603024812075,0.12623565555478933,0.08113431330115599,0.0334747500019148
kr-vs-k,XGBoost,2806,18,0.0016278753695050687,0.050209340764054054,0.03127945401657208,0.0016278753695050687,0.050209340764054054,0.03127945401657208,0.03145412499725353
letter,CatBoost,2000,26,0.0,0.005353245600313922,0.0032235898201876116,-0.00011017940130129523,0.005353245600313922,0.0032235898201876116,0.03410220899968408
letter,ExtraTrees,2000,26,0.04954385084142805,0.2638999354545356,0.1415170656952265,0.04954385084142805,0.2638999354545356,0.1415170656952265,0.0330807919963263
letter,LightGBM,2000,26,0.0,0.0,0.0,-0.00013523784529021103,-0.0040872004449299445,-0.004216214314796796,0.03438549999555107
letter,LinearModel,2000,26,0.0,0.0,0.0,-0.0010345455785505683,-0.05311560284688157,-0.04553716433428038,0.03395629199803807
letter,NeuralNetFastAI,2000,26,0.0,0.0,0.0,-0.00023650545913186631,-0.010738896622230178,-0.00612512655129081,0.03258516600180883
letter,NeuralNetTorch,2000,26,0.0,0.008691529586268839,0.005716430671916429,-7.939225387289251e-07,0.008691529586268839,0.005716430671916429,0.03159487500670366
letter,RandomForest,2000,26,0.03583308766217124,0.20670028683951316,0.11371415116428249,0.03583308766217124,0.20670028683951316,0.11371415116428249,0.02828025000053458
letter,XGBoost,2000,26,0.0,0.007295159594287238,0.0047003493258760435,-8.763493008744827e-05,0.007295159594287238,0.0047003493258760435,0.037971124998875894
microaggregation2,CatBoost,2000,5,0.0,0.0029641344426147498,0.0,-0.00015860532991273567,0.0029641344426147498,-9.709663172019844e-05,0.014598875000956468
microaggregation2,ExtraTrees,2000,5,0.0008336200375808946,0.05062672139240468,0.032980589888690674,0.0008336200375808946,0.05062672139240468,0.032980589888690674,0.012948750008945353
microaggregation2,LightGBM,2000,5,0.0,0.0061511739963752915,0.005245177318838969,-0.00018431255634389254,0.0061511739963752915,0.005245177318838969,0.011934124995605089
microaggregation2,LinearModel,2000,5,0.0,0.0,0.00544293525285736,-6.92033612888998e-05,-0.003198289264427402,0.00544293525285736,0.013204542003222741
microaggregation2,NeuralNetFastAI,2000,5,0.00023280783201732724,0.03012351149180637,0.015582621729221514,0.00023280783201732724,0.03012351149180637,0.015582621729221514,0.011450958001660183
microaggregation2,NeuralNetTorch,2000,5,0.0,0.0,0.002581503515426441,-5.972983977375351e-05,-0.001888821803215535,0.002581503515426441,0.01227741599723231
microaggregation2,RandomForest,2000,5,0.0,0.021351542431610183,0.01395954341356957,-4.725088020130208e-05,0.021351542431610183,0.01395954341356957,0.013241791995824315
microaggregation2,XGBoost,2000,5,0.0,0.0014493144063708315,0.0,-0.0001638709440624746,0.0014493144063708315,-0.0009096013785630816,0.013728707999689505
okcupid-stem,CatBoost,5079,3,0.0,0.0,0.0,-2.786224925783327e-05,-0.0109765000551347,-0.006287683756049389,0.023345833003986627
okcupid-stem,ExtraTrees,5079,3,0.00029536537139614,0.02571645898658993,0.018139322649900952,0.00029536537139614,0.02571645898658993,0.018139322649900952,0.022838667005999014
okcupid-stem,LightGBM,5079,3,0.0,0.0017407578118884435,0.0020961287249888325,-3.057705737402595e-05,0.0017407578118884435,0.0020961287249888325,0.022105458003352396
okcupid-stem,LinearModel,5079,3,0.0,0.011057007122984441,0.006940003803538071,-1.4527183123188856e-05,0.011057007122984441,0.006940003803538071,0.02274445899820421
okcupid-stem,NeuralNetFastAI,5079,3,0.00017486418703331546,0.024847988666339832,0.014988745873946815,0.00017486418703331546,0.024847988666339832,0.014988745873946815,0.021275958002661355
okcupid-stem,NeuralNetTorch,5079,3,0.00024762391580119127,0.028916424610934875,0.01913644480747806,0.00024762391580119127,0.028916424610934875,0.01913644480747806,0.022461500004283153
okcupid-stem,RandomForest,5079,3,0.00020079455298312217,0.021248776392458337,0.01421228933266506,0.00020079455298312217,0.021248776392458337,0.01421228933266506,0.021964874991681427
okcupid-stem,XGBoost,5079,3,7.148133039514771e-05,0.01621394580876074,0.010135256496468915,7.148133039514771e-05,0.01621394580876074,0.010135256496468915,0.02345512500323821
pendigits,CatBoost,1100,10,0.0,0.004967737965725573,0.0030124117073889603,-1.7520696689765938e-05,0.004967737965725573,0.0030124117073889603,0.014102624991210178
pendigits,ExtraTrees,1100,10,0.010050990218408476,0.08429227660272605,0.05170004305638241,0.010050990218408476,0.08429227660272605,0.05170004305638241,0.013081291996059008
pendigits,LightGBM,1100,10,0.0,0.0,0.0,-0.00014680483839174521,-0.00020284946528497793,-0.000456018202038934,0.012277749992790632
pendigits,LinearModel,1100,10,0.0,0.0,0.0,-9.725415446156122e-05,-0.01939693184969277,-0.011989444590382429,0.013439125003060326
pendigits,NeuralNetFastAI,1100,10,0.0,0.0038460083328297596,0.0022691868824530285,-6.731709718577111e-05,0.0038460083328297596,0.0022691868824530285,0.013033916999120265
pendigits,NeuralNetTorch,1100,10,0.0,0.0013159532421184847,0.0006389157208798421,-0.00048803877863617213,0.0013159532421184847,0.0006389157208798421,0.013993165994179435
pendigits,RandomForest,1100,10,0.008108750243356713,0.07065601475756227,0.04304184892510157,0.008108750243356713,0.07065601475756227,0.04304184892510157,0.012946709000971168
pendigits,XGBoost,1100,10,0.0,0.0,0.0,-0.00015458753680601308,-0.0010601049681049413,-0.000914627004972634,0.01347412500763312
robert,CatBoost,1000,10,0.007268371400835007,0.13801546586574295,0.08082201510604568,0.007268371400835007,0.13801546586574295,0.08082201510604568,0.009846832996117882
robert,ExtraTrees,1000,10,0.05564844575423145,0.44664570953835714,0.21478879861294395,0.05564844575423145,0.44664570953835714,0.21478879861294395,0.013790124998195097
robert,LightGBM,1000,10,0.00017320827706988909,0.04359615635008322,0.019592441873154023,0.00017320827706988909,0.04359615635008322,0.019592441873154023,0.012771958005032502
robert,LinearModel,1000,10,0.15711067893506592,0.7839998896151978,0.3839838365077677,0.15711067893506592,0.7839998896151978,0.3839838365077677,0.01313241598836612
robert,NeuralNetFastAI,1000,10,0.0,0.026675595542329178,0.009030623667853193,-0.0001694727634123072,0.026675595542329178,0.009030623667853193,0.011906667001312599
robert,NeuralNetTorch,1000,10,0.007895153628720437,0.1489681236459437,0.08358266845531091,0.007895153628720437,0.1489681236459437,0.08358266845531091,0.012441458005923778
robert,RandomForest,1000,10,0.04854345420113338,0.40712318453063856,0.20306811868091917,0.04854345420113338,0.40712318453063856,0.20306811868091917,0.013478833992849104
robert,XGBoost,1000,10,0.011148397474397121,0.18970170732453698,0.09437333760520711,0.011148397474397121,0.18970170732453698,0.09437333760520711,0.012048250006046146
volcanoes-b1,CatBoost,1018,5,8.986069063680374e-06,0.0,0.0,8.986069063680374e-06,-0.015146583954649035,-0.009679415941552093,0.009701834002044052
volcanoes-b1,ExtraTrees,1018,5,0.0,0.0,0.0,-5.909084367758105e-05,-0.006997002796192008,-0.002128076480125049,0.009234666998963803
volcanoes-b1,LightGBM,1018,5,7.398475614613783e-05,0.0,0.0,7.398475614613783e-05,-0.012069407079462366,-0.004646296355535044,0.009289083012845367
volcanoes-b1,LinearModel,1018,5,0.0,0.0,0.0,-5.628834790063334e-05,-0.015909160282869376,-0.00789907624165916,0.00996783300070092
volcanoes-b1,NeuralNetFastAI,1018,5,0.0,0.0,0.0,-2.630169071038454e-05,-0.013397205513058563,-0.008473075900949907,0.008931374992243946
volcanoes-b1,NeuralNetTorch,1018,5,0.0,0.0,0.0,-6.170868266580443e-05,-0.011557214385338882,-0.006642881245402821,0.008956416000728495
volcanoes-b1,RandomForest,1018,5,3.976872875086172e-06,0.0,0.0,3.976872875086172e-06,-0.015446373406382056,-0.008010571734886826,0.0089091669942718
volcanoes-b1,XGBoost,1018,5,2.043690185955635e-05,0.0,0.0,2.043690185955635e-05,-0.01905189504152098,-0.010707144931999469,0.009134250009083189
volcanoes-b2,CatBoost,1067,5,4.361870009056407e-05,0.006546891134253231,0.0029239239287270216,4.361870009056407e-05,0.006546891134253231,0.0029239239287270216,0.013345166007638909
volcanoes-b2,ExtraTrees,1067,5,0.0,0.011284853369065458,0.004665426193731813,-2.345701508551716e-05,0.011284853369065458,0.004665426193731813,0.011597208009334281
volcanoes-b2,LightGBM,1067,5,0.00015356442400735247,0.0023998355023520657,0.0023454729211019954,0.00015356442400735247,0.0023998355023520657,0.0023454729211019954,0.012853041000198573
volcanoes-b2,LinearModel,1067,5,4.074295190043741e-05,0.0,0.0009081782249598059,4.074295190043741e-05,-0.0014961383904300728,0.0009081782249598059,0.011798291990999132
volcanoes-b2,NeuralNetFastAI,1067,5,4.952081470902233e-05,0.0010777703922352645,0.0018744742502687338,4.952081470902233e-05,0.0010777703922352645,0.0018744742502687338,0.012765290986862965
volcanoes-b2,NeuralNetTorch,1067,5,0.00010133633873335809,0.001772007176335,0.002170814530092548,0.00010133633873335809,0.001772007176335,0.002170814530092548,0.011671458996715955
volcanoes-b2,RandomForest,1067,5,0.0,0.006780366296028947,0.0034656861137577007,-3.4921476878585306e-05,0.006780366296028947,0.0034656861137577007,0.013223749992903322
volcanoes-b2,XGBoost,1067,5,0.0001256329683943581,0.008303605004280522,0.006296096820321278,0.0001256329683943581,0.008303605004280522,0.006296096820321278,0.01454633400135208
volcanoes-b5,CatBoost,999,5,0.0,0.0,0.0,-0.0001256011920087365,-0.010406396548868296,-0.005196942459156189,0.009481667002546601
volcanoes-b5,ExtraTrees,999,5,0.0,0.00307047984256067,0.0010202873580751743,-0.00041753126718192894,0.00307047984256067,0.0010202873580751743,0.009791458011022769
volcanoes-b5,LightGBM,999,5,0.0,0.0,0.0,-0.0001434981829063076,-0.0010035742475980173,-0.00028898041104800703,0.009278083001845516
volcanoes-b5,LinearModel,999,5,0.0,0.0,0.0,-0.00010696731085370205,-0.007355027681323572,-0.004090995323231327,0.009072374989045784
volcanoes-b5,NeuralNetFastAI,999,5,0.0,0.0,0.0,-0.00012096766572045765,-0.002025343852298024,-0.0010527402064258297,0.009009084009448998
volcanoes-b5,NeuralNetTorch,999,5,0.0,0.0,0.0,-6.531515861016342e-05,-0.009043152738773675,-0.006300859988506691,0.009168125005089678
volcanoes-b5,RandomForest,999,5,0.0,0.0,0.0,-8.920868203731843e-05,-0.006653579720343025,-0.002605017916194307,0.009014790994115174
volcanoes-b5,XGBoost,999,5,0.0,0.0035654395944331664,0.0027266718297594347,-4.38659127256431e-05,0.0035654395944331664,0.0027266718297594347,0.00917049999407027
volcanoes-b6,CatBoost,1013,5,0.0,0.005874046345626584,0.002862143268848034,-0.00012680268264717896,0.005874046345626584,0.002862143268848034,0.009383708995301276
volcanoes-b6,ExtraTrees,1013,5,0.0,0.0,0.0,-6.374065506556865e-05,-0.01547320582889031,-0.009663217665081292,0.00992208399111405
volcanoes-b6,LightGBM,1013,5,0.0,0.0013992118110270038,0.0,-0.00034321002954329244,0.0013992118110270038,-0.0016277870130653434,0.009323666992713697
volcanoes-b6,LinearModel,1013,5,0.0,0.008190478954536963,0.003447332393138267,-0.0002792501634702352,0.008190478954536963,0.003447332393138267,0.00938579200010281
volcanoes-b6,NeuralNetFastAI,1013,5,0.0,0.00734537662753408,0.0034940561702251675,-0.00026860779306122967,0.00734537662753408,0.0034940561702251675,0.009474666992900893
volcanoes-b6,NeuralNetTorch,1013,5,0.0,0.0005144899118837518,0.00014760862036341713,-0.00042288399267445325,0.0005144899118837518,0.00014760862036341713,0.009544833010295406
volcanoes-b6,RandomForest,1013,5,0.0,0.0,0.0,-7.82238770716299e-05,-0.016539882434788346,-0.012167123496367343,0.01002112501009833
volcanoes-b6,XGBoost,1013,5,0.0,0.0,0.0,-0.00013667790927533488,-0.00852167184328107,-0.004314315785722559,0.009117333000176586
volkert,CatBoost,5831,10,0.0,0.0,0.0,-5.15830178076484e-05,-0.0024082844439735174,-0.0008301542863209321,0.04892800000379793
volkert,ExtraTrees,5831,10,0.017334352377589127,0.23197266311714143,0.1183588709269553,0.017334352377589127,0.23197266311714143,0.1183588709269553,0.04746220799279399
volkert,LightGBM,5831,10,0.00040408666753788636,0.038889167966719575,0.02098233963915159,0.00040408666753788636,0.038889167966719575,0.02098233963915159,0.04681204199732747
volkert,LinearModel,5831,10,0.0,0.0,0.0,-0.00016351514307550268,-0.0016561453910302988,-0.0008763112105396953,0.04755683300027158
volkert,NeuralNetFastAI,5831,10,0.0,0.02235772801470471,0.009273105223585808,-6.696353876370577e-05,0.02235772801470471,0.009273105223585808,0.05158420800580643
volkert,NeuralNetTorch,5831,10,0.0002073007830956461,0.028464721019918964,0.01607870324549569,0.0002073007830956461,0.028464721019918964,0.01607870324549569,0.050113207995309494
volkert,RandomForest,5831,10,0.014030313293193803,0.21128117561110873,0.10626706208948977,0.014030313293193803,0.21128117561110873,0.10626706208948977,0.04895254199800547
volkert,XGBoost,5831,10,0.0038035507075037723,0.10283361683714919,0.055610860865382715,0.0038035507075037723,0.10283361683714919,0.055610860865382715,0.04767775000073016
