dataset,model,test_size,n_classes,WS-CatBoost_brier,WS-CatBoost_l1,WS-CatBoost_l2,WS-CatBoost_brier_unclipped,WS-CatBoost_l1_unclipped,WS-CatBoost_l2_unclipped,WS-CatBoost_time
Diabetes130US,CatBoost,10177,3,0.0,0.010997089023694617,0.007539688781896712,-3.332396394775756e-05,0.010997089023694617,0.007539688781896712,3.9047786659939447
Diabetes130US,ExtraTrees,10177,3,0.0005972776251087794,0.030128778808054625,0.020391879076127647,0.0005972776251087794,0.030128778808054625,0.020391879076127647,3.5350055419985438
Diabetes130US,LightGBM,10177,3,0.0,0.001691057090434752,0.0014250051379561572,-0.0002542784061406572,0.001691057090434752,0.0014250051379561572,3.5597964999906253
Diabetes130US,LinearModel,10177,3,0.0007366869855504216,0.025080334959873815,0.017086286830696157,0.0007366869855504216,0.025080334959873815,0.017086286830696157,3.650489875013591
Diabetes130US,NeuralNetFastAI,10177,3,0.00012663581221045452,0.03174371050297921,0.0170715250230265,0.00012663581221045452,0.03174371050297921,0.0170715250230265,3.9079994580097264
Diabetes130US,NeuralNetTorch,10177,3,0.0,0.0,0.0,-6.886048995683178e-05,-0.003154201642534635,-0.0038030070803270893,3.6967670419981005
Diabetes130US,RandomForest,10177,3,3.440397450088475e-05,0.019149831056004044,0.012331696556836226,3.440397450088475e-05,0.019149831056004044,0.012331696556836226,3.6865261670027394
Diabetes130US,XGBoost,10177,3,0.00018903693834146446,0.0158331958669739,0.010896901121492103,0.00018903693834146446,0.0158331958669739,0.010896901121492103,3.6184014579921495
GesturePhaseSegmentationProcessed,CatBoost,988,5,0.004947699759402105,0.07537460346660045,0.046276803258770524,0.004947699759402105,0.07537460346660045,0.046276803258770524,3.496257124992553
GesturePhaseSegmentationProcessed,ExtraTrees,988,5,0.05123312953743113,0.3586032359548523,0.20274878157853193,0.05123312953743113,0.3586032359548523,0.20274878157853193,3.529242874996271
GesturePhaseSegmentationProcessed,LightGBM,988,5,0.0134475837723528,0.15872167470243667,0.08678146632684085,0.0134475837723528,0.15872167470243667,0.08678146632684085,3.4779252909938805
GesturePhaseSegmentationProcessed,LinearModel,988,5,0.00930744906700985,0.12571112367942605,0.06509127903900586,0.00930744906700985,0.12571112367942605,0.06509127903900586,3.6973385419987608
GesturePhaseSegmentationProcessed,NeuralNetFastAI,988,5,0.0005851171256992942,0.06252215112214853,0.044538618908089314,0.0005851171256992942,0.06252215112214853,0.044538618908089314,3.805914665994351
GesturePhaseSegmentationProcessed,NeuralNetTorch,988,5,0.002423231135817221,0.07586207803013632,0.04826874486971548,0.002423231135817221,0.07586207803013632,0.04826874486971548,3.575072208986967
GesturePhaseSegmentationProcessed,RandomForest,988,5,0.03637174277288825,0.30645748605994994,0.17514065452105101,0.03637174277288825,0.30645748605994994,0.17514065452105101,3.5749724590132246
GesturePhaseSegmentationProcessed,XGBoost,988,5,0.013245631434263239,0.15875175640722528,0.08509013505815073,0.013245631434263239,0.15875175640722528,0.08509013505815073,3.574758832997759
Indian_pines,CatBoost,915,8,0.00412018650742948,0.03735493511070109,0.026386505215946546,0.00412018650742948,0.03735493511070109,0.026386505215946546,3.7245522089942824
Indian_pines,ExtraTrees,915,8,0.026623192122546945,0.18941444673121471,0.13204850638277796,0.026623192122546945,0.18941444673121471,0.13204850638277796,3.5838407919945894
Indian_pines,LightGBM,915,8,0.00026660767978020037,0.015626347513142205,0.011856363677172521,0.00026660767978020037,0.015626347513142205,0.011856363677172521,3.6509075830108486
Indian_pines,LinearModel,915,8,0.0017482096328446369,0.03694281858307683,0.0239803373097907,0.0017482096328446369,0.03694281858307683,0.0239803373097907,3.7211160000006203
Indian_pines,NeuralNetFastAI,915,8,0.0,0.0,0.0,-0.0017559588067224182,-0.012547808334468526,-0.009461749095014588,3.7290219579881523
Indian_pines,NeuralNetTorch,915,8,0.0,0.00023098786225289803,6.451911572692335e-05,-0.0004076798526839828,0.00023098786225289803,6.451911572692335e-05,3.6318162079987815
Indian_pines,RandomForest,915,8,0.02526018472881421,0.18926144618489357,0.1305607276373728,0.02526018472881421,0.18926144618489357,0.1305607276373728,3.6329485419992125
Indian_pines,XGBoost,915,8,0.0003665114292652854,0.018040173904036505,0.012609748109779523,0.0003665114292652854,0.018040173904036505,0.012609748109779523,3.7144339170044987
Traffic_violations,CatBoost,7034,3,0.0,0.0,0.0,-0.00026630936063867685,-0.022692806712838506,-0.015867963867690064,3.5611519169906387
Traffic_violations,ExtraTrees,7034,3,0.0,0.005032926682170762,0.0029508555264434306,-0.00012005494355879991,0.005032926682170762,0.0029508555264434306,3.600255500001367
Traffic_violations,LightGBM,7034,3,0.0,0.003955344333135382,0.002985602022996839,-0.00027291339504241003,0.003955344333135382,0.002985602022996839,3.600175500003388
Traffic_violations,LinearModel,7034,3,0.00013325019959836102,0.004163355520967143,0.002366258821468627,0.00013325019959836102,0.004163355520967143,0.002366258821468627,3.6396609999937937
Traffic_violations,NeuralNetFastAI,7034,3,0.0,0.00041486040445867084,5.151028456023893e-05,-0.00012136574423414085,0.00041486040445867084,5.151028456023893e-05,3.6224429169960786
Traffic_violations,NeuralNetTorch,7034,3,9.213684731840373e-05,0.014542251410894014,0.009686203906912952,9.213684731840373e-05,0.014542251410894014,0.009686203906912952,3.867325625004014
Traffic_violations,RandomForest,7034,3,0.0,0.013653944047396603,0.00955406829005614,-0.00014859201906010496,0.013653944047396603,0.00955406829005614,3.59314916699077
Traffic_violations,XGBoost,7034,3,6.307723196983103e-06,0.009257840879699712,0.006386191923427688,6.307723196983103e-06,0.009257840879699712,0.006386191923427688,3.5870485409977846
artificial-characters,CatBoost,1022,10,0.023618846980965728,0.1401132964233249,0.09505358479197518,0.023618846980965728,0.1401132964233249,0.09505358479197518,4.035563375000493
artificial-characters,ExtraTrees,1022,10,0.04532842880309972,0.26685996451794536,0.1757280012590545,0.04532842880309972,0.26685996451794536,0.1757280012590545,4.255316082999343
artificial-characters,LightGBM,1022,10,0.016079710551376532,0.10108495927896576,0.06816989483043986,0.016079710551376532,0.10108495927896576,0.06816989483043986,4.189504459005548
artificial-characters,LinearModel,1022,10,0.18201755694295632,0.7629448760087988,0.3903911051563352,0.18201755694295632,0.7629448760087988,0.3903911051563352,4.294162208010675
artificial-characters,NeuralNetFastAI,1022,10,0.0,0.029142090701366058,0.013339085981579719,-0.001479721957710093,0.029142090701366058,0.013339085981579719,3.798992583004292
artificial-characters,NeuralNetTorch,1022,10,0.0,0.06362103319124143,0.03465556715843594,-0.0004217250955335831,0.06362103319124143,0.03465556715843594,3.78568745800294
artificial-characters,RandomForest,1022,10,0.05057532262879307,0.27074027816073604,0.1769694423164315,0.05057532262879307,0.27074027816073604,0.1769694423164315,4.515019292011857
artificial-characters,XGBoost,1022,10,0.01891638375434664,0.11809837867029718,0.0771966208534719,0.01891638375434664,0.11809837867029718,0.0771966208534719,4.1577147920033894
connect-4,CatBoost,6756,3,0.0017686792918783184,0.04436477304220757,0.030777685031848745,0.0017686792918783184,0.04436477304220757,0.030777685031848745,3.513975624999148
connect-4,ExtraTrees,6756,3,0.009880006888270178,0.13375536888650527,0.09034834470486999,0.009880006888270178,0.13375536888650527,0.09034834470486999,3.5581138749985257
connect-4,LightGBM,6756,3,0.0013779571655327726,0.040161353546007875,0.02636655247993149,0.0013779571655327726,0.040161353546007875,0.02636655247993149,3.5475588330009487
connect-4,LinearModel,6756,3,0.0009152903606437844,0.039254826003842794,0.028734282982271514,0.0009152903606437844,0.039254826003842794,0.028734282982271514,3.6618679170060204
connect-4,NeuralNetFastAI,6756,3,0.0016000930701334356,0.04603231388833726,0.02820373161441739,0.0016000930701334356,0.04603231388833726,0.02820373161441739,3.5885332920006476
connect-4,NeuralNetTorch,6756,3,0.00030201654096281513,0.020519385003365812,0.013343701487039065,0.00030201654096281513,0.020519385003365812,0.013343701487039065,3.5129184999968857
connect-4,RandomForest,6756,3,0.00791664097178081,0.12710296315824213,0.08354106869323419,0.00791664097178081,0.12710296315824213,0.08354106869323419,3.6408135409874376
connect-4,XGBoost,6756,3,0.0017900736035388466,0.03651190467788653,0.02444372500488949,0.0017900736035388466,0.03651190467788653,0.02444372500488949,3.6316812919976655
dilbert,CatBoost,1000,5,0.001076640215273391,0.034656600170439276,0.02310842001801725,0.001076640215273391,0.034656600170439276,0.02310842001801725,3.586676749997423
dilbert,ExtraTrees,1000,5,0.08692765706383035,0.41911344036621084,0.25078412616525336,0.08692765706383035,0.41911344036621084,0.25078412616525336,3.5402851659891894
dilbert,LightGBM,1000,5,0.0,0.0,0.0,-0.0007480823706625759,-0.007599377337118404,-0.005541125203534121,3.5026114159991266
dilbert,LinearModel,1000,5,0.0,0.03888097753006664,0.02585734466156304,-0.0001349186451255211,0.03888097753006664,0.02585734466156304,3.518205542000942
dilbert,NeuralNetFastAI,1000,5,0.0,0.003612771212078968,0.0025685246411971023,-0.0002809958683213282,0.003612771212078968,0.0025685246411971023,3.596344165998744
dilbert,NeuralNetTorch,1000,5,0.0018771025807210826,0.017594627259721385,0.012065323137999025,0.0018771025807210826,0.017594627259721385,0.012065323137999025,3.5850620409910334
dilbert,RandomForest,1000,5,0.08026843713659869,0.4037867914643404,0.23938886419861918,0.08026843713659869,0.4037867914643404,0.23938886419861918,3.5789714160055155
dilbert,XGBoost,1000,5,0.0007150702380476369,0.0041896695286706065,0.003556278107584593,0.0007150702380476369,0.0041896695286706065,0.003556278107584593,3.5614495420013554
eye_movements,CatBoost,1094,3,0.0,0.020010987055463243,0.00791703280499944,-0.0008357040931892929,0.020010987055463243,0.00791703280499944,3.4839128750027157
eye_movements,ExtraTrees,1094,3,0.04937655502464412,0.32621572447673824,0.20277101675535178,0.04937655502464412,0.32621572447673824,0.20277101675535178,3.4344468339986634
eye_movements,LightGBM,1094,3,7.41205361146897e-06,0.04298931273606069,0.023452407999673575,7.41205361146897e-06,0.04298931273606069,0.023452407999673575,3.403910167005961
eye_movements,LinearModel,1094,3,0.0,0.0,0.0,-0.0012218054889320427,-0.01681579491893984,-0.010984927814411431,3.447506374999648
eye_movements,NeuralNetFastAI,1094,3,0.00287281754558616,0.07762673782391026,0.04980663524849139,0.00287281754558616,0.07762673782391026,0.04980663524849139,3.4323876249982277
eye_movements,NeuralNetTorch,1094,3,0.0010909131330282154,0.05376146740819976,0.03365728342870291,0.0010909131330282154,0.05376146740819976,0.03365728342870291,3.4390599580074195
eye_movements,RandomForest,1094,3,0.025525255591661432,0.2266605711416468,0.1401401305256823,0.025525255591661432,0.2266605711416468,0.1401401305256823,3.4454491249925923
eye_movements,XGBoost,1094,3,0.0,0.0,0.0,-0.0015576151882476096,-0.015196277688742665,-0.0053788072829638175,3.457124249995104
har,CatBoost,1030,6,0.0,0.003609483466459682,0.0024365192725946407,-0.0007953692253504659,0.003609483466459682,0.0024365192725946407,3.533598334004637
har,ExtraTrees,1030,6,0.015151839381312825,0.11690039103769362,0.07743368086972753,0.015151839381312825,0.11690039103769362,0.07743368086972753,3.5819510000001173
har,LightGBM,1030,6,0.0014558235366072976,0.00627419802161816,0.004431517078199928,0.0014558235366072976,0.00627419802161816,0.004431517078199928,3.4242139999987558
har,LinearModel,1030,6,0.0,0.004113127146951077,0.002928471062905322,-0.000870455079654635,0.004113127146951077,0.002928471062905322,3.5272243749932386
har,NeuralNetFastAI,1030,6,4.510687496194957e-06,0.01083237452765342,0.007593251717938638,4.510687496194957e-06,0.01083237452765342,0.007593251717938638,3.5072426250117132
har,NeuralNetTorch,1030,6,0.0,0.004024673087077591,0.0026867441054518487,-0.0012944153742029986,0.004024673087077591,0.0026867441054518487,3.641639458001009
har,RandomForest,1030,6,0.008917967866544725,0.0904667726132911,0.05988264244739502,0.008917967866544725,0.0904667726132911,0.05988264244739502,3.4863866249943385
har,XGBoost,1030,6,4.195576858306752e-05,0.010515402336093918,0.007272446167688879,4.195576858306752e-05,0.010515402336093918,0.007272446167688879,3.4871677499904763
jungle_chess_2pcs_raw_endgame_complete,CatBoost,4482,3,0.01873923421223468,0.10083597549752006,0.06989259101383068,0.01873923421223468,0.10083597549752006,0.06989259101383068,3.6761679999908665
jungle_chess_2pcs_raw_endgame_complete,ExtraTrees,4482,3,0.02566645891338431,0.1411238825386936,0.09565932320477395,0.02566645891338431,0.1411238825386936,0.09565932320477395,3.5841375839954708
jungle_chess_2pcs_raw_endgame_complete,LightGBM,4482,3,0.02014868924643346,0.10381261094427009,0.07186711673360066,0.02014868924643346,0.10381261094427009,0.07186711673360066,3.685481249995064
jungle_chess_2pcs_raw_endgame_complete,LinearModel,4482,3,0.03179134932370206,0.22541627067730116,0.14794357304598116,0.03179134932370206,0.22541627067730116,0.14794357304598116,3.8627527500066208
jungle_chess_2pcs_raw_endgame_complete,NeuralNetFastAI,4482,3,0.007939656614337933,0.07808764788801538,0.052914385749702704,0.007939656614337933,0.07808764788801538,0.052914385749702704,3.5747266669932287
jungle_chess_2pcs_raw_endgame_complete,NeuralNetTorch,4482,3,0.0070275985590759005,0.04724916697597863,0.03294124085100507,0.0070275985590759005,0.04724916697597863,0.03294124085100507,3.4695360410114517
jungle_chess_2pcs_raw_endgame_complete,RandomForest,4482,3,0.023893245664429456,0.12334426328786348,0.08402688918503626,0.023893245664429456,0.12334426328786348,0.08402688918503626,3.6336426670022774
jungle_chess_2pcs_raw_endgame_complete,XGBoost,4482,3,0.011944075766081802,0.07679975927880799,0.05223891217334928,0.011944075766081802,0.07679975927880799,0.05223891217334928,3.5598601669917116
kr-vs-k,CatBoost,2806,18,0.009968974869878775,0.08882415126904787,0.057613684254777406,0.009968974869878775,0.08882415126904787,0.057613684254777406,6.223871958005475
kr-vs-k,ExtraTrees,2806,18,0.06157283612879778,0.34315950828245045,0.2122486307266681,0.06157283612879778,0.34315950828245045,0.2122486307266681,7.348706833989127
kr-vs-k,LightGBM,2806,18,0.007757101908208702,0.09113286916416842,0.059912034034006106,0.007757101908208702,0.09113286916416842,0.059912034034006106,6.669670542003587
kr-vs-k,LinearModel,2806,18,0.06501527757138624,0.5018430695998419,0.23468507970759792,0.06501527757138624,0.5018430695998419,0.23468507970759792,7.463438042002963
kr-vs-k,NeuralNetFastAI,2806,18,0.012717950357006848,0.1573577868827139,0.09634034553198578,0.012717950357006848,0.1573577868827139,0.09634034553198578,4.787662292001187
kr-vs-k,NeuralNetTorch,2806,18,0.008331278449398056,0.10751068635514831,0.0698498116861583,0.008331278449398056,0.10751068635514831,0.0698498116861583,4.804278791998513
kr-vs-k,RandomForest,2806,18,0.011828304486137507,0.13940969067902975,0.08233004408481613,0.011828304486137507,0.13940969067902975,0.08233004408481613,6.939887333996012
kr-vs-k,XGBoost,2806,18,0.008490731911154438,0.0788769297422807,0.05083904501982447,0.008490731911154438,0.0788769297422807,0.05083904501982447,6.330847749995883
letter,CatBoost,2000,26,0.0,0.0043361794820792705,0.002479836283841943,-0.0002748151764780874,0.0043361794820792705,0.002479836283841943,6.95780904199637
letter,ExtraTrees,2000,26,0.049767418574432995,0.2634166028354646,0.14199034157935722,0.049767418574432995,0.2634166028354646,0.14199034157935722,6.751998000007006
letter,LightGBM,2000,26,0.00036134760890875917,0.0023138623711923038,0.0008737852223869602,0.00036134760890875917,0.0023138623711923038,0.0008737852223869602,7.27933445799863
letter,LinearModel,2000,26,0.06003295747038534,0.33981124844699845,0.1863090574350524,0.06003295747038534,0.33981124844699845,0.1863090574350524,10.452115749998484
letter,NeuralNetFastAI,2000,26,0.0,0.0,0.0,-0.0006979364106152345,-0.004060249615417426,-0.002582141635865324,6.643745708002825
letter,NeuralNetTorch,2000,26,0.0,0.008722343547213622,0.006181009806617789,-0.0005524037190085207,0.008722343547213622,0.006181009806617789,7.830120958009502
letter,RandomForest,2000,26,0.03562911479463172,0.20524028814992126,0.11222387804697832,0.03562911479463172,0.20524028814992126,0.11222387804697832,7.188728124994668
letter,XGBoost,2000,26,0.00015010779052018538,0.010823841195106492,0.005544623630741393,0.00015010779052018538,0.010823841195106492,0.005544623630741393,6.972398875004728
microaggregation2,CatBoost,2000,5,0.0,0.0,0.0,-0.000630133420788823,-0.01661538326734967,-0.0029377935017025313,3.4157806250004796
microaggregation2,ExtraTrees,2000,5,0.0020866780942277834,0.05291001225916706,0.027290142566406186,0.0020866780942277834,0.05291001225916706,0.027290142566406186,3.4978482910082676
microaggregation2,LightGBM,2000,5,0.0,0.0064548907991702435,0.0035975209777382063,-0.0007204851981027161,0.0064548907991702435,0.0035975209777382063,3.4321584580029594
microaggregation2,LinearModel,2000,5,0.0015409307715323845,0.0572034569868728,0.0438697915389513,0.0015409307715323845,0.0572034569868728,0.0438697915389513,3.4476730000023963
microaggregation2,NeuralNetFastAI,2000,5,0.0001921442772821962,0.031107968810622937,0.01989568239315225,0.0001921442772821962,0.031107968810622937,0.01989568239315225,3.516343417009921
microaggregation2,NeuralNetTorch,2000,5,0.0,0.0,0.0,-0.0006245100237688588,-0.02389345914472534,-0.009327497336193922,3.4438977079989854
microaggregation2,RandomForest,2000,5,0.0,0.0,0.0,-0.00043699518339250786,-0.008926991710792165,-0.0012829080543998225,3.4534274579928024
microaggregation2,XGBoost,2000,5,0.0,0.0,0.0,-0.000342920579405958,-0.008471018865882798,-0.0013747401354760455,3.4171356669976376
okcupid-stem,CatBoost,5079,3,0.0001080510614372794,0.033029311044776515,0.01965572273049595,0.0001080510614372794,0.033029311044776515,0.01965572273049595,3.5132202499953564
okcupid-stem,ExtraTrees,5079,3,0.0005090840217380319,0.0384911993461644,0.025225148131497403,0.0005090840217380319,0.0384911993461644,0.025225148131497403,3.5677590830018744
okcupid-stem,LightGBM,5079,3,0.0,0.0005558384680731043,0.0,-0.00024305775576485996,0.0005558384680731043,-0.0005028826366644591,3.4677979170082835
okcupid-stem,LinearModel,5079,3,0.0013839378501095808,0.030971497527921343,0.021651149124616062,0.0013839378501095808,0.030971497527921343,0.021651149124616062,3.5635250409977743
okcupid-stem,NeuralNetFastAI,5079,3,0.0003425945975492025,0.023125850625740747,0.013433204530792263,0.0003425945975492025,0.023125850625740747,0.013433204530792263,3.51138945799903
okcupid-stem,NeuralNetTorch,5079,3,0.00011388843749153057,0.02175819955434627,0.013836252782259105,0.00011388843749153057,0.02175819955434627,0.013836252782259105,3.5111883749923436
okcupid-stem,RandomForest,5079,3,0.00026502234374951416,0.01960629100922248,0.013391689390115062,0.00026502234374951416,0.01960629100922248,0.013391689390115062,3.5349958340084413
okcupid-stem,XGBoost,5079,3,0.0005373323597310622,0.02581776431548059,0.016849856433540537,0.0005373323597310622,0.02581776431548059,0.016849856433540537,3.522537833006936
pendigits,CatBoost,1100,10,0.0,0.0030390569301297758,0.001640218502314995,-8.694829776853689e-05,0.0030390569301297758,0.001640218502314995,3.891004042001441
pendigits,ExtraTrees,1100,10,0.01051524108745655,0.08609227672843767,0.05339160147965106,0.01051524108745655,0.08609227672843767,0.05339160147965106,4.00358370799222
pendigits,LightGBM,1100,10,0.0,0.0,0.0,-0.00015084507148319386,-0.0011921475196586264,-0.0008169604544021556,3.8410625830001663
pendigits,LinearModel,1100,10,0.005938855657601601,0.05407136021508415,0.03591292857112504,0.005938855657601601,0.05407136021508415,0.03591292857112504,5.488112958992133
pendigits,NeuralNetFastAI,1100,10,0.0,0.0015084361572311037,0.0006042914495332651,-7.5070838960224e-05,0.0015084361572311037,0.0006042914495332651,3.87213016700116
pendigits,NeuralNetTorch,1100,10,0.0,0.001315993067825855,0.0005803648718528882,-0.0006114630382568397,0.001315993067825855,0.0005803648718528882,3.5786062499973923
pendigits,RandomForest,1100,10,0.008102924894730698,0.0689893487591901,0.04267031937893736,0.008102924894730698,0.0689893487591901,0.04267031937893736,3.746992416010471
pendigits,XGBoost,1100,10,0.0,0.0,0.0,-0.00023872132155948431,-0.0016149194692512351,-0.0011469311942122339,3.9974829999991925
robert,CatBoost,1000,10,0.0071088284722474636,0.1555425341808168,0.07597843009983445,0.0071088284722474636,0.1555425341808168,0.07597843009983445,3.4477012079878477
robert,ExtraTrees,1000,10,0.060662174334253936,0.4471567092924284,0.22010710228228575,0.060662174334253936,0.4471567092924284,0.22010710228228575,3.5187596670002677
robert,LightGBM,1000,10,0.0,0.02767526652917968,0.013357540715849655,-0.00015438304072820031,0.02767526652917968,0.013357540715849655,3.5606818329979433
robert,LinearModel,1000,10,0.16831574905765295,0.7905940603047806,0.3927691500924736,0.16831574905765295,0.7905940603047806,0.3927691500924736,3.7360811669932446
robert,NeuralNetFastAI,1000,10,0.0,0.030097445816646144,0.010552198847838647,-0.0008755315790556204,0.030097445816646144,0.010552198847838647,3.4977205000031972
robert,NeuralNetTorch,1000,10,0.0081901987796811,0.14485659758881958,0.08058031570896,0.0081901987796811,0.14485659758881958,0.08058031570896,3.3583836250036256
robert,RandomForest,1000,10,0.05048030944343345,0.4184356603099668,0.20178278082239637,0.05048030944343345,0.4184356603099668,0.20178278082239637,3.380103917006636
robert,XGBoost,1000,10,0.011106271908562887,0.17076775674388045,0.09139590216388871,0.011106271908562887,0.17076775674388045,0.09139590216388871,3.3855139999941457
volcanoes-b1,CatBoost,1018,5,2.0108676042825332e-05,0.0,0.0,2.0108676042825332e-05,-0.008401224073475457,-0.003763222609943649,3.2674815420032246
volcanoes-b1,ExtraTrees,1018,5,0.0018782537671127642,0.013438516737772646,0.007535574533999721,0.0018782537671127642,0.013438516737772646,0.007535574533999721,3.260556541994447
volcanoes-b1,LightGBM,1018,5,0.0016539024315240444,0.008608434114771241,0.00825839026996119,0.0016539024315240444,0.008608434114771241,0.00825839026996119,3.2430722910066834
volcanoes-b1,LinearModel,1018,5,0.0,0.0,0.0,-0.00032543378079839493,-0.009955133497437681,-0.006415037465353334,3.2227196669991827
volcanoes-b1,NeuralNetFastAI,1018,5,0.0,0.0,0.0,-0.00031121527182755953,-0.006150486019208589,-0.005143840839104991,3.329577500000596
volcanoes-b1,NeuralNetTorch,1018,5,5.923669010378135e-05,0.0,0.0,5.923669010378135e-05,-0.0034243747559525367,-0.003526807725005529,3.3564679589908337
volcanoes-b1,RandomForest,1018,5,0.00011848678343850641,0.0,0.0,0.00011848678343850641,-0.00021975701053058642,-9.950313449838517e-05,3.2329800840088865
volcanoes-b1,XGBoost,1018,5,2.6417092468714233e-05,0.0,0.0,2.6417092468714233e-05,-0.006048579553799971,-0.0023110570150205517,3.712213790990063
volcanoes-b2,CatBoost,1067,5,0.0,0.0,0.0,-0.00017750571288111623,-0.00360960100673579,-0.0004936781849827009,3.271955333999358
volcanoes-b2,ExtraTrees,1067,5,0.0015680478495095147,0.030218401849127177,0.017188813664566146,0.0015680478495095147,0.030218401849127177,0.017188813664566146,3.4482275000045775
volcanoes-b2,LightGBM,1067,5,0.0007222541654791556,0.026567033735420405,0.014805446722201208,0.0007222541654791556,0.026567033735420405,0.014805446722201208,3.3421933749923483
volcanoes-b2,LinearModel,1067,5,0.0,0.0036114430927823397,0.002543522908894568,-0.00015238166551559857,0.0036114430927823397,0.002543522908894568,3.373876832993119
volcanoes-b2,NeuralNetFastAI,1067,5,0.0,0.010484729954515742,0.007263086035492083,-3.6583149469801274e-05,0.010484729954515742,0.007263086035492083,3.3255151249904884
volcanoes-b2,NeuralNetTorch,1067,5,7.477167613331647e-05,0.0076030015579536415,0.003301106573016798,7.477167613331647e-05,0.0076030015579536415,0.003301106573016798,3.3461240000033285
volcanoes-b2,RandomForest,1067,5,0.0013320105394995067,0.031241377500857353,0.017456057434708207,0.0013320105394995067,0.031241377500857353,0.017456057434708207,3.3979418329981854
volcanoes-b2,XGBoost,1067,5,0.0,0.006932666240861829,0.004466938409684262,-0.0002660024997164532,0.006932666240861829,0.004466938409684262,3.3158541669981787
volcanoes-b5,CatBoost,999,5,0.0,0.0,0.0,-0.0003942241837541848,-0.015428233718034812,-0.00822532984776326,3.273911499985843
volcanoes-b5,ExtraTrees,999,5,0.0007504908979905906,0.016917108358660903,0.01279315231430549,0.0007504908979905906,0.016917108358660903,0.01279315231430549,3.545463040994946
volcanoes-b5,LightGBM,999,5,0.0,0.0,0.002759315169879301,-7.706482625470901e-05,-0.0035953173871100014,0.002759315169879301,3.4057341249863384
volcanoes-b5,LinearModel,999,5,0.0,0.0,0.0,-0.0005633895671099135,-0.013234932709079527,-0.007870144791356209,3.450965541996993
volcanoes-b5,NeuralNetFastAI,999,5,0.0,0.0,0.0,-0.00037025223975137176,-0.006503063572520315,-0.004791902739102675,3.3810936249938095
volcanoes-b5,NeuralNetTorch,999,5,0.0,0.0,0.0,-0.00032767335479425697,-0.01728294841117562,-0.009438080714648028,3.3044319579930743
volcanoes-b5,RandomForest,999,5,0.0,0.0,0.0,-0.0002453707363243731,-0.009379846197421745,-0.0053927970285635165,3.2764878329908242
volcanoes-b5,XGBoost,999,5,0.0,0.0,0.0,-0.00032649949113265256,-0.0015556281517577675,-0.0009744462219666618,3.66609637500369
volcanoes-b6,CatBoost,1013,5,0.0003825734059746236,0.019723314934190425,0.012122322986449496,0.0003825734059746236,0.019723314934190425,0.012122322986449496,3.3429614579945337
volcanoes-b6,ExtraTrees,1013,5,0.0,0.0,0.0,-0.00034804964421689973,-0.012408696396080561,-0.004869301063789026,3.3285265830054414
volcanoes-b6,LightGBM,1013,5,0.0,0.01771369346568468,0.010533961995276871,-0.0007625655602349267,0.01771369346568468,0.010533961995276871,3.4038190839928575
volcanoes-b6,LinearModel,1013,5,0.0003359783539542192,0.01790391349890591,0.01047401293592917,0.0003359783539542192,0.01790391349890591,0.01047401293592917,3.27610679200734
volcanoes-b6,NeuralNetFastAI,1013,5,0.0,0.006432713657494936,0.005412801350017187,-1.877869612541516e-05,0.006432713657494936,0.005412801350017187,3.248083707992919
volcanoes-b6,NeuralNetTorch,1013,5,0.0008604111793883084,0.01700369865997532,0.011376190745138777,0.0008604111793883084,0.01700369865997532,0.011376190745138777,4.971873250004137
volcanoes-b6,RandomForest,1013,5,0.0,0.0,0.0,-0.00023383794277185438,-0.01091681070945335,-0.005350147094826263,4.127438334006001
volcanoes-b6,XGBoost,1013,5,0.00011863532022332158,0.01784834719257501,0.010358847618563252,0.00011863532022332158,0.01784834719257501,0.010358847618563252,3.826242209004704
volkert,CatBoost,5831,10,0.002572499613943532,0.06877248768986902,0.03754349296699957,0.002572499613943532,0.06877248768986902,0.03754349296699957,4.124654291008483
volkert,ExtraTrees,5831,10,0.0306705223925115,0.28449424100642334,0.14997112474424837,0.0306705223925115,0.28449424100642334,0.14997112474424837,4.633971292001661
volkert,LightGBM,5831,10,0.007331114445648586,0.10652527948654514,0.059191308356101535,0.007331114445648586,0.10652527948654514,0.059191308356101535,4.351357834006194
volkert,LinearModel,5831,10,0.010089032402442013,0.1504220021852259,0.08220377073546795,0.010089032402442013,0.1504220021852259,0.08220377073546795,4.61578570799611
volkert,NeuralNetFastAI,5831,10,0.0006607684135958859,0.03021644716408491,0.020103329626340486,0.0006607684135958859,0.03021644716408491,0.020103329626340486,4.147047916994779
volkert,NeuralNetTorch,5831,10,0.0005521114024482194,0.0394339725503664,0.023230789591602245,0.0005521114024482194,0.0394339725503664,0.023230789591602245,4.021234166997601
volkert,RandomForest,5831,10,0.026559050876989083,0.26228519395733435,0.13680385608597548,0.026559050876989083,0.26228519395733435,0.13680385608597548,4.340100916990195
volkert,XGBoost,5831,10,0.012785649784855706,0.14159691781812248,0.08447041936731332,0.012785649784855706,0.14159691781812248,0.08447041936731332,4.178931875008857
