modality,metric,estimator,spearman,pairwise_accuracy,top1_accuracy,mean_sq_rank_error,spearman_se,n_datasets,rank
binary,brier,Beta-CV,0.6185320766266187,0.7232142857142857,0.2657287157287157,3.6931818181818183,0.048907704009515024,22,4
binary,brier,Debiased-ECE,0.5541753859382014,0.7183441558441559,0.29292929292929293,4.46780303030303,0.060115906865507274,22,9
binary,brier,Isotonic-CV,0.5338171401148055,0.6858766233766234,0.19684343434343435,4.059659090909091,0.06485081489763882,22,10
binary,brier,Isotonic-ECE,0.6594516594516595,0.7727272727272727,0.4393939393939394,3.575757575757576,0.04899885178378872,22,1
binary,brier,Isotonic-IS,0.6212121212121212,0.7548701298701299,0.2727272727272727,3.977272727272727,0.054983711190741094,22,3
binary,brier,KDE-CV,0.44184427056828884,0.5938852813852814,0.17272727272727273,4.480113636363637,0.08991488270889182,17,15
binary,brier,KDE-ECE,0.30663780663780665,0.6195887445887446,0.2121212121212121,7.28030303030303,0.06619501137724243,22,16
binary,brier,Quadratic-CV,0.5826308353385472,0.7251082251082251,0.282521645021645,3.7178030303030307,0.07374126813706103,22,5
binary,brier,Quantile-CV,0.5082911767458365,0.579004329004329,0.14202741702741703,4.476325757575758,0.07581691334546932,13,11
binary,brier,Quantile-ECE,0.5551948051948052,0.737012987012987,0.3333333333333333,4.670454545454546,0.06779241555847194,22,8
binary,brier,Quantile-IS,0.4810050416205499,0.6279761904761905,0.1669191919191919,4.825757575757576,0.06664982677106684,17,14
binary,brier,TS-CV,0.5039774487282882,0.6893939393939393,0.22099567099567097,4.630681818181818,0.08122392098800356,22,12
binary,brier,Uniform-CV,0.5729043771297269,0.6482683982683983,0.17474747474747476,3.833333333333333,0.06746427725458286,18,6
binary,brier,Uniform-ECE,0.5580808080808081,0.7234848484848485,0.2727272727272727,4.640151515151515,0.05620791403133775,22,7
binary,brier,Uniform-IS,0.4990508132502422,0.7002164502164502,0.2303030303030303,5.127840909090909,0.06780453921157832,22,13
binary,brier,WS-CatBoost,0.6255443271292472,0.7456709956709957,0.3113997113997114,3.575757575757576,0.058258897470973625,22,2
binary,l1,Beta-CV,0.6443871233418702,0.7621753246753247,0.34116161616161617,3.6884469696969693,0.060137417998530326,22,5
binary,l1,Isotonic-CV,0.5725674217974472,0.7367424242424242,0.253030303030303,4.429924242424242,0.07660577143237225,22,11
binary,l1,Isotonic-ECE,0.7233044733044734,0.8138528138528138,0.5303030303030303,2.9053030303030303,0.06106269171228144,22,2
binary,l1,Isotonic-IS,0.6302308802308804,0.7651515151515151,0.303030303030303,3.8825757575757573,0.06514892023883558,22,7
binary,l1,KDE-CV,0.5194544372318398,0.7123917748917749,0.25227272727272726,4.954545454545454,0.05778864233815414,22,13
binary,l1,KDE-ECE,0.5642135642135643,0.731060606060606,0.303030303030303,4.575757575757575,0.05711629356474765,22,12
binary,l1,Quadratic-CV,0.6470092456814093,0.7621753246753247,0.32525252525252524,3.664772727272727,0.0533965360488285,22,4
binary,l1,Quantile-CV,0.4231568475379451,0.6647727272727273,0.2656746031746032,5.618371212121212,0.0704870901401747,22,16
binary,l1,Quantile-ECE,0.6352813852813853,0.7705627705627706,0.45454545454545453,3.8295454545454546,0.06357892188208686,22,6
binary,l1,Quantile-IS,0.4589502376049401,0.6915584415584415,0.3479978354978355,5.337121212121212,0.07923203861437367,22,15
binary,l1,Smooth-ECE,0.7251082251082251,0.8127705627705627,0.36363636363636365,2.8863636363636362,0.05845788642386546,22,1
binary,l1,TS-CV,0.4941693969985085,0.7102272727272727,0.22424242424242424,5.15719696969697,0.07384998643496787,22,14
binary,l1,Uniform-CV,0.5884258193483163,0.7321428571428572,0.1965909090909091,4.172348484848485,0.05952393301202862,22,10
binary,l1,Uniform-ECE,0.6980519480519481,0.797077922077922,0.4393939393939394,3.1704545454545454,0.0568616706322823,22,3
binary,l1,Uniform-IS,0.6265215325789962,0.754599567099567,0.3068181818181818,3.915719696969697,0.058486023224846286,22,8
binary,l1,WS-CatBoost,0.619849386564923,0.7527056277056278,0.3785353535353535,3.9393939393939394,0.059763281565159025,22,9
binary,l2,Beta-CV,0.6443871233418702,0.7621753246753247,0.34116161616161617,3.6884469696969693,0.060137417998530326,22,5
binary,l2,Isotonic-CV,0.5725674217974472,0.7367424242424242,0.253030303030303,4.429924242424242,0.07660577143237225,22,11
binary,l2,Isotonic-ECE,0.7233044733044734,0.8138528138528138,0.5303030303030303,2.9053030303030303,0.06106269171228144,22,2
binary,l2,Isotonic-IS,0.6302308802308804,0.7651515151515151,0.303030303030303,3.8825757575757573,0.06514892023883558,22,7
binary,l2,KDE-CV,0.5194544372318398,0.7123917748917749,0.25227272727272726,4.954545454545454,0.05778864233815414,22,13
binary,l2,KDE-ECE,0.5642135642135643,0.731060606060606,0.303030303030303,4.575757575757575,0.05711629356474765,22,12
binary,l2,Quadratic-CV,0.6470092456814093,0.7621753246753247,0.32525252525252524,3.664772727272727,0.0533965360488285,22,4
binary,l2,Quantile-CV,0.4231568475379451,0.6647727272727273,0.2656746031746032,5.618371212121212,0.0704870901401747,22,16
binary,l2,Quantile-ECE,0.6352813852813853,0.7705627705627706,0.45454545454545453,3.8295454545454546,0.06357892188208686,22,6
binary,l2,Quantile-IS,0.4589502376049401,0.6915584415584415,0.3479978354978355,5.337121212121212,0.07923203861437367,22,15
binary,l2,Smooth-ECE,0.7251082251082251,0.8127705627705627,0.36363636363636365,2.8863636363636362,0.05845788642386546,22,1
binary,l2,TS-CV,0.4941693969985085,0.7102272727272727,0.22424242424242424,5.15719696969697,0.07384998643496787,22,14
binary,l2,Uniform-CV,0.5884258193483163,0.7321428571428572,0.1965909090909091,4.172348484848485,0.05952393301202862,22,10
binary,l2,Uniform-ECE,0.6980519480519481,0.797077922077922,0.4393939393939394,3.1704545454545454,0.0568616706322823,22,3
binary,l2,Uniform-IS,0.6265215325789962,0.754599567099567,0.3068181818181818,3.915719696969697,0.058486023224846286,22,8
binary,l2,WS-CatBoost,0.619849386564923,0.7527056277056278,0.3785353535353535,3.9393939393939394,0.059763281565159025,22,9
multiclass,brier,KDE-CV,0.5542471966562874,0.572562358276644,0.1392857142857143,4.484126984126984,0.05439677273221246,11,3
multiclass,brier,KDE-ECE,0.39682539682539686,0.6678004535147393,0.19047619047619047,6.333333333333333,0.094380746699921,21,5
multiclass,brier,SMS-CV,0.6363213671238216,0.7440476190476191,0.3077286470143613,3.487103174603175,0.06463020062817752,21,2
multiclass,brier,TS-CV,0.4859786913726425,0.6952947845804989,0.2036281179138322,4.872023809523809,0.08693715160545279,21,4
multiclass,brier,WS-CatBoost,0.7867259113492747,0.8163265306122449,0.3848261526832955,2.109126984126984,0.03224048147349376,21,1
multiclass,l1,KDE-CV,0.7099950037482233,0.7939342403628118,0.27645502645502645,3.0218253968253967,0.04318383717788097,21,3
multiclass,l1,KDE-ECE,0.706727135298564,0.8010204081632654,0.42857142857142855,3.0793650793650795,0.04826183758011226,21,4
multiclass,l1,SMS-CV,0.7349278268252523,0.8089569160997732,0.33730158730158727,2.7638888888888893,0.0523307684154432,21,2
multiclass,l1,TS-CV,0.5998849023166847,0.7522675736961452,0.18121693121693122,4.119047619047619,0.07031509644565037,21,5
multiclass,l1,WS-CatBoost,0.8153751442711374,0.8489229024943311,0.3708994708994709,1.9226190476190477,0.030416027246158342,21,1
multiclass,l2,KDE-CV,0.7083940705907421,0.7976190476190477,0.2698412698412698,3.0376984126984126,0.045967435138990334,21,3
multiclass,l2,KDE-ECE,0.6587301587301588,0.778344671201814,0.4603174603174603,3.5833333333333335,0.058613600092693716,21,4
multiclass,l2,SMS-CV,0.7185956041104868,0.8041383219954649,0.34523809523809523,2.9345238095238093,0.056513850792705815,21,2
multiclass,l2,TS-CV,0.6151889097072809,0.7573696145124716,0.21428571428571427,3.962301587301587,0.06968861375920518,21,5
multiclass,l2,WS-CatBoost,0.8160515738280147,0.8477891156462585,0.42248677248677247,1.9176587301587302,0.027422600503132135,21,1
