modality,metric,estimator,norm_abs_error,avg_rank,nmae,mae,median_ratio,overestimation_rate,time_per_1k,n_experiments,n_draws,underestimation_rate,rank
binary,brier,Beta-CV,0.1443368761845318,6.128787878787879,43.424101412070755,0.0005594942405041199,0.2416746243204713,0.17803030303030304,0.0034604250210282534,176,3,0.821969696969697,4
binary,brier,Debiased-ECE,0.13621193990866656,6.130681818181818,35.13725218727732,0.00045272301755581616,0.7576054756489624,0.38257575757575757,5.337299932706344e-05,176,3,0.6174242424242424,2
binary,brier,Isotonic-CV,0.178592601088746,7.527462121212121,41.03538295357426,0.0005287169952358238,0.0,0.11742424242424243,0.005628315028845302,176,3,0.8825757575757576,7
binary,brier,Isotonic-ECE,0.2144092742755556,9.111742424242424,62.2279335506295,0.0008017706593318779,2.1836122319917366,0.9261363636363636,0.0012299317410577435,176,3,0.07386363636363635,9
binary,brier,Isotonic-IS,0.548129470693715,13.923295454545455,134.9880219376567,0.0017392419959246122,4.235739251205453,0.9848484848484849,0.0012873341012894584,176,3,0.015151515151515138,15
binary,brier,KDE-CV,0.23030698099104485,8.739583333333334,59.22985112012597,0.0007631421144022861,0.0,0.022727272727272728,0.04113435876795151,176,3,0.9772727272727273,10
binary,brier,KDE-ECE,0.8331997933087686,14.263257575757576,289.0124339172872,0.003723756783735107,7.0932865428380785,0.9829545454545454,0.046844536092204354,176,3,0.017045454545454586,16
binary,brier,Quadratic-CV,0.14085212955257087,5.956439393939394,43.2971068776689,0.000557857989936743,0.26220568483389123,0.18371212121212122,0.003622590483117091,176,3,0.8162878787878788,3
binary,brier,Quantile-CV,0.24450759588132284,9.25189393939394,54.12851946013054,0.000697414428857701,0.0,0.01893939393939394,0.0007263916174868959,176,3,0.9810606060606061,13
binary,brier,Quantile-ECE,0.16989347060402454,6.263257575757576,41.702735275658775,0.0005373154409940944,1.1935233221386405,0.5700757575757576,9.774332211682775e-05,176,3,0.42992424242424243,6
binary,brier,Quantile-IS,0.23837450185911274,8.730113636363637,52.25301378084358,0.000673249631165373,0.0,0.1875,0.00020035623038401317,176,3,0.8125,11
binary,brier,TS-CV,0.16981542895522705,6.412878787878788,52.175932144422895,0.000672256479200828,0.1183764807614478,0.10037878787878787,0.006589696146334252,176,3,0.8996212121212122,5
binary,brier,Uniform-CV,0.21048086879068328,8.522727272727273,45.10208814742846,0.0005811141217117016,0.0,0.026515151515151516,0.0005154077622638929,176,3,0.9734848484848485,8
binary,brier,Uniform-ECE,0.26564066250709883,10.143939393939394,78.601908989423,0.0010127397906266552,2.4559339161582203,0.8958333333333334,5.367266656258443e-05,176,3,0.10416666666666663,14
binary,brier,Uniform-IS,0.2388715736255128,9.178030303030303,70.25166391986922,0.0009051517491637039,2.0950112980955717,0.7992424242424242,0.00014237657870192345,176,3,0.2007575757575758,12
binary,brier,WS-CatBoost,0.13425463810093405,5.715909090909091,29.11990014721208,0.00037519294324168495,0.36668152673484705,0.1875,1.6207051491099689,176,3,0.8125,1
binary,l1,Beta-CV,0.2525382132719516,6.584280303030303,29.01204592629067,0.004735981440659869,0.8123939177923665,0.29734848484848486,0.0034604250210282534,176,3,0.7026515151515151,1
binary,l1,Isotonic-CV,0.29955366866110794,7.669507575757576,32.975561351543234,0.005382993221264934,0.7300199915563856,0.2784090909090909,0.005628315028845302,176,3,0.7215909090909092,8
binary,l1,Isotonic-ECE,0.2895449351644136,8.374053030303031,35.080979407548966,0.005726685660722898,1.387791825871867,0.9090909090909091,0.0012299317410577435,176,3,0.09090909090909094,7
binary,l1,Isotonic-IS,0.6372702470110344,13.209280303030303,76.21343966865324,0.012441226541438229,1.961661982140978,0.9791666666666666,0.0012873341012894584,176,3,0.02083333333333337,15
binary,l1,KDE-CV,0.34984265245114904,8.392045454545455,37.70641797925444,0.006155267236140919,0.642515576782844,0.24053030303030304,0.04113435876795151,176,3,0.759469696969697,13
binary,l1,KDE-ECE,0.7685318631096716,13.441287878787879,88.1482897575907,0.01438949412180368,2.1747064599352575,0.9640151515151515,0.046844536092204354,176,3,0.03598484848484851,16
binary,l1,Quadratic-CV,0.2582211920388241,6.755681818181818,29.630309182030395,0.0048369079079646745,0.8047683867905999,0.3087121212121212,0.003622590483117091,176,3,0.6912878787878788,3
binary,l1,Quantile-CV,0.42070885943133746,9.356060606060606,42.539229186723844,0.006944184510122173,0.47048966632191713,0.12878787878787878,0.0007263916174868959,176,3,0.8712121212121212,14
binary,l1,Quantile-ECE,0.25483370829634877,6.740530303030303,29.889063582568145,0.004879147467413508,1.1754293764925547,0.6912878787878788,9.774332211682775e-05,176,3,0.3087121212121212,2
binary,l1,Quantile-IS,0.33873006195352084,8.041666666666666,35.31576392506428,0.005765012330973311,0.8872840914646196,0.4034090909090909,0.00020035623038401317,176,3,0.5965909090909092,11
binary,l1,Smooth-ECE,0.33602990520774645,8.999053030303031,38.409695121345706,0.0062700715316065594,1.4815995746126225,0.8503787878787878,0.0012696839379109344,176,3,0.14962121212121215,10
binary,l1,TS-CV,0.32148269830122356,7.65719696969697,37.931349242074276,0.006191985442393778,0.681064537567288,0.2518939393939394,0.006589696146334252,176,3,0.7481060606060606,9
binary,l1,Uniform-CV,0.34105412233410615,8.381628787878787,36.8999170357059,0.0060236124914109295,0.5378085714831995,0.17992424242424243,0.0005154077622638929,176,3,0.8200757575757576,12
binary,l1,Uniform-ECE,0.2863159142389586,8.088068181818182,35.65126824648974,0.005819780693176002,1.3226512299546929,0.8181818181818182,5.367266656258443e-05,176,3,0.18181818181818177,6
binary,l1,Uniform-IS,0.27745792535773217,7.339015151515151,33.38754697337751,0.005450246536104675,1.2132572351769393,0.7007575757575758,0.00014237657870192345,176,3,0.2992424242424242,5
binary,l1,WS-CatBoost,0.2677542387708078,6.9706439393939394,29.751606136188528,0.0048567086529780045,0.840394925634421,0.3352272727272727,1.6207051491099689,176,3,0.6647727272727273,4
binary,l2,Beta-CV,0.2525382132719516,6.584280303030303,29.01204592629067,0.004735981440659869,0.8123939177923665,0.29734848484848486,0.0034604250210282534,176,3,0.7026515151515151,1
binary,l2,Isotonic-CV,0.29955366866110794,7.669507575757576,32.975561351543234,0.005382993221264934,0.7300199915563856,0.2784090909090909,0.005628315028845302,176,3,0.7215909090909092,8
binary,l2,Isotonic-ECE,0.2895449351644136,8.374053030303031,35.080979407548966,0.005726685660722898,1.387791825871867,0.9090909090909091,0.0012299317410577435,176,3,0.09090909090909094,7
binary,l2,Isotonic-IS,0.6372702470110344,13.209280303030303,76.21343966865324,0.012441226541438229,1.961661982140978,0.9791666666666666,0.0012873341012894584,176,3,0.02083333333333337,15
binary,l2,KDE-CV,0.34984265245114904,8.392045454545455,37.70641797925444,0.006155267236140919,0.642515576782844,0.24053030303030304,0.04113435876795151,176,3,0.759469696969697,13
binary,l2,KDE-ECE,0.7685318631096716,13.441287878787879,88.1482897575907,0.01438949412180368,2.1747064599352575,0.9640151515151515,0.046844536092204354,176,3,0.03598484848484851,16
binary,l2,Quadratic-CV,0.2582211920388241,6.755681818181818,29.630309182030395,0.0048369079079646745,0.8047683867905999,0.3087121212121212,0.003622590483117091,176,3,0.6912878787878788,3
binary,l2,Quantile-CV,0.42070885943133746,9.356060606060606,42.539229186723844,0.006944184510122173,0.47048966632191713,0.12878787878787878,0.0007263916174868959,176,3,0.8712121212121212,14
binary,l2,Quantile-ECE,0.25483370829634877,6.740530303030303,29.889063582568145,0.004879147467413508,1.1754293764925547,0.6912878787878788,9.774332211682775e-05,176,3,0.3087121212121212,2
binary,l2,Quantile-IS,0.33873006195352084,8.041666666666666,35.31576392506428,0.005765012330973311,0.8872840914646196,0.4034090909090909,0.00020035623038401317,176,3,0.5965909090909092,11
binary,l2,Smooth-ECE,0.33602990520774645,8.999053030303031,38.409695121345706,0.0062700715316065594,1.4815995746126225,0.8503787878787878,0.0012696839379109344,176,3,0.14962121212121215,10
binary,l2,TS-CV,0.32148269830122356,7.65719696969697,37.931349242074276,0.006191985442393778,0.681064537567288,0.2518939393939394,0.006589696146334252,176,3,0.7481060606060606,9
binary,l2,Uniform-CV,0.34105412233410615,8.381628787878787,36.8999170357059,0.0060236124914109295,0.5378085714831995,0.17992424242424243,0.0005154077622638929,176,3,0.8200757575757576,12
binary,l2,Uniform-ECE,0.2863159142389586,8.088068181818182,35.65126824648974,0.005819780693176002,1.3226512299546929,0.8181818181818182,5.367266656258443e-05,176,3,0.18181818181818177,6
binary,l2,Uniform-IS,0.27745792535773217,7.339015151515151,33.38754697337751,0.005450246536104675,1.2132572351769393,0.7007575757575758,0.00014237657870192345,176,3,0.2992424242424242,5
binary,l2,WS-CatBoost,0.2677542387708078,6.9706439393939394,29.751606136188528,0.0048567086529780045,0.840394925634421,0.3352272727272727,1.6207051491099689,176,3,0.6647727272727273,4
multiclass,brier,KDE-CV,0.29633880679036695,3.4464285714285716,87.95494787863545,0.015416111009674709,0.0,0.00992063492063492,0.04496072412025164,168,3,0.9900793650793651,4
multiclass,brier,KDE-ECE,0.9612392326693111,4.777777777777778,294.5009842885311,0.05161801553808046,7.470859610104981,0.9861111111111112,0.0430720034979984,168,3,0.01388888888888884,5
multiclass,brier,SMS-CV,0.17761938243318307,2.310515873015873,58.07037444665778,0.010178157800494879,0.13795974638309053,0.051587301587301584,0.09881432206889004,168,3,0.9484126984126984,2
multiclass,brier,TS-CV,0.20582165468462926,2.4593253968253967,63.03460922445748,0.01104825318749058,0.039063084912626465,0.027777777777777776,0.011667497591087168,168,3,0.9722222222222222,3
multiclass,brier,WS-CatBoost,0.15737893374546597,2.005952380952381,44.302676303811204,0.0077650546376042545,0.29999894620550804,0.047619047619047616,2.403395752792833,168,3,0.9523809523809523,1
multiclass,l1,KDE-CV,0.4215124747123002,3.1567460317460316,45.01263385019628,0.05049053843608902,0.4967343550714665,0.047619047619047616,0.04496072412025164,168,3,0.9523809523809523,4
multiclass,l1,KDE-ECE,0.9009409976082964,4.434523809523809,110.86742985551045,0.12435966860014445,2.3434716459287372,0.9861111111111112,0.0430720034979984,168,3,0.01388888888888884,5
multiclass,l1,SMS-CV,0.32589855561261083,2.509920634920635,38.25793629434111,0.04291381413901536,0.654806310796346,0.1111111111111111,0.09881432206889004,168,3,0.8888888888888888,2
multiclass,l1,TS-CV,0.36988867278035115,2.681547619047619,44.682594395144655,0.05012033415419412,0.5520697524510061,0.08134920634920635,0.011667497591087168,168,3,0.9186507936507936,3
multiclass,l1,WS-CatBoost,0.2830229396410941,2.2172619047619047,26.561732941076148,0.02979421738469741,0.7186314540146879,0.09722222222222222,2.403395752792833,168,3,0.9027777777777778,1
multiclass,l2,KDE-CV,0.4075040917253164,3.074404761904762,43.20051531650204,0.02813561668032731,0.49941743696735297,0.051587301587301584,0.04496072412025164,168,3,0.9484126984126984,4
multiclass,l2,KDE-ECE,0.9114384403901089,4.496031746031746,115.66441815880472,0.07532988227170806,2.398744547735211,0.9861111111111112,0.0430720034979984,168,3,0.01388888888888884,5
multiclass,l2,SMS-CV,0.3191430379501563,2.482142857142857,38.190900696248235,0.02487295660234014,0.6684905743929858,0.10317460317460317,0.09881432206889004,168,3,0.8968253968253969,2
multiclass,l2,TS-CV,0.36782067162607146,2.7261904761904763,44.948992870948,0.029274364537514468,0.5548845442578145,0.07936507936507936,0.011667497591087168,168,3,0.9206349206349207,3
multiclass,l2,WS-CatBoost,0.2804160761528673,2.2212301587301586,26.97843877074428,0.017570508275798105,0.7095238633327778,0.10317460317460317,2.403395752792833,168,3,0.8968253968253969,1
