dataset,model,test_size,true_brier,true_l1,true_l2,Debiased-ECE_brier_draw0,Debiased-ECE_brier_draw0_unclipped,Debiased-ECE_brier_draw1,Debiased-ECE_brier_draw1_unclipped,Debiased-ECE_brier_draw2,Debiased-ECE_brier_draw2_unclipped,Debiased-ECE_brier,Debiased-ECE_brier_unclipped,Debiased-ECE_l1_draw0,Debiased-ECE_l1_draw0_unclipped,Debiased-ECE_l1_draw1,Debiased-ECE_l1_draw1_unclipped,Debiased-ECE_l1_draw2,Debiased-ECE_l1_draw2_unclipped,Debiased-ECE_l1,Debiased-ECE_l1_unclipped,Debiased-ECE_l2_draw0,Debiased-ECE_l2_draw0_unclipped,Debiased-ECE_l2_draw1,Debiased-ECE_l2_draw1_unclipped,Debiased-ECE_l2_draw2,Debiased-ECE_l2_draw2_unclipped,Debiased-ECE_l2,Debiased-ECE_l2_unclipped,Debiased-ECE_time
2dplanes,CatBoost,4077,0.0010357467002906422,0.016759806470045092,0.016759806470045092,0.0006251038398107692,0.0006251038398107692,0.0011696867653618462,0.0011696867653618462,0.0006947345839528028,0.0006947345839528028,0.0008298417297084728,0.0008298417297084728,,,,,,,,,,,,,,,,,0.0002579166660628592
2dplanes,ExtraTrees,4077,0.00060943821379165,0.013471089267672749,0.013471089267672749,0.00019256714652665392,0.00019256714652665392,0.0004930643549212684,0.0004930643549212684,9.648065499119886e-05,9.648065499119886e-05,0.0002607040521463737,0.0002607040521463737,,,,,,,,,,,,,,,,,0.00019190266660492247
2dplanes,LightGBM,4077,0.0006452912859289947,0.014063984582822505,0.014063984582822505,0.000688297186538872,0.000688297186538872,0.0003907975271826164,0.0003907975271826164,0.0003568283161818636,0.0003568283161818636,0.00047864100996778395,0.00047864100996778395,,,,,,,,,,,,,,,,,0.0001837223329251477
2dplanes,LinearModel,4077,0.006020850286611491,0.05546835795935246,0.05546835795935246,0.00046818400422184625,0.00046818400422184625,0.0005917077729790857,0.0005917077729790857,0.0,-4.4896399574000527e-05,0.0003532972590669773,0.00033833179254231046,,,,,,,,,,,,,,,,,0.00020451400026407404
2dplanes,NeuralNetFastAI,4077,0.0003691270459463433,0.010036207619855754,0.010036207619855754,0.0,-8.796265867275118e-05,0.00040098608104458135,0.00040098608104458135,0.0,-6.473628918108316e-05,0.00013366202701486045,8.2762377730249e-05,,,,,,,,,,,,,,,,,0.00018676366623064192
2dplanes,NeuralNetTorch,4077,0.0003406932270880549,0.009938694772379074,0.009938694772379074,0.0002391526504960465,0.0002391526504960465,5.68112092456341e-05,5.68112092456341e-05,0.00027566830435347744,0.00027566830435347744,0.00019054405469838605,0.00019054405469838605,,,,,,,,,,,,,,,,,0.00018726399988130046
2dplanes,RandomForest,4077,0.000662710189717478,0.012572317079092885,0.012572317079092885,0.0,-9.962872202221852e-05,0.0002608837836540758,0.0002608837836540758,0.0003779107705443574,0.0003779107705443574,0.00021293151806614443,0.00017972194405873826,,,,,,,,,,,,,,,,,0.0001875000004171549
2dplanes,XGBoost,4077,0.0007391555875778144,0.013616694989012785,0.013616694989012785,0.0008554557571300562,0.0008554557571300562,0.0005119215168449114,0.0005119215168449114,0.00047052292294976454,0.00047052292294976454,0.0006126333989749107,0.0006126333989749107,,,,,,,,,,,,,,,,,0.00019929166592191905
APSFailure,CatBoost,7600,0.00023072929039153674,0.0018584471185175446,0.0018584471185175446,0.0001840724826720303,0.0001840724826720303,0.00010679038058784195,0.00010679038058784195,0.0005416251351506185,0.0005416251351506185,0.0002774959994701636,0.0002774959994701636,,,,,,,,,,,,,,,,,0.0002923333328605319
APSFailure,ExtraTrees,7600,0.0006226824370906533,0.0051914377608753915,0.0051914377608753915,0.000998402217585936,0.000998402217585936,0.0004036691529744933,0.0004036691529744933,0.0008635334921116081,0.0008635334921116081,0.0007552016208906791,0.0007552016208906791,,,,,,,,,,,,,,,,,0.0002917359997809399
APSFailure,LightGBM,7600,0.00045686417862927437,0.0026085678974425864,0.0026085678974425864,0.000364718318347142,0.000364718318347142,0.0002967743028045902,0.0002967743028045902,0.0006171490332301245,0.0006171490332301245,0.0004262138847939522,0.0004262138847939522,,,,,,,,,,,,,,,,,0.0002891250005632173
APSFailure,LinearModel,7600,0.0003803322741956466,0.0034943082985187082,0.0034943082985187082,0.0002014037055801982,0.0002014037055801982,0.0007447316636267076,0.0007447316636267076,0.00044609068094921033,0.00044609068094921033,0.0004640753500520387,0.0004640753500520387,,,,,,,,,,,,,,,,,0.00030645833370120573
APSFailure,NeuralNetFastAI,7600,0.0005370516703016731,0.002903728571302389,0.002903728571302389,0.0004903347540543394,0.0004903347540543394,0.0005142153084597768,0.0005142153084597768,0.00040976339459894055,0.00040976339459894055,0.0004714378190376856,0.0004714378190376856,,,,,,,,,,,,,,,,,0.0002966526675057442
APSFailure,NeuralNetTorch,7600,0.0003528082933513664,0.0026576990019937415,0.0026576990019937415,0.0004883668436580883,0.0004883668436580883,0.00035162022363489876,0.00035162022363489876,0.00023330611703916297,0.00023330611703916297,0.00035776439477738336,0.00035776439477738336,,,,,,,,,,,,,,,,,0.0002854859994840808
APSFailure,RandomForest,7600,0.0007705903281132056,0.0069554844467050935,0.0069554844467050935,0.0009171900780734019,0.0009171900780734019,0.0007300860580056338,0.0007300860580056338,0.0010565303256911448,0.0010565303256911448,0.0009012688205900602,0.0009012688205900602,,,,,,,,,,,,,,,,,0.00029490266630697687
APSFailure,XGBoost,7600,0.0004522037960324727,0.00276524990062937,0.00276524990062937,0.0001659464110607705,0.0001659464110607705,6.562143755260451e-05,6.562143755260451e-05,0.0007898586008472649,0.0007898586008472649,0.00034047548315354665,0.00034047548315354665,,,,,,,,,,,,,,,,,0.00029405566723047133
Amazon_employee_access,CatBoost,3277,6.587767880525423e-05,0.007047274838570309,0.007047274838570309,0.0004169546088191179,0.0004169546088191179,0.0,-6.640993220442607e-05,0.0,-0.0002045816511301427,0.00013898486960637262,4.865434182818303e-05,,,,,,,,,,,,,,,,,0.00015388866692471007
Amazon_employee_access,ExtraTrees,3277,0.0011848128098959204,0.021936008014946693,0.021936008014946693,0.0013791757716091909,0.0013791757716091909,0.0020337104863074047,0.0020337104863074047,0.0011491856474936627,0.0011491856474936627,0.0015206906351367528,0.0015206906351367528,,,,,,,,,,,,,,,,,0.0001505136666916466
Amazon_employee_access,LightGBM,3277,0.00011584613744030146,0.006122729817486624,0.006122729817486624,0.0005951299545723364,0.0005951299545723364,0.0,-0.00047486615751650597,0.0005394666979270132,0.0005394666979270132,0.00037819888416644985,0.0002199101649942812,,,,,,,,,,,,,,,,,0.00014702766687454036
Amazon_employee_access,LinearModel,3277,0.000577567983805529,0.015529851627251633,0.015529851627251633,0.0014271065915176097,0.0014271065915176097,0.0012848137512564565,0.0012848137512564565,0.0012264113787970995,0.0012264113787970995,0.0013127772405237218,0.0013127772405237218,,,,,,,,,,,,,,,,,0.0001502500005396238
Amazon_employee_access,NeuralNetFastAI,3277,0.0003750018116364677,0.009594039574861163,0.009594039574861163,0.0,-5.1388895876389766e-05,0.0006012122488816722,0.0006012122488816722,0.001692158115457758,0.001692158115457758,0.0007644567881131434,0.0007473271561543468,,,,,,,,,,,,,,,,,0.00014761099979902306
Amazon_employee_access,NeuralNetTorch,3277,0.001192830126488589,0.0172959970043751,0.0172959970043751,0.0006663574336417943,0.0006663574336417943,0.0005282303302354669,0.0005282303302354669,0.00046035573181074587,0.00046035573181074587,0.0005516478318960023,0.0005516478318960023,,,,,,,,,,,,,,,,,0.0001565416666077605
Amazon_employee_access,RandomForest,3277,0.0010407990874690906,0.019401031244190358,0.019401031244190358,0.0013972266090650277,0.0013972266090650277,0.0018467380715443417,0.0018467380715443417,0.0006983327087937318,0.0006983327087937318,0.0013140991298010336,0.0013140991298010336,,,,,,,,,,,,,,,,,0.00015279166594458124
Amazon_employee_access,XGBoost,3277,6.127144786686918e-05,0.006959118745905035,0.006959118745905035,0.0,-5.3932554699055526e-05,0.00022780123416061058,0.00022780123416061058,0.00021153247096268439,0.00021153247096268439,0.00014644456837443166,0.00012846705014141313,,,,,,,,,,,,,,,,,0.0001473193333367817
Click_prediction_small,CatBoost,3995,0.00038633628898235186,0.01768859708588454,0.01768859708588454,0.00044550553644675346,0.00044550553644675346,0.0,-0.00011725506674036129,0.0,-0.00025926594721914275,0.00014850184548225115,2.299484082908313e-05,,,,,,,,,,,,,,,,,0.00017951399907663776
Click_prediction_small,ExtraTrees,3995,0.0008215564260373532,0.023610837407146718,0.023610837407146718,0.001014818128215001,0.001014818128215001,0.001215303801722475,0.001215303801722475,0.0006681462470066316,0.0006681462470066316,0.0009660893923147026,0.0009660893923147026,,,,,,,,,,,,,,,,,0.0001755833339605791
Click_prediction_small,LightGBM,3995,0.0004458847215889114,0.01815457796381882,0.01815457796381882,0.000910204471417635,0.000910204471417635,0.0006172588382856056,0.0006172588382856056,0.0,-0.00015680368888290966,0.0005091544365677468,0.0004568865402734437,,,,,,,,,,,,,,,,,0.00017948599997907877
Click_prediction_small,LinearModel,3995,0.003433357252839177,0.038138102764381475,0.038138102764381475,0.0031967058320258195,0.0031967058320258195,0.0025438884505938077,0.0025438884505938077,0.0021325378426868807,0.0021325378426868807,0.002624377375102169,0.002624377375102169,,,,,,,,,,,,,,,,,0.00017738900108573338
Click_prediction_small,NeuralNetFastAI,3995,0.0006152494557119272,0.02168230629401941,0.02168230629401941,0.0007885277746150586,0.0007885277746150586,0.00013100407023462939,0.00013100407023462939,1.1362528229949423e-05,1.1362528229949423e-05,0.0003102981243598792,0.0003102981243598792,,,,,,,,,,,,,,,,,0.00018594433398296437
Click_prediction_small,NeuralNetTorch,3995,0.000906484864703196,0.025087184047802014,0.025087184047802014,0.0012996544562678281,0.0012996544562678281,0.0004191360616410521,0.0004191360616410521,0.0005325661439382022,0.0005325661439382022,0.0007504522206156942,0.0007504522206156942,,,,,,,,,,,,,,,,,0.00017843066598288715
Click_prediction_small,RandomForest,3995,0.0011413213978873715,0.02535429986824517,0.02535429986824517,0.0015754609447953868,0.0015754609447953868,0.0018019353060222116,0.0018019353060222116,0.00046381975911925956,0.00046381975911925956,0.0012804053366456192,0.0012804053366456192,,,,,,,,,,,,,,,,,0.0001788333332418309
Click_prediction_small,XGBoost,3995,0.00047790328474461684,0.018971117007725632,0.018971117007725632,0.001005977583958369,0.001005977583958369,0.00024052433219737428,0.00024052433219737428,0.00023014013152254515,0.00023014013152254515,0.0004922140158927628,0.0004922140158927628,,,,,,,,,,,,,,,,,0.00017577799978122735
PhishingWebsites,CatBoost,1106,0.00011501653449411958,0.003910267557744939,0.003910267557744939,0.0,-0.0010136814558231008,0.0006149543979829706,0.0006149543979829706,0.0017773182945992636,0.0017773182945992636,0.0007974242308607447,0.00045953041225304446,,,,,,,,,,,,,,,,,7.391666683057944e-05
PhishingWebsites,ExtraTrees,1106,0.0066681586143801565,0.05625384704162044,0.05625384704162044,0.00503421895909891,0.00503421895909891,0.005459815666156954,0.005459815666156954,0.007401858018789157,0.007401858018789157,0.005965297548015007,0.005965297548015007,,,,,,,,,,,,,,,,,7.35140007842953e-05
PhishingWebsites,LightGBM,1106,9.452185636811948e-05,0.0038107923112926127,0.0038107923112926127,0.0,-0.00029319899636684693,0.0,-0.0004012771690715669,0.0011133049364840878,0.0011133049364840878,0.0003711016454946959,0.000139609590348558,,,,,,,,,,,,,,,,,7.131933307391591e-05
PhishingWebsites,LinearModel,1106,0.00021872736660312296,0.00902476140604523,0.00902476140604523,0.0,-0.00026220655547519434,0.0007743841029880403,0.0007743841029880403,0.00027795275191525736,0.00027795275191525736,0.0003507789516344326,0.00026337676647603445,,,,,,,,,,,,,,,,,7.37363334337715e-05
PhishingWebsites,NeuralNetFastAI,1106,4.744237505240245e-05,0.003141969719634052,0.003141969719634052,0.0,-0.0008325458175275085,0.00175677314225435,0.00175677314225435,0.0,-0.0015410196085687666,0.0005855910474181166,-0.0002055974279473084,,,,,,,,,,,,,,,,,7.240266616766651e-05
PhishingWebsites,NeuralNetTorch,1106,0.00011321565322257829,0.004358799474228134,0.004358799474228134,0.0,-0.0008805021159730068,0.0,-0.0007796652121882404,0.0003287105754902312,0.0003287105754902312,0.00010957019183007707,-0.0004438189175570053,,,,,,,,,,,,,,,,,7.283333373682883e-05
PhishingWebsites,RandomForest,1106,0.005133421861791541,0.04618638428999584,0.04618638428999584,0.0032642392727241483,0.0032642392727241483,0.005233739577467586,0.005233739577467586,0.004712029412840744,0.004712029412840744,0.004403336087677493,0.004403336087677493,,,,,,,,,,,,,,,,,7.255566742969677e-05
PhishingWebsites,XGBoost,1106,8.611671452407753e-05,0.0031778621042838112,0.0031778621042838112,0.002011931224830158,0.002011931224830158,0.0,-0.0012047420497611051,0.000726799457274941,0.000726799457274941,0.0009129102273683663,0.0005113295441146647,,,,,,,,,,,,,,,,,7.169433350403172e-05
Run_or_walk_information,CatBoost,8859,0.00010483370935025374,0.001972443140557718,0.001972443140557718,0.0,-2.527232391327399e-05,7.886864046295491e-06,7.886864046295491e-06,0.0,-7.11564643386653e-05,2.628954682098497e-06,-2.9513974735214598e-05,,,,,,,,,,,,,,,,,0.00032862500059612404
Run_or_walk_information,ExtraTrees,8859,0.002147695508629922,0.02022570610150847,0.02022570610150847,0.0019330751012540369,0.0019330751012540369,0.001991951701177766,0.001991951701177766,0.002347819148925745,0.002347819148925745,0.002090948650452516,0.002090948650452516,,,,,,,,,,,,,,,,,0.0003449026674691898
Run_or_walk_information,LightGBM,8859,0.00010954628564335039,0.0022700646441504158,0.0022700646441504158,0.0,-0.00015170722488340693,8.336634837924979e-05,8.336634837924979e-05,0.00017462176248481172,0.00017462176248481172,8.599603695468718e-05,3.5426961993551525e-05,,,,,,,,,,,,,,,,,0.00033474999994117144
Run_or_walk_information,LinearModel,8859,0.046580505774797464,0.15507859029528043,0.15507859029528043,0.036319233020402894,0.036319233020402894,0.03854601014404927,0.03854601014404927,0.03833991507046091,0.03833991507046091,0.03773505274497103,0.03773505274497103,,,,,,,,,,,,,,,,,0.00036934733361704275
Run_or_walk_information,NeuralNetFastAI,8859,0.0001224129144028694,0.003099597334877249,0.003099597334877249,0.0,-3.2336968629102935e-05,0.0,-0.00011763319498176559,0.0,-0.0001492703057902465,0.0,-9.974682313370501e-05,,,,,,,,,,,,,,,,,0.0003389583325770218
Run_or_walk_information,NeuralNetTorch,8859,7.932355281150218e-05,0.0019208274511967615,0.0019208274511967615,0.0,-0.00010795994469722141,0.0,-2.154517079534468e-05,0.00013009162173258337,0.00013009162173258337,4.336387391086112e-05,1.9550208000576123e-07,,,,,,,,,,,,,,,,,0.00033888866649552557
Run_or_walk_information,RandomForest,8859,0.0007853873470846317,0.010882730248931247,0.010882730248931247,0.0005959039011424828,0.0005959039011424828,0.0008950049294765835,0.0008950049294765835,0.0006816596186310281,0.0006816596186310281,0.0007241894830833647,0.0007241894830833647,,,,,,,,,,,,,,,,,0.0003408333335149412
Run_or_walk_information,XGBoost,8859,9.801705724564982e-06,0.0010685539641082551,0.0010685539641082551,7.48131603555665e-05,7.48131603555665e-05,0.00013508608359926464,0.00013508608359926464,4.358871587569428e-06,4.358871587569428e-06,7.141937184746687e-05,7.141937184746687e-05,,,,,,,,,,,,,,,,,0.000333319333246133
adult,CatBoost,4885,0.0006152181577692995,0.01687512706217434,0.01687512706217434,0.0005719182929264621,0.0005719182929264621,0.00037886772561952493,0.00037886772561952493,0.000563421457897477,0.000563421457897477,0.0005047358254811548,0.0005047358254811548,,,,,,,,,,,,,,,,,0.0002226806670175089
adult,ExtraTrees,4885,0.0011370991685457355,0.025229521107036034,0.025229521107036034,0.0012727497450436404,0.0012727497450436404,0.0016889850678521484,0.0016889850678521484,0.0005878254672240455,0.0005878254672240455,0.0011831867600399447,0.0011831867600399447,,,,,,,,,,,,,,,,,0.0002309166666236706
adult,LightGBM,4885,0.0004237835510739854,0.013610577703054249,0.013610577703054249,0.00020878818618055622,0.00020878818618055622,0.0005152342797016343,0.0005152342797016343,0.00018237051435052897,0.00018237051435052897,0.0003021309934109065,0.0003021309934109065,,,,,,,,,,,,,,,,,0.0002204443335358519
adult,LinearModel,4885,0.00027479023834166164,0.01382074661413434,0.01382074661413434,7.35487198395405e-05,7.35487198395405e-05,0.00021336549742684033,0.00021336549742684033,0.0,-6.903073590298226e-05,9.563807242212694e-05,7.262782712113285e-05,,,,,,,,,,,,,,,,,0.0002224166673840955
adult,NeuralNetFastAI,4885,0.0007270421928356895,0.019435569401433525,0.019435569401433525,0.0007660166962322536,0.0007660166962322536,0.001255161971486505,0.001255161971486505,0.0006498785619535699,0.0006498785619535699,0.0008903524098907762,0.0008903524098907762,,,,,,,,,,,,,,,,,0.0002272776667571937
adult,NeuralNetTorch,4885,0.0009504127682872356,0.020245912457373255,0.020245912457373255,0.0007189607335064408,0.0007189607335064408,0.0010630385535471717,0.0010630385535471717,0.0006226212735765957,0.0006226212735765957,0.0008015401868767361,0.0008015401868767361,,,,,,,,,,,,,,,,,0.00022358333323306093
adult,RandomForest,4885,0.0012868164993794738,0.026970672527330302,0.026970672527330302,0.001265660381266621,0.001265660381266621,0.002105754407276639,0.002105754407276639,0.0007556572477210951,0.0007556572477210951,0.001375690678754785,0.001375690678754785,,,,,,,,,,,,,,,,,0.00022002766733445847
adult,XGBoost,4885,0.0005345494552161558,0.016391190786140295,0.016391190786140295,0.00015989064076196328,0.00015989064076196328,0.0007081525019905301,0.0007081525019905301,0.0004884403443746642,0.0004884403443746642,0.0004521611623757192,0.0004521611623757192,,,,,,,,,,,,,,,,,0.00022680533341675377
ailerons,CatBoost,1375,0.00027630217784780714,0.011567778694020077,0.011567778694020077,3.0830797497372857e-06,3.0830797497372857e-06,0.0,-0.0006552750252871353,0.002758911696609708,0.002758911696609708,0.0009206649254531484,0.0007022399170241034,,,,,,,,,,,,,,,,,8.35973332868889e-05
ailerons,ExtraTrees,1375,0.0013176445909882613,0.0290793574283598,0.0290793574283598,0.00044517606263957905,0.00044517606263957905,0.0004506252395295793,0.0004506252395295793,0.00019425480560188524,0.00019425480560188524,0.00036335203592368113,0.00036335203592368113,,,,,,,,,,,,,,,,,8.680533331547242e-05
ailerons,LightGBM,1375,0.00011693810695666074,0.008554613836744631,0.008554613836744631,0.0,-0.0004994203449854901,0.0,-0.0009371931289150051,0.00038279019499311355,0.00038279019499311355,0.00012759673166437118,-0.00035127442630246056,,,,,,,,,,,,,,,,,8.509733379469253e-05
ailerons,LinearModel,1375,0.0001836785291027428,0.010391804801025004,0.010391804801025004,0.0,-0.0007056992863396298,0.0,-0.00046059350355785966,0.00031062990781453425,0.00031062990781453425,0.00010354330260484475,-0.0002852209606943184,,,,,,,,,,,,,,,,,8.430566595052369e-05
ailerons,NeuralNetFastAI,1375,0.0001645495308457295,0.009278845729904126,0.009278845729904126,0.0,-2.625184537468031e-05,0.0007144741583479398,0.0007144741583479398,0.0004319307182118062,0.0004319307182118062,0.00038213495885324866,0.00037338434372835523,,,,,,,,,,,,,,,,,8.277766634516108e-05
ailerons,NeuralNetTorch,1375,0.0002283116865340639,0.010233639353312108,0.010233639353312108,0.00019557188482445471,0.00019557188482445471,0.0,-0.0005044953791939421,0.0001683032978414617,0.0001683032978414617,0.00012129172755530547,-4.6873398842675226e-05,,,,,,,,,,,,,,,,,8.290266729697275e-05
ailerons,RandomForest,1375,0.0006854447630043796,0.0203316415928791,0.0203316415928791,0.0007831954873308366,0.0007831954873308366,0.0001816095472884362,0.0001816095472884362,0.00028546688632656553,0.00028546688632656553,0.0004167573069819461,0.0004167573069819461,,,,,,,,,,,,,,,,,8.401366600689168e-05
ailerons,XGBoost,1375,7.454605353151486e-05,0.0065705054893200705,0.0065705054893200705,0.0,-0.0008245812005806177,0.0,-7.750388302063054e-05,0.0005662364918787077,0.0005662364918787077,0.00018874549729290256,-0.00011194953057418015,,,,,,,,,,,,,,,,,8.322199937538244e-05
bank-marketing,CatBoost,4522,0.0005132235775827006,0.01307845357417823,0.01307845357417823,0.0006313249583578279,0.0006313249583578279,0.0007851472255340202,0.0007851472255340202,0.0009348681570170823,0.0009348681570170823,0.0007837801136363101,0.0007837801136363101,,,,,,,,,,,,,,,,,0.00020243066683178768
bank-marketing,ExtraTrees,4522,0.00027389379500799627,0.011776435399688001,0.011776435399688001,0.0,-0.00012726615503882852,0.0,-0.00016615831153156405,7.521014113170195e-05,7.521014113170195e-05,2.507004704390065e-05,-7.273810847956354e-05,,,,,,,,,,,,,,,,,0.00019766666688762294
bank-marketing,LightGBM,4522,0.00020177039456570074,0.008544793628403111,0.008544793628403111,0.0002504923357736862,0.0002504923357736862,0.0005789863248156326,0.0005789863248156326,0.0,-0.00018538523124299905,0.00027649288686310626,0.00021469780978210654,,,,,,,,,,,,,,,,,0.00020015299984758408
bank-marketing,LinearModel,4522,0.001231073646633584,0.01771170175477092,0.01771170175477092,0.001317459725531647,0.001317459725531647,0.001285727120737008,0.001285727120737008,0.0016607757613956386,0.0016607757613956386,0.0014213208692214312,0.0014213208692214312,,,,,,,,,,,,,,,,,0.00020936099948206296
bank-marketing,NeuralNetFastAI,4522,0.0001663844076763581,0.006980738153360599,0.006980738153360599,0.0,-1.077178056992339e-05,0.00017560646489320005,0.00017560646489320005,0.0,-0.00011794253309238071,5.853548829773335e-05,1.563071707696532e-05,,,,,,,,,,,,,,,,,0.00019698633332154714
bank-marketing,NeuralNetTorch,4522,0.0001924682271929433,0.006890143246673141,0.006890143246673141,0.0002904214566566384,0.0002904214566566384,0.0001736981940430743,0.0001736981940430743,0.0,-5.140825964832215e-05,0.00015470655023323756,0.00013757046368379684,,,,,,,,,,,,,,,,,0.00019581933277853145
bank-marketing,RandomForest,4522,0.0002454993245856833,0.011252096679536966,0.011252096679536966,0.0001454928637564059,0.0001454928637564059,0.00013645750710988917,0.00013645750710988917,0.00016223736671855816,0.00016223736671855816,0.00014806257919495105,0.00014806257919495105,,,,,,,,,,,,,,,,,0.000204249999418001
bank-marketing,XGBoost,4522,0.00047387595942246255,0.011958409853437551,0.011958409853437551,0.0001754779968122658,0.0001754779968122658,0.0009769407773628832,0.0009769407773628832,0.0006383929918781625,0.0006383929918781625,0.0005969372553511038,0.0005969372553511038,,,,,,,,,,,,,,,,,0.00019647233299716996
delta_elevators,CatBoost,952,0.00020880514056423636,0.012558266367032505,0.012558266367032505,0.0,-0.0007426665722664868,0.0,-3.185206730271511e-05,0.0009396494758264783,0.0009396494758264783,0.00031321649194215943,5.50436120857588e-05,,,,,,,,,,,,,,,,,7.05693334263439e-05
delta_elevators,ExtraTrees,952,0.0034708040120754553,0.054296452067342404,0.054296452067342404,0.003571728235944276,0.003571728235944276,0.0032928480400463015,0.0032928480400463015,0.0025300381707895293,0.0025300381707895293,0.0031315381489267023,0.0031315381489267023,,,,,,,,,,,,,,,,,6.77639994440445e-05
delta_elevators,LightGBM,952,0.00031472046437343364,0.016041899277503845,0.016041899277503845,0.0012742575163276276,0.0012742575163276276,0.0,-0.0003788686236974959,0.0007765811695828679,0.0007765811695828679,0.0006836128953034984,0.0005573233540709998,,,,,,,,,,,,,,,,,6.833333342607754e-05
delta_elevators,LinearModel,952,0.0006587720091662157,0.01935168200737685,0.01935168200737685,0.00046873918253149233,0.00046873918253149233,0.0011378452995070402,0.0011378452995070402,0.0014995448429696917,0.0014995448429696917,0.001035376441669408,0.001035376441669408,,,,,,,,,,,,,,,,,6.601399945793673e-05
delta_elevators,NeuralNetFastAI,952,0.000379645069313219,0.01539118967758907,0.01539118967758907,0.0014811425708712634,0.0014811425708712634,0.0023078629274539218,0.0023078629274539218,0.0,-0.0006657597985567333,0.0012630018327750617,0.0010410818999228172,,,,,,,,,,,,,,,,,6.815266654787895e-05
delta_elevators,NeuralNetTorch,952,0.00040540976264224343,0.016273342592552687,0.016273342592552687,0.000597830812082185,0.000597830812082185,0.0,-0.00042053341471427226,0.0004394008678477548,0.0004394008678477548,0.00034574389330997994,0.0002055660884052225,,,,,,,,,,,,,,,,,6.60693331155926e-05
delta_elevators,RandomForest,952,0.0011662909718192576,0.028698917492630326,0.028698917492630326,0.0,-0.0003045152622407018,0.0,-9.131005145064856e-05,0.0004918485170892293,0.0004918485170892293,0.00016394950569640978,3.200773446595964e-05,,,,,,,,,,,,,,,,,6.86249998883189e-05
delta_elevators,XGBoost,952,0.00020807751953127272,0.013166452370370747,0.013166452370370747,0.0,-0.0002511358231468924,0.0,-0.0004785864401730754,0.0,-0.0008773424761182464,0.0,-0.0005356882464794048,,,,,,,,,,,,,,,,,6.652766751358286e-05
eeg-eye-state,CatBoost,1498,0.0006470860356479212,0.010574178733270599,0.010574178733270599,0.001190586685879543,0.001190586685879543,0.0011280266673878072,0.0011280266673878072,0.0,-4.2027458298223586e-07,0.0007728711177557834,0.0007727310262281226,,,,,,,,,,,,,,,,,8.69303342672841e-05
eeg-eye-state,ExtraTrees,1498,0.025988050043628134,0.1408774455347409,0.1408774455347409,0.026090619232026168,0.026090619232026168,0.025769041621157673,0.025769041621157673,0.024448809521310056,0.024448809521310056,0.025436156791497966,0.025436156791497966,,,,,,,,,,,,,,,,,8.633333345642313e-05
eeg-eye-state,LightGBM,1498,0.0003252814603870711,0.007621748294114375,0.007621748294114375,0.0015046008667877744,0.0015046008667877744,0.0005608186666260347,0.0005608186666260347,0.0005692846862560414,0.0005692846862560414,0.0008782347398899501,0.0008782347398899501,,,,,,,,,,,,,,,,,8.687499939696863e-05
eeg-eye-state,LinearModel,1498,0.001906843841220247,0.034798441667082375,0.034798441667082375,0.0013917237845925447,0.0013917237845925447,0.00224035517116855,0.00224035517116855,0.00034026933817922966,0.00034026933817922966,0.001324116097980108,0.001324116097980108,,,,,,,,,,,,,,,,,8.925000050415595e-05
eeg-eye-state,NeuralNetFastAI,1498,0.00014542071119450184,0.008729747439853074,0.008729747439853074,0.0008251404368087089,0.0008251404368087089,0.00014296761521920834,0.00014296761521920834,3.077376650565538e-05,3.077376650565538e-05,0.0003329606061778575,0.0003329606061778575,,,,,,,,,,,,,,,,,9.266666650849704e-05
eeg-eye-state,NeuralNetTorch,1498,0.00032580937256434893,0.00407839503036282,0.00407839503036282,0.0,-0.00022870978229028388,0.0,-0.000573528885487034,0.0008987846477340188,0.0008987846477340188,0.00029959488257800626,3.218199331890031e-05,,,,,,,,,,,,,,,,,8.880533277988434e-05
eeg-eye-state,RandomForest,1498,0.02405895088331239,0.1358734397884756,0.1358734397884756,0.02740960441390217,0.02740960441390217,0.02467529680865038,0.02467529680865038,0.022782583600872597,0.022782583600872597,0.02495582827447505,0.02495582827447505,,,,,,,,,,,,,,,,,8.641666742429759e-05
eeg-eye-state,XGBoost,1498,0.0003079101549047496,0.00688104010978535,0.00688104010978535,0.000287216352744371,0.000287216352744371,0.0,-0.0004798761573445407,1.3396196215721288e-05,1.3396196215721288e-05,0.00010020418298669743,-5.975453612814946e-05,,,,,,,,,,,,,,,,,8.618066688844313e-05
electricity,CatBoost,4532,0.00010843761911822794,0.004937411736887804,0.004937411736887804,0.000202890133223856,0.000202890133223856,0.0,-4.5310504058854455e-05,0.0,-3.943380370464297e-06,6.7630044407952e-05,5.121208293151241e-05,,,,,,,,,,,,,,,,,0.00020623599993996322
electricity,ExtraTrees,4532,0.007086258880093106,0.06942670523509689,0.06942670523509689,0.007399207986994004,0.007399207986994004,0.007449052028000748,0.007449052028000748,0.006288389549274109,0.006288389549274109,0.007045549854756287,0.007045549854756287,,,,,,,,,,,,,,,,,0.00021072233357699588
electricity,LightGBM,4532,0.00012710323371788613,0.005676105174072797,0.005676105174072797,2.013116362775619e-05,2.013116362775619e-05,0.0,-0.00022673717643444086,0.0,-0.0002480622404131005,6.7103878759187295e-06,-0.00015155608440659506,,,,,,,,,,,,,,,,,0.0002045693339217299
electricity,LinearModel,4532,0.0004035558214285251,0.017008395915046364,0.017008395915046364,0.0008603255441738659,0.0008603255441738659,0.00020307300657430413,0.00020307300657430413,5.0163603932685844e-05,5.0163603932685844e-05,0.0003711873848936186,0.0003711873848936186,,,,,,,,,,,,,,,,,0.00022875000043616941
electricity,NeuralNetFastAI,4532,0.00033354277197180797,0.012777430792358987,0.012777430792358987,0.0004857889857268308,0.0004857889857268308,0.0003874093747349181,0.0003874093747349181,4.5113673713987945e-05,4.5113673713987945e-05,0.0003061040113919123,0.0003061040113919123,,,,,,,,,,,,,,,,,0.0002214999998007746
electricity,NeuralNetTorch,4532,0.0002008343004878142,0.012690960519868476,0.012690960519868476,0.0002542624632022923,0.0002542624632022923,0.0006557492062632264,0.0006557492062632264,0.0003419980810354792,0.0003419980810354792,0.0004173365835003326,0.0004173365835003326,,,,,,,,,,,,,,,,,0.0002112359992073228
electricity,RandomForest,4532,0.004441776453166886,0.0496580173616181,0.0496580173616181,0.0038241313124669444,0.0038241313124669444,0.004017814245806942,0.004017814245806942,0.0032879106901706314,0.0032879106901706314,0.0037099520828148395,0.0037099520828148395,,,,,,,,,,,,,,,,,0.0002150833339934858
electricity,XGBoost,4532,4.8861021365858896e-05,0.0031008525334646356,0.0031008525334646356,9.172983261979305e-05,9.172983261979305e-05,3.861650917968019e-05,3.861650917968019e-05,0.0,-4.464620153840584e-05,4.344878059982441e-05,2.8566713420355798e-05,,,,,,,,,,,,,,,,,0.0002000833337660879
fried,CatBoost,4077,0.001154454166467346,0.022346031385042747,0.022346031385042747,0.0013712493699724,0.0013712493699724,0.0010699626486028512,0.0010699626486028512,0.0009515568908700784,0.0009515568908700784,0.0011309229698151099,0.0011309229698151099,,,,,,,,,,,,,,,,,0.00018900000092495853
fried,ExtraTrees,4077,0.006903059541016786,0.06332892553083012,0.06332892553083012,0.007032953001140227,0.007032953001140227,0.005705959198507973,0.005705959198507973,0.006755986441482329,0.006755986441482329,0.006498299547043509,0.006498299547043509,,,,,,,,,,,,,,,,,0.00018975000057253055
fried,LightGBM,4077,0.00026798282706437396,0.010261553242490265,0.010261553242490265,0.00022846712059369217,0.00022846712059369217,0.0002702682961398617,0.0002702682961398617,0.00039840148248773065,0.00039840148248773065,0.0002990456330737615,0.0002990456330737615,,,,,,,,,,,,,,,,,0.00018613899980361262
fried,LinearModel,4077,0.001254826499521398,0.029152005908696158,0.029152005908696158,0.0008796909677505566,0.0008796909677505566,0.0010691975483499967,0.0010691975483499967,0.0016570534723986655,0.0016570534723986655,0.001201980662833073,0.001201980662833073,,,,,,,,,,,,,,,,,0.00019927766697946936
fried,NeuralNetFastAI,4077,0.00012129928235200947,0.007206099160809135,0.007206099160809135,0.00016447303426481928,0.00016447303426481928,0.0,-8.605759361147275e-05,0.0004431168865949254,0.0004431168865949254,0.00020252997361991493,0.00017384410908275732,,,,,,,,,,,,,,,,,0.00018493066697070995
fried,NeuralNetTorch,4077,0.0007219724496050008,0.01778407569967757,0.01778407569967757,0.0010325469840907224,0.0010325469840907224,0.0003908633589674607,0.0003908633589674607,0.0009470348817939353,0.0009470348817939353,0.0007901484082840395,0.0007901484082840395,,,,,,,,,,,,,,,,,0.00018287500036725154
fried,RandomForest,4077,0.0036032137281073865,0.04565656378096693,0.04565656378096693,0.0029346523695871793,0.0029346523695871793,0.0032058387409596286,0.0032058387409596286,0.0035143896676961862,0.0035143896676961862,0.0032182935927476644,0.0032182935927476644,,,,,,,,,,,,,,,,,0.00019011100084753707
fried,XGBoost,4077,0.0002778545380507471,0.010808944365157695,0.010808944365157695,0.00011802290921805833,0.00011802290921805833,0.0006923850905824167,0.0006923850905824167,0.00029047045726589114,0.00029047045726589114,0.0003669594856887887,0.0003669594856887887,,,,,,,,,,,,,,,,,0.00018399999923227975
houses,CatBoost,2064,1.4204701228638996e-05,0.001192008610834639,0.001192008610834639,0.0,-0.0003265836736783621,0.0,-0.0005290086447780242,0.0007354708348130467,0.0007354708348130467,0.00024515694493768226,-4.0040494547779874e-05,,,,,,,,,,,,,,,,,0.00010370833357834879
houses,ExtraTrees,2064,0.00037951987919955944,0.007923446218264624,0.007923446218264624,6.782623285682849e-05,6.782623285682849e-05,0.0,-0.0002494912172583279,0.0003862292159846277,0.0003862292159846277,0.00015135181628048538,6.81880771943761e-05,,,,,,,,,,,,,,,,,0.00010174999988521449
houses,LightGBM,2064,1.3250593926179e-05,0.000957850827254587,0.000957850827254587,0.0,-2.3322712003879074e-05,0.0,-0.00015718914646723812,0.00045151915619493855,0.00045151915619493855,0.00015050638539831286,9.033576590794046e-05,,,,,,,,,,,,,,,,,0.00010327800070323671
houses,LinearModel,2064,0.001905403901629658,0.018221830937356798,0.018221830937356798,0.00033143141923391693,0.00033143141923391693,0.0005562605758730006,0.0005562605758730006,0.00038127410104312506,0.00038127410104312506,0.0004229886987166809,0.0004229886987166809,,,,,,,,,,,,,,,,,0.00010420833374761666
houses,NeuralNetFastAI,2064,5.755704362879802e-05,0.0019120419770464242,0.0019120419770464242,0.0,-0.0005005459813497083,0.0,-0.000523477473261688,0.0,-0.00040693649263341924,0.0,-0.00047698664908160524,,,,,,,,,,,,,,,,,0.00010306933230215994
houses,NeuralNetTorch,2064,0.000413800447970954,0.006170077965516859,0.006170077965516859,4.257894789649071e-05,4.257894789649071e-05,0.0011575299674395914,0.0011575299674395914,0.0006977408314566905,0.0006977408314566905,0.0006326165822642574,0.0006326165822642574,,,,,,,,,,,,,,,,,0.00010290266679173025
houses,RandomForest,2064,0.0002291509747290798,0.005750992408290283,0.005750992408290283,0.0003587819912767606,0.0003587819912767606,0.0,-3.380961003907443e-05,0.0005950010317987814,0.0005950010317987814,0.00031792767435851404,0.0003066578043454892,,,,,,,,,,,,,,,,,0.00010491666762391105
houses,XGBoost,2064,1.4119616642225715e-05,0.001111732412486931,0.001111732412486931,0.00032833032596853954,0.00032833032596853954,0.000368416672653645,0.000368416672653645,0.0,-8.12145708719454e-05,0.00023224899954072818,0.00020517747591674638,,,,,,,,,,,,,,,,,0.00010187499962436657
jm1,CatBoost,1089,0.0004593651716264114,0.016492085288474602,0.016492085288474602,0.0019854955148448554,0.0019854955148448554,0.0,-0.00014243518068729407,0.0,-0.0005307087022013763,0.0006618318382816185,0.000437450543985395,,,,,,,,,,,,,,,,,7.191666736616753e-05
jm1,ExtraTrees,1089,0.0010491897673640903,0.02842682492911783,0.02842682492911783,0.0002428040655342996,0.0002428040655342996,0.000382850581181042,0.000382850581181042,0.0001925775563216263,0.0001925775563216263,0.0002727440676789893,0.0002727440676789893,,,,,,,,,,,,,,,,,7.172233260159071e-05
jm1,LightGBM,1089,0.0002128138158242075,0.013651963000085728,0.013651963000085728,0.00012129696818362416,0.00012129696818362416,0.0,-4.3929064960634696e-05,0.0,-0.0005139217410248887,4.043232272787472e-05,-0.0001455179459339664,,,,,,,,,,,,,,,,,7.084733321486662e-05
jm1,LinearModel,1089,0.0004755464473911734,0.01843881275491144,0.01843881275491144,0.0007104255562313029,0.0007104255562313029,0.0010828421882378629,0.0010828421882378629,0.0,-0.0004889287503780029,0.0005977559148230553,0.00043477966469705433,,,,,,,,,,,,,,,,,7.173600048796895e-05
jm1,NeuralNetFastAI,1089,0.0008481313064926765,0.019026765100404797,0.019026765100404797,0.0003630287085788905,0.0003630287085788905,0.0,-0.0006159151778859327,0.0017630286826467005,0.0017630286826467005,0.0007086857970751969,0.0005033807377798861,,,,,,,,,,,,,,,,,7.197233329255444e-05
jm1,NeuralNetTorch,1089,0.0005744025831623151,0.021173878675078694,0.021173878675078694,0.0009289762120883412,0.0009289762120883412,0.0014953747475127312,0.0014953747475127312,0.0,-0.0007682842360483403,0.0008081169865336909,0.0005520222411842441,,,,,,,,,,,,,,,,,7.040266670325461e-05
jm1,RandomForest,1089,0.0009024565193582983,0.02430348862947116,0.02430348862947116,0.002276632822254563,0.002276632822254563,0.0,-0.0012075969236789732,0.0004757542435609387,0.0004757542435609387,0.0009174623552718339,0.0005149300473788427,,,,,,,,,,,,,,,,,7.143066613934934e-05
jm1,XGBoost,1089,0.00032598756892539385,0.015437645146655752,0.015437645146655752,0.0007640083612020204,0.0007640083612020204,0.00023300234217298038,0.00023300234217298038,0.0,-0.0009239306344973651,0.00033233690112500027,2.4360022959211898e-05,,,,,,,,,,,,,,,,,6.944466683004673e-05
kdd_internet_usage,CatBoost,1011,0.00011989314943202964,0.008030440630033128,0.008030440630033128,0.001784919226611577,0.001784919226611577,0.003926480164606681,0.003926480164606681,0.00031724929383388363,0.00031724929383388363,0.002009549561684047,0.002009549561684047,,,,,,,,,,,,,,,,,7.154166693605173e-05
kdd_internet_usage,ExtraTrees,1011,0.002305234841809879,0.034895905272840685,0.034895905272840685,0.0008214552565782594,0.0008214552565782594,0.003112062262867416,0.003112062262867416,0.004760375170299619,0.004760375170299619,0.002897964229915098,0.002897964229915098,,,,,,,,,,,,,,,,,7.030566606166151e-05
kdd_internet_usage,LightGBM,1011,0.00019709012292062653,0.011555293486926854,0.011555293486926854,7.672249893980772e-05,7.672249893980772e-05,0.0007378250432799001,0.0007378250432799001,0.0,-0.0007810747274010283,0.0002715158474065693,1.1157604939559846e-05,,,,,,,,,,,,,,,,,7.02500001352746e-05
kdd_internet_usage,LinearModel,1011,0.0005205022132861698,0.013718643449135908,0.013718643449135908,0.0,-0.0015151818204751926,0.0,-0.000714689258909332,0.0009030300308502535,0.0009030300308502535,0.00030101001028341783,-0.0004422803495114237,,,,,,,,,,,,,,,,,6.937500074855052e-05
kdd_internet_usage,NeuralNetFastAI,1011,0.0006063670016805417,0.013139750460642008,0.013139750460642008,6.786264677976813e-05,6.786264677976813e-05,0.0,-0.00014539052454705173,0.0,-0.0002102839813022611,2.262088225992271e-05,-9.593728635651489e-05,,,,,,,,,,,,,,,,,7.061099919762152e-05
kdd_internet_usage,NeuralNetTorch,1011,0.0004818589126725466,0.01775397100298975,0.01775397100298975,0.0,-0.0013339134422142545,9.61460649486541e-05,9.61460649486541e-05,0.0013432322736919465,0.0013432322736919465,0.0004797927795468669,3.515496547544871e-05,,,,,,,,,,,,,,,,,7.091666581497218e-05
kdd_internet_usage,RandomForest,1011,0.0014103647049324539,0.026669656403356303,0.026669656403356303,0.0018565578172858846,0.0018565578172858846,7.9799488487845e-05,7.9799488487845e-05,0.0022688934703494687,0.0022688934703494687,0.0014017502587077328,0.0014017502587077328,,,,,,,,,,,,,,,,,7.00973335672946e-05
kdd_internet_usage,XGBoost,1011,0.0002602774634580257,0.011638285660769415,0.011638285660769415,0.0,-0.0002494126126275975,0.0,-0.0005712030507960815,0.0023799450083054736,0.0023799450083054736,0.0007933150027684912,0.0005197764482939315,,,,,,,,,,,,,,,,,6.965300053707324e-05
kick,CatBoost,7299,0.0003284324724235084,0.01568537063988908,0.01568537063988908,0.0003726370003450538,0.0003726370003450538,0.00026534933484472943,0.00026534933484472943,0.00010580338750431208,0.00010580338750431208,0.0002479299075646984,0.0002479299075646984,,,,,,,,,,,,,,,,,0.0002957916670614698
kick,ExtraTrees,7299,0.0007693803283363651,0.022206391086151307,0.022206391086151307,0.0005118282326672174,0.0005118282326672174,0.0007768042192100783,0.0007768042192100783,0.0007115773139004417,0.0007115773139004417,0.0006667365885925791,0.0006667365885925791,,,,,,,,,,,,,,,,,0.0002864719996675073
kick,LightGBM,7299,0.000758403691047608,0.0190159195066514,0.0190159195066514,0.0010509241649481044,0.0010509241649481044,0.0008714800176134977,0.0008714800176134977,0.0005434034052219784,0.0005434034052219784,0.0008219358625945268,0.0008219358625945268,,,,,,,,,,,,,,,,,0.00029174999993604917
kick,LinearModel,7299,0.0005939979673438714,0.01760061161563192,0.01760061161563192,0.0005015364755771878,0.0005015364755771878,0.0007938585134874827,0.0007938585134874827,0.0008240723145968289,0.0008240723145968289,0.0007064891012204998,0.0007064891012204998,,,,,,,,,,,,,,,,,0.0003076250007628308
kick,NeuralNetFastAI,7299,0.0005771733416787403,0.017684241476468614,0.017684241476468614,0.00039841131867244855,0.00039841131867244855,0.0003239443242168469,0.0003239443242168469,0.0007915098453493026,0.0007915098453493026,0.000504621829412866,0.000504621829412866,,,,,,,,,,,,,,,,,0.0002977359993868352
kick,NeuralNetTorch,7299,0.00023458592068901205,0.013487245802634747,0.013487245802634747,0.00035420714895530967,0.00035420714895530967,0.00023963455511148265,0.00023963455511148265,8.773569534914943e-05,8.773569534914943e-05,0.0002271924664719806,0.0002271924664719806,,,,,,,,,,,,,,,,,0.00028677766628485796
kick,RandomForest,7299,0.002828115379297646,0.03225391854775516,0.03225391854775516,0.0025736617040317353,0.0025736617040317353,0.0030487230607546,0.0030487230607546,0.002726137957835561,0.002726137957835561,0.0027828409075406325,0.0027828409075406325,,,,,,,,,,,,,,,,,0.0003064306668723778
kick,XGBoost,7299,0.00046227426086040705,0.018060586153021627,0.018060586153021627,0.0005221928135859984,0.0005221928135859984,0.0003660097487641009,0.0003660097487641009,0.0003090271138141485,0.0003090271138141485,0.0003990765587214159,0.0003990765587214159,,,,,,,,,,,,,,,,,0.0002957639990199823
mammography,CatBoost,1119,0.0003067871709737866,0.002987250300573251,0.002987250300573251,0.0,-9.616269617109736e-05,0.0,-0.0006100882234001809,0.00011933146850694675,0.00011933146850694675,3.977715616898225e-05,-0.00019563981702144383,,,,,,,,,,,,,,,,,7.773600009386428e-05
mammography,ExtraTrees,1119,0.0009083719555935277,0.00982183899564482,0.00982183899564482,0.0,-0.001151157756663863,0.00013635683010585205,0.00013635683010585205,0.0003934025125309259,0.0003934025125309259,0.00017658644754559266,-0.00020713280467569498,,,,,,,,,,,,,,,,,7.241666632277581e-05
mammography,LightGBM,1119,0.00031100477806888605,0.004549416189807716,0.004549416189807716,0.0013523489909497556,0.0013523489909497556,0.0012712830866631012,0.0012712830866631012,0.0,-5.5505400430494594e-05,0.0008745440258709523,0.0008560422257274541,,,,,,,,,,,,,,,,,7.290266633693439e-05
mammography,LinearModel,1119,0.00047097862035540007,0.0075422727862264815,0.0075422727862264815,0.0008888245455639472,0.0008888245455639472,0.0,-0.00022292043364901734,0.0011373400668868582,0.0011373400668868582,0.0006753882041502685,0.0006010813929339293,,,,,,,,,,,,,,,,,7.333333390609671e-05
mammography,NeuralNetFastAI,1119,0.00021599745896071988,0.0038140064351425873,0.0038140064351425873,0.0010190915776837374,0.0010190915776837374,0.0,-1.5073583878107843e-06,0.0,-7.790805985511547e-05,0.0003396971925612458,0.0003132253864802704,,,,,,,,,,,,,,,,,7.412499932494636e-05
mammography,NeuralNetTorch,1119,0.0002914973659975757,0.004787277400137917,0.004787277400137917,0.0010986502201705845,0.0010986502201705845,0.0,-0.0004285498145521602,0.0,-5.4958971047984885e-05,0.0003662167400568615,0.00020504714485681315,,,,,,,,,,,,,,,,,7.004166764090769e-05
mammography,RandomForest,1119,0.0009077515840056415,0.010416327105699756,0.010416327105699756,0.0,-0.0010500993340021411,0.0,-0.00012749928328168803,0.000609928002280865,0.000609928002280865,0.00020330933409362165,-0.00018922353833432143,,,,,,,,,,,,,,,,,7.280533342661026e-05
mammography,XGBoost,1119,0.00038680258371852957,0.004986199969852342,0.004986199969852342,0.0003049686687805679,0.0003049686687805679,0.0,-0.00033528563250425784,7.50990962621009e-05,7.50990962621009e-05,0.00012668925501422293,1.4927377512803652e-05,,,,,,,,,,,,,,,,,9.241666703019291e-05
mc1,CatBoost,947,8.474567040156436e-05,0.001448690264707574,0.001448690264707574,0.0,-0.0003998281596084934,0.0,-3.0571195218121876e-05,0.0,-0.0003998281596084934,0.0,-0.00027674250481170287,,,,,,,,,,,,,,,,,0.00010309733382503812
mc1,ExtraTrees,947,0.00010842411057971378,0.00240776792749526,0.00240776792749526,0.0,-0.0004646031885471133,0.0,-0.0006266556787765702,0.001033961621737478,0.001033961621737478,0.00034465387391249266,-1.909908186206848e-05,,,,,,,,,,,,,,,,,7.205533377903824e-05
mc1,LightGBM,947,9.440718488325625e-05,0.002233540501656573,0.002233540501656573,0.0,-0.0006888766543825581,0.0,-0.0006595740918212966,0.0004838890838050609,0.0004838890838050609,0.00016129636126835365,-0.00028818722079959787,,,,,,,,,,,,,,,,,6.947233244621505e-05
mc1,LinearModel,947,0.00014638436646146276,0.0026338506459625682,0.0026338506459625682,0.00020582798513867724,0.00020582798513867724,0.0,-6.0827454973968337e-05,0.00025894474107134133,0.00025894474107134133,0.00015492424207000618,0.00013464842374535008,,,,,,,,,,,,,,,,,6.781933310170037e-05
mc1,NeuralNetFastAI,947,0.0002510707807121435,0.0026250846864085877,0.0026250846864085877,7.062031867795726e-05,7.062031867795726e-05,0.0,-0.00010533935669958533,0.0,-0.00010060836934709319,2.3540106225985753e-05,-4.510913578957375e-05,,,,,,,,,,,,,,,,,6.670833317912184e-05
mc1,NeuralNetTorch,947,0.00010110961490308469,0.002626690070216347,0.002626690070216347,8.12992513257553e-05,8.12992513257553e-05,0.0,-0.0009415806994772097,0.0,-0.00022566958049901676,2.7099750441918435e-05,-0.00036198367621682377,,,,,,,,,,,,,,,,,6.763899970489244e-05
mc1,RandomForest,947,5.816639252468534e-05,0.002580967733421892,0.002580967733421892,0.00030338762058960777,0.00030338762058960777,0.00012045909269628369,0.00012045909269628369,0.0,-7.39820133463164e-05,0.00014128223776196382,0.00011662156664652502,,,,,,,,,,,,,,,,,6.602766734431498e-05
mc1,XGBoost,947,6.719166348136656e-05,0.0017722229712900024,0.0017722229712900024,0.0,-0.0005948162394785832,0.0,-0.00026488626944547953,0.0008517855939575707,0.0008517855939575707,0.0002839285313191902,-2.638971655497356e-06,,,,,,,,,,,,,,,,,7.247233346182232e-05
mozilla4,CatBoost,1555,0.00010475732649914228,0.004283992180305419,0.004283992180305419,0.0,-0.000715890683928724,0.0014926980393749278,0.0014926980393749278,0.0,-0.0005517665417268941,0.0004975660131249759,7.50136045731032e-05,,,,,,,,,,,,,,,,,9.054166609227347e-05
mozilla4,ExtraTrees,1555,0.0009227105781339121,0.019337496672612108,0.019337496672612108,8.914134229927598e-05,8.914134229927598e-05,0.0011129901648238136,0.0011129901648238136,0.000937010869108288,0.000937010869108288,0.0007130474587437926,0.0007130474587437926,,,,,,,,,,,,,,,,,9.712499983531113e-05
mozilla4,LightGBM,1555,0.000159472009788727,0.00936400598354699,0.00936400598354699,0.0,-0.0011305466211630735,0.00019049735911659746,0.00019049735911659746,0.0004645891207029881,0.0004645891207029881,0.00021836215993986186,-0.00015848671378116268,,,,,,,,,,,,,,,,,9.005533259672423e-05
mozilla4,LinearModel,1555,0.00220445800765884,0.015876230313230686,0.015876230313230686,0.0016417133660638213,0.0016417133660638213,0.0013985813213028427,0.0013985813213028427,0.0024021643520990388,0.0024021643520990388,0.0018141530131552345,0.0018141530131552345,,,,,,,,,,,,,,,,,8.888900022914943e-05
mozilla4,NeuralNetFastAI,1555,0.0010055261190156874,0.020562476577339065,0.020562476577339065,0.0009208689552699683,0.0009208689552699683,0.003131567602399255,0.003131567602399255,0.0011821570435464424,0.0011821570435464424,0.0017448645337385554,0.0017448645337385554,,,,,,,,,,,,,,,,,9.248599963029847e-05
mozilla4,NeuralNetTorch,1555,0.0007979974933060649,0.013448329768381714,0.013448329768381714,0.000677626364584337,0.000677626364584337,0.00046952148770145006,0.00046952148770145006,0.0,-0.0006986542738741511,0.0003823826174285956,0.00014949785947054528,,,,,,,,,,,,,,,,,8.88613334003215e-05
mozilla4,RandomForest,1555,0.0006578447157407265,0.014748294860964668,0.014748294860964668,0.0002947893845499238,0.0002947893845499238,0.001066541092198215,0.001066541092198215,0.0018989180237079556,0.0018989180237079556,0.0010867495001520315,0.0010867495001520315,,,,,,,,,,,,,,,,,9.183333289305058e-05
mozilla4,XGBoost,1555,0.00013384213959910505,0.004527395625543843,0.004527395625543843,0.0,-0.0003941262246455878,0.000263319483884925,0.000263319483884925,0.0,-0.0001752362133950801,8.7773161294975e-05,-0.00010201431805191429,,,,,,,,,,,,,,,,,8.769433406996541e-05
nomao,CatBoost,3447,0.00014470361669024728,0.003625955038653568,0.003625955038653568,0.0005212163879158784,0.0005212163879158784,0.00016285109721516202,0.00016285109721516202,0.00024436844982718756,0.00024436844982718756,0.00030947864498607596,0.00030947864498607596,,,,,,,,,,,,,,,,,0.00015301399980671704
nomao,ExtraTrees,3447,0.0017768789407561548,0.022720582999909377,0.022720582999909377,0.0016451211516858486,0.0016451211516858486,0.0019080456303890742,0.0019080456303890742,0.0013585684052160047,0.0013585684052160047,0.0016372450624303092,0.0016372450624303092,,,,,,,,,,,,,,,,,0.0001655556661717128
nomao,LightGBM,3447,2.7357595544002276e-05,0.002103834546971972,0.002103834546971972,0.00014152566478166088,0.00014152566478166088,0.000437475094908834,0.000437475094908834,7.826196245278281e-05,7.826196245278281e-05,0.0002190875740477592,0.0002190875740477592,,,,,,,,,,,,,,,,,0.00015380533295683563
nomao,LinearModel,3447,7.56566533120852e-05,0.004612081453781588,0.004612081453781588,5.6788970704015275e-05,5.6788970704015275e-05,0.00039011560479540897,0.00039011560479540897,0.0,-7.085723696245616e-05,0.00014896819183314141,0.00012534911284565605,,,,,,,,,,,,,,,,,0.000157083332548306
nomao,NeuralNetFastAI,3447,8.557584359431473e-05,0.004501180151485815,0.004501180151485815,0.00014786251522503396,0.00014786251522503396,0.0,-0.0004110271571118678,0.0,-0.0003215004293456944,4.928750507501132e-05,-0.0001948883570775094,,,,,,,,,,,,,,,,,0.0001572360003289456
nomao,NeuralNetTorch,3447,9.360997247336185e-05,0.00656317371732796,0.00656317371732796,0.0002143466098985825,0.0002143466098985825,0.00036661675057317984,0.00036661675057317984,0.0,-3.230726008613207e-05,0.00019365445349058745,0.0001828853667952101,,,,,,,,,,,,,,,,,0.00016584733384661376
nomao,RandomForest,3447,0.00211467999050397,0.025183486880836287,0.025183486880836287,0.0024192587990270868,0.0024192587990270868,0.0013767537517279237,0.0013767537517279237,0.001564593640943439,0.001564593640943439,0.0017868687305661497,0.0017868687305661497,,,,,,,,,,,,,,,,,0.000160513999920416
nomao,XGBoost,3447,9.556992200958155e-06,0.0014441128888325516,0.0014441128888325516,0.00042077584368407364,0.00042077584368407364,0.0,-0.000137656134005941,0.0,-0.0002454492063807341,0.00014025861456135787,1.2556834432466186e-05,,,,,,,,,,,,,,,,,0.0001512916666494372
numerai28_6,CatBoost,9632,0.00035483117713662227,0.011971280148927357,0.011971280148927357,0.000150904843246942,0.000150904843246942,0.00023622181019135525,0.00023622181019135525,0.00012070634231388819,0.00012070634231388819,0.00016927766525072846,0.00016927766525072846,,,,,,,,,,,,,,,,,0.00041520833353085135
numerai28_6,ExtraTrees,9632,0.0001826482708778305,0.01051235737656537,0.01051235737656537,0.00029402419951397385,0.00029402419951397385,4.843734366324009e-05,4.843734366324009e-05,0.0,-3.8682770742072954e-05,0.00011415384772573798,0.00010125959081171367,,,,,,,,,,,,,,,,,0.00041147233302278136
numerai28_6,LightGBM,9632,0.0002515680942445501,0.011848843371823578,0.011848843371823578,0.00035664509909276513,0.00035664509909276513,1.5008594989910649e-05,1.5008594989910649e-05,4.603810943763588e-05,4.603810943763588e-05,0.00013923060117343724,0.00013923060117343724,,,,,,,,,,,,,,,,,0.0004086386664615323
numerai28_6,LinearModel,9632,0.0002761142419707706,0.01254462680633975,0.01254462680633975,0.0,-4.680210681588076e-05,0.00011329189304688488,0.00011329189304688488,0.0,-7.160288792854301e-06,3.7763964348961624e-05,1.9776499146049937e-05,,,,,,,,,,,,,,,,,0.0004077500004010896
numerai28_6,NeuralNetFastAI,9632,0.0002771364253259482,0.013133332572654633,0.013133332572654633,4.84144870202398e-05,4.84144870202398e-05,0.00010501978440274963,0.00010501978440274963,6.0537521781273977e-05,6.0537521781273977e-05,7.13239310680878e-05,7.13239310680878e-05,,,,,,,,,,,,,,,,,0.0004053056666937967
numerai28_6,NeuralNetTorch,9632,0.0002644595391366567,0.012526102667284567,0.012526102667284567,0.000142412313276519,0.000142412313276519,0.00018773920176235744,0.00018773920176235744,7.591889517790142e-05,7.591889517790142e-05,0.00013535680340559262,0.00013535680340559262,,,,,,,,,,,,,,,,,0.00040288899981533177
numerai28_6,RandomForest,9632,0.00012645464047984857,0.0071427804631400745,0.0071427804631400745,5.898479851654757e-05,5.898479851654757e-05,6.946050612317579e-05,6.946050612317579e-05,0.0,-2.59176589872624e-05,4.2815101546574456e-05,3.417588188415366e-05,,,,,,,,,,,,,,,,,0.0004092780000064522
numerai28_6,XGBoost,9632,0.0003256287364334502,0.01252303114377482,0.01252303114377482,0.0,-9.652455324264808e-06,0.0002742421388193411,0.0002742421388193411,0.00020420890860768447,0.00020420890860768447,0.0001594836824756752,0.00015626619736758694,,,,,,,,,,,,,,,,,0.00040844433290961507
