dataset,model,test_size,true_brier,true_l1,true_l2,KDE-CV_brier_draw0,KDE-CV_brier_draw0_unclipped,KDE-CV_brier_draw1,KDE-CV_brier_draw1_unclipped,KDE-CV_brier_draw2,KDE-CV_brier_draw2_unclipped,KDE-CV_brier,KDE-CV_brier_unclipped,KDE-CV_l1_draw0,KDE-CV_l1_draw0_unclipped,KDE-CV_l1_draw1,KDE-CV_l1_draw1_unclipped,KDE-CV_l1_draw2,KDE-CV_l1_draw2_unclipped,KDE-CV_l1,KDE-CV_l1_unclipped,KDE-CV_l2_draw0,KDE-CV_l2_draw0_unclipped,KDE-CV_l2_draw1,KDE-CV_l2_draw1_unclipped,KDE-CV_l2_draw2,KDE-CV_l2_draw2_unclipped,KDE-CV_l2,KDE-CV_l2_unclipped,KDE-CV_time
2dplanes,CatBoost,4077,0.0010357467002906422,0.016759806470045092,0.016759806470045092,0.0,-0.000906299087597455,0.0,-0.00027335619279147976,0.0,-0.0011266433827239696,0.0,-0.0007687662210376346,0.0051574015307655026,0.0051574015307655026,0.01531883900874503,0.01531883900874503,0.004376083625905304,0.004376083625905304,0.008284108055138613,0.008284108055138613,0.0051574015307655026,0.0051574015307655026,0.01531883900874503,0.01531883900874503,0.004376083625905304,0.004376083625905304,0.008284108055138613,0.008284108055138613,0.15373077766707866
2dplanes,ExtraTrees,4077,0.00060943821379165,0.013471089267672749,0.013471089267672749,0.0,-0.0027898280883502363,0.00016404643923263585,0.00016404643923263585,0.0,-0.0018199592619810485,5.4682146410878615e-05,-0.0014819136370328829,0.001390721580473344,0.001390721580473344,0.013986137237216716,0.013986137237216716,0.004735092902324077,0.004735092902324077,0.00670398390667138,0.00670398390667138,0.001390721580473344,0.001390721580473344,0.013986137237216716,0.013986137237216716,0.004735092902324077,0.004735092902324077,0.00670398390667138,0.00670398390667138,0.154077888999988
2dplanes,LightGBM,4077,0.0006452912859289947,0.014063984582822505,0.014063984582822505,0.0,-0.0010878977689288882,0.0,-0.0010280584243590857,0.0,-7.363408175196682e-06,0.0,-0.0007077732004877234,0.00901454815450218,0.00901454815450218,0.008976949242680412,0.008976949242680412,0.01725912335202577,0.01725912335202577,0.011750206916402788,0.011750206916402788,0.00901454815450218,0.00901454815450218,0.008976949242680412,0.008976949242680412,0.01725912335202577,0.01725912335202577,0.011750206916402788,0.011750206916402788,0.14144159700056966
2dplanes,LinearModel,4077,0.006020850286611491,0.05546835795935246,0.05546835795935246,0.00186449244812942,0.00186449244812942,0.0011015412159489848,0.0011015412159489848,0.0,-0.0014040586781224678,0.000988677888026135,0.000520658328651979,0.05418675257362355,0.05418675257362355,0.053611419188572096,0.053611419188572096,0.03426533690657739,0.03426533690657739,0.04735450288959101,0.04735450288959101,0.05418675257362355,0.05418675257362355,0.053611419188572096,0.053611419188572096,0.03426533690657739,0.03426533690657739,0.04735450288959101,0.04735450288959101,0.1522744446665456
2dplanes,NeuralNetFastAI,4077,0.0003691270459463433,0.010036207619855754,0.010036207619855754,0.0,-0.0023015892988643345,0.0,-0.0005241492367674369,0.0,-0.0019881150791986636,0.0,-0.001604617871610145,0.004037959346741527,0.004037959346741527,0.012399527610006735,0.012399527610006735,0.004720045012424055,0.004720045012424055,0.007052510656390772,0.007052510656390772,0.004037959346741527,0.004037959346741527,0.012399527610006735,0.012399527610006735,0.004720045012424055,0.004720045012424055,0.007052510656390772,0.007052510656390772,0.14065344466628935
2dplanes,NeuralNetTorch,4077,0.0003406932270880549,0.009938694772379074,0.009938694772379074,0.0,-0.0046697249181179845,0.0,-0.004644705253033267,0.0,-0.004585331043365191,0.0,-0.004633253738172148,0.0,-0.0035475575880324645,0.004975381724460662,0.004975381724460662,0.003919310196915343,0.003919310196915343,0.002964897307125335,0.0017823781111145135,0.0,-0.0035475575880324645,0.004975381724460662,0.004975381724460662,0.003919310196915343,0.003919310196915343,0.002964897307125335,0.0017823781111145135,0.14389591666622437
2dplanes,RandomForest,4077,0.000662710189717478,0.012572317079092885,0.012572317079092885,0.0,-0.004728120390086356,0.0,-0.005117584169189575,0.0,-0.006253004056428258,0.0,-0.005366236205234729,0.0,-0.0019833022989483155,0.0007801545776389044,0.0007801545776389044,0.007385244839129014,0.007385244839129014,0.0027217998055893058,0.0020606990392732006,0.0,-0.0019833022989483155,0.0007801545776389044,0.0007801545776389044,0.007385244839129014,0.007385244839129014,0.0027217998055893058,0.0020606990392732006,0.1577038333331681
2dplanes,XGBoost,4077,0.0007391555875778144,0.013616694989012785,0.013616694989012785,0.0,-0.001195570462223219,0.0,-0.0023826765439449935,0.0,-0.0023693120870065293,0.0,-0.001982519697724914,0.012474284822300926,0.012474284822300926,0.0038887133704002025,0.0038887133704002025,0.003240553243648259,0.003240553243648259,0.0065345171454497955,0.0065345171454497955,0.012474284822300926,0.012474284822300926,0.0038887133704002025,0.0038887133704002025,0.003240553243648259,0.003240553243648259,0.0065345171454497955,0.0065345171454497955,0.1533708333336108
APSFailure,CatBoost,7600,0.00023072929039153674,0.0018584471185175446,0.0018584471185175446,0.0,-0.0012020989583674906,0.0,-0.0011262141219597441,0.00028643632553092323,0.00028643632553092323,9.54787751769744e-05,-0.0006806255849321039,0.0008997102536221447,0.0008997102536221447,0.0002360221810498555,0.0002360221810498555,0.002706346438144465,0.002706346438144465,0.0012806929576054883,0.0012806929576054883,0.0008997102536221447,0.0008997102536221447,0.0002360221810498555,0.0002360221810498555,0.002706346438144465,0.002706346438144465,0.0012806929576054883,0.0012806929576054883,0.28183377766617923
APSFailure,ExtraTrees,7600,0.0006226824370906533,0.0051914377608753915,0.0051914377608753915,0.0,-0.000934991699373017,0.0,-0.001017768493931651,0.0,-0.001139736034205443,0.0,-0.0010308320758367036,0.004226331855490188,0.004226331855490188,0.0035958803582558942,0.0035958803582558942,0.00306932830948522,0.00306932830948522,0.0036305135077437673,0.0036305135077437673,0.004226331855490188,0.004226331855490188,0.0035958803582558942,0.0035958803582558942,0.00306932830948522,0.00306932830948522,0.0036305135077437673,0.0036305135077437673,0.25865359733385657
APSFailure,LightGBM,7600,0.00045686417862927437,0.0026085678974425864,0.0026085678974425864,0.0,-0.0016690605696162062,0.0,-0.001131492287648223,0.0,-0.000719526554142143,0.0,-0.0011733598038021907,0.0,-0.0004073628263720246,0.0012233938781104083,0.0012233938781104083,0.001500637589216527,0.001500637589216527,0.0009080104891089784,0.0007722228803183035,0.0,-0.0004073628263720246,0.0012233938781104083,0.0012233938781104083,0.001500637589216527,0.001500637589216527,0.0009080104891089784,0.0007722228803183035,0.2675847223326855
APSFailure,LinearModel,7600,0.0003803322741956466,0.0034943082985187082,0.0034943082985187082,0.0,-0.0017608500547359198,0.0,-0.0008040305290637381,0.0,-0.0013067082647460456,0.0,-0.0012905296161819012,0.0008520896363118771,0.0008520896363118771,0.002798769080793437,0.002798769080793437,0.0005842559094973457,0.0005842559094973457,0.0014117048755342202,0.0014117048755342202,0.0008520896363118771,0.0008520896363118771,0.002798769080793437,0.002798769080793437,0.0005842559094973457,0.0005842559094973457,0.0014117048755342202,0.0014117048755342202,0.26378518066606677
APSFailure,NeuralNetFastAI,7600,0.0005370516703016731,0.002903728571302389,0.002903728571302389,0.0,-0.00026856422823175587,0.0,-0.0015131587382907078,0.0,-0.001866300542726094,0.0,-0.001216007836416186,0.0017593665787121369,0.0017593665787121369,0.0003639140559586227,0.0003639140559586227,1.6764706641113565e-05,1.6764706641113565e-05,0.0007133484471039576,0.0007133484471039576,0.0017593665787121369,0.0017593665787121369,0.0003639140559586227,0.0003639140559586227,1.6764706641113565e-05,1.6764706641113565e-05,0.0007133484471039576,0.0007133484471039576,0.28475456933301757
APSFailure,NeuralNetTorch,7600,0.0003528082933513664,0.0026576990019937415,0.0026576990019937415,0.0,-0.0008731074117602582,0.0,-0.0002935847967757577,0.0,-0.0012068643065827839,0.0,-0.0007911855050395999,0.0006768283603169996,0.0006768283603169996,0.003680609782952974,0.003680609782952974,0.0022506539303601943,0.0022506539303601943,0.0022026973578767226,0.0022026973578767226,0.0006768283603169996,0.0006768283603169996,0.003680609782952974,0.003680609782952974,0.0022506539303601943,0.0022506539303601943,0.0022026973578767226,0.0022026973578767226,0.29681520833279745
APSFailure,RandomForest,7600,0.0007705903281132056,0.0069554844467050935,0.0069554844467050935,0.0,-0.0006876390491018393,0.0,-0.0021740192613836857,0.0,-3.9338317967732515e-05,0.0,-0.0009669988761510858,0.006236842155615848,0.006236842155615848,0.0038157894813431134,0.0038157894813431134,0.005679824521189163,0.005679824521189163,0.005244152052716042,0.005244152052716042,0.006236842155615848,0.006236842155615848,0.0038157894813431134,0.0038157894813431134,0.005679824521189163,0.005679824521189163,0.005244152052716042,0.005244152052716042,0.26167418066688697
APSFailure,XGBoost,7600,0.0004522037960324727,0.00276524990062937,0.00276524990062937,0.0,-0.001346406213074791,0.0,-0.0012387618760867569,0.0,-0.00026426145331761306,0.0,-0.0009498098474930535,8.864948461115617e-05,8.864948461115617e-05,0.0,-0.0006109748646792324,0.001839761240781196,0.001839761240781196,0.0006428035751307841,0.00043914528690437325,8.864948461115617e-05,8.864948461115617e-05,0.0,-0.0006109748646792324,0.001839761240781196,0.001839761240781196,0.0006428035751307841,0.00043914528690437325,0.25474169466663926
Amazon_employee_access,CatBoost,3277,6.587767880525423e-05,0.007047274838570309,0.007047274838570309,2.2333356160792652e-05,2.2333356160792652e-05,0.0,-0.0016234323512314918,0.0,-0.001706986727578289,7.4444520535975505e-06,-0.001102695240882996,0.009098780626498748,0.009098780626498748,0.006740399736082332,0.006740399736082332,0.009560708793236564,0.009560708793236564,0.008466629718605881,0.008466629718605881,0.009098780626498748,0.009098780626498748,0.006740399736082332,0.006740399736082332,0.009560708793236564,0.009560708793236564,0.008466629718605881,0.008466629718605881,0.12700022233305694
Amazon_employee_access,ExtraTrees,3277,0.0011848128098959204,0.021936008014946693,0.021936008014946693,0.0012175390479502782,0.0012175390479502782,0.0017888129179052259,0.0017888129179052259,0.0001469692142161752,0.0001469692142161752,0.001051107060023893,0.001051107060023893,0.02148481749218704,0.02148481749218704,0.026641873936664777,0.026641873936664777,0.02298815485668648,0.02298815485668648,0.0237049487618461,0.0237049487618461,0.02148481749218704,0.02148481749218704,0.026641873936664777,0.026641873936664777,0.02298815485668648,0.02298815485668648,0.0237049487618461,0.0237049487618461,0.12501858333295482
Amazon_employee_access,LightGBM,3277,0.00011584613744030146,0.006122729817486624,0.006122729817486624,0.0,-0.00151922451906062,0.0,-0.0047363018490372034,0.0,-0.0008658152141392636,0.0,-0.0023737805274123623,0.0038461913063390103,0.0038461913063390103,0.0,-0.015329962185344428,0.010282925879460557,0.010282925879460557,0.004709705728599856,-0.0004002816665149538,0.0038461913063390103,0.0038461913063390103,0.0,-0.015329962185344428,0.010282925879460557,0.010282925879460557,0.004709705728599856,-0.0004002816665149538,0.12789456933387555
Amazon_employee_access,LinearModel,3277,0.000577567983805529,0.015529851627251633,0.015529851627251633,0.0008580831259170623,0.0008580831259170623,0.0006796800294935453,0.0006796800294935453,0.0001444613700913868,0.0001444613700913868,0.0005607415085006649,0.0005607415085006649,0.019153158178426232,0.019153158178426232,0.02311437870303341,0.02311437870303341,0.0106036290617334,0.0106036290617334,0.017623721981064346,0.017623721981064346,0.019153158178426232,0.019153158178426232,0.02311437870303341,0.02311437870303341,0.0106036290617334,0.0106036290617334,0.017623721981064346,0.017623721981064346,0.13198813899968323
Amazon_employee_access,NeuralNetFastAI,3277,0.0003750018116364677,0.009594039574861163,0.009594039574861163,0.0,-0.0020462717852043955,0.0,-0.0031476293444399174,0.0,-0.0006488773786405499,0.0,-0.0019475928360949545,0.00019611241816019264,0.00019611241816019264,0.0011304253834502377,0.0011304253834502377,0.005507359621653587,0.005507359621653587,0.0022779658077546725,0.0022779658077546725,0.00019611241816019264,0.00019611241816019264,0.0011304253834502377,0.0011304253834502377,0.005507359621653587,0.005507359621653587,0.0022779658077546725,0.0022779658077546725,0.1315782780002337
Amazon_employee_access,NeuralNetTorch,3277,0.001192830126488589,0.0172959970043751,0.0172959970043751,0.0,-0.0007168807615379022,0.0,-0.0007411788416353166,0.0,-0.0016800182471650626,0.0,-0.0010460259501127603,0.0023340497860502535,0.0023340497860502535,0.013885622990178668,0.013885622990178668,0.015931842933350086,0.015931842933350086,0.010717171903193004,0.010717171903193004,0.0023340497860502535,0.0023340497860502535,0.013885622990178668,0.013885622990178668,0.015931842933350086,0.015931842933350086,0.010717171903193004,0.010717171903193004,0.13982315300017945
Amazon_employee_access,RandomForest,3277,0.0010407990874690906,0.019401031244190358,0.019401031244190358,0.0007662908492561489,0.0007662908492561489,0.0014980909735374177,0.0014980909735374177,0.0,-0.00026468630714846983,0.0007547939409311889,0.0006665651718816989,0.020990048821357316,0.020990048821357316,0.02404534118747362,0.02404534118747362,0.02254875141162133,0.02254875141162133,0.022528047140150758,0.022528047140150758,0.020990048821357316,0.020990048821357316,0.02404534118747362,0.02404534118747362,0.02254875141162133,0.02254875141162133,0.022528047140150758,0.022528047140150758,0.12604506933348603
Amazon_employee_access,XGBoost,3277,6.127144786686918e-05,0.006959118745905035,0.006959118745905035,0.0,-0.0015781693574079586,0.0,-0.0006616820043385757,0.0,-0.0009661541071616356,0.0,-0.0010686684896360566,0.011209463270373704,0.011209463270373704,0.010125216003422116,0.010125216003422116,0.008348303968936596,0.008348303968936596,0.009894327747577472,0.009894327747577472,0.011209463270373704,0.011209463270373704,0.010125216003422116,0.010125216003422116,0.008348303968936596,0.008348303968936596,0.009894327747577472,0.009894327747577472,0.1311721943335821
Click_prediction_small,CatBoost,3995,0.00038633628898235186,0.01768859708588454,0.01768859708588454,0.0,-0.0006327664401035315,0.0,-0.0009047332433771111,0.0,-0.0008057790223604776,0.0,-0.0007810929019470401,0.023603088917963682,0.023603088917963682,0.010886600017850667,0.010886600017850667,0.0032453143338583065,0.0032453143338583065,0.012578334423224218,0.012578334423224218,0.023603088917963682,0.023603088917963682,0.010886600017850667,0.010886600017850667,0.0032453143338583065,0.0032453143338583065,0.012578334423224218,0.012578334423224218,0.15729573633264712
Click_prediction_small,ExtraTrees,3995,0.0008215564260373532,0.023610837407146718,0.023610837407146718,0.000666385778807707,0.000666385778807707,0.000798336880690116,0.000798336880690116,0.0004260531903124898,0.0004260531903124898,0.0006302586166034375,0.0006302586166034375,0.02525267475762536,0.02525267475762536,0.027591326869429743,0.027591326869429743,0.029897031710029713,0.029897031710029713,0.027580344445694942,0.027580344445694942,0.02525267475762536,0.02525267475762536,0.027591326869429743,0.027591326869429743,0.029897031710029713,0.029897031710029713,0.027580344445694942,0.027580344445694942,0.15157962499991603
Click_prediction_small,LightGBM,3995,0.0004458847215889114,0.01815457796381882,0.01815457796381882,0.0,-0.0005197689444611432,0.00022543887752970174,0.00022543887752970174,0.0,-0.0011800022852958838,7.514629250990058e-05,-0.0004914441174091084,0.018885012106790448,0.018885012106790448,0.022314639036684705,0.022314639036684705,0.010067821054070144,0.010067821054070144,0.017089157399181765,0.017089157399181765,0.018885012106790448,0.018885012106790448,0.022314639036684705,0.022314639036684705,0.010067821054070144,0.010067821054070144,0.017089157399181765,0.017089157399181765,0.15804509699955815
Click_prediction_small,LinearModel,3995,0.003433357252839177,0.038138102764381475,0.038138102764381475,0.00259800654859779,0.00259800654859779,0.0017871262503150126,0.0017871262503150126,0.001377166318104445,0.001377166318104445,0.0019207663723390823,0.0019207663723390823,0.03481541922507115,0.03481541922507115,0.0349016946164637,0.0349016946164637,0.030359752439265517,0.030359752439265517,0.033358955426933457,0.033358955426933457,0.03481541922507115,0.03481541922507115,0.0349016946164637,0.0349016946164637,0.030359752439265517,0.030359752439265517,0.033358955426933457,0.033358955426933457,0.14498994466581885
Click_prediction_small,NeuralNetFastAI,3995,0.0006152494557119272,0.02168230629401941,0.02168230629401941,5.272549764473465e-05,5.272549764473465e-05,0.0,-0.0010064226805676115,0.0,-0.0005779548314294522,1.757516588157822e-05,-0.0005105506714507763,0.025331336894283567,0.025331336894283567,0.015308494428907042,0.015308494428907042,0.011854956553053013,0.011854956553053013,0.01749826262541454,0.01749826262541454,0.025331336894283567,0.025331336894283567,0.015308494428907042,0.015308494428907042,0.011854956553053013,0.011854956553053013,0.01749826262541454,0.01749826262541454,0.15509226399929807
Click_prediction_small,NeuralNetTorch,3995,0.000906484864703196,0.025087184047802014,0.025087184047802014,0.0008966147879428147,0.0008966147879428147,0.0,-0.0006408232646927169,0.0,-0.0003098621737653299,0.00029887159598093824,-1.8023550171744015e-05,0.015549189916220918,0.015549189916220918,0.004926712153647305,0.004926712153647305,0.01800097724759674,0.01800097724759674,0.012825626439154988,0.012825626439154988,0.015549189916220918,0.015549189916220918,0.004926712153647305,0.004926712153647305,0.01800097724759674,0.01800097724759674,0.012825626439154988,0.012825626439154988,0.1508607916669765
Click_prediction_small,RandomForest,3995,0.0011413213978873715,0.02535429986824517,0.02535429986824517,0.0009138397303342202,0.0009138397303342202,0.0011206643343583287,0.0011206643343583287,0.0,-0.00022868040596931888,0.000678168021564183,0.00060194121957441,0.03134303837468951,0.03134303837468951,0.02937372555231089,0.02937372555231089,0.02480283624626485,0.02480283624626485,0.028506533391088416,0.028506533391088416,0.03134303837468951,0.03134303837468951,0.02937372555231089,0.02937372555231089,0.02480283624626485,0.02480283624626485,0.028506533391088416,0.028506533391088416,0.1500779306673697
Click_prediction_small,XGBoost,3995,0.00047790328474461684,0.018971117007725632,0.018971117007725632,0.0,-4.427132328602805e-05,0.0,-0.0009511696393443477,0.0,-0.0010291415679784058,0.0,-0.0006748608435362605,0.02265002869919889,0.02265002869919889,0.008089309466160013,0.008089309466160013,0.017957440592338086,0.017957440592338086,0.016232259585898995,0.016232259585898995,0.02265002869919889,0.02265002869919889,0.008089309466160013,0.008089309466160013,0.017957440592338086,0.017957440592338086,0.016232259585898995,0.016232259585898995,0.15921450000071977
PhishingWebsites,CatBoost,1106,0.00011501653449411958,0.003910267557744939,0.003910267557744939,0.0,-0.008639866079693819,0.0,-0.009229884251897726,0.0,-0.0054050548880573744,0.0,-0.007758268406549639,0.00579548684045029,0.00579548684045029,0.007003373292800725,0.007003373292800725,0.012569617570816264,0.012569617570816264,0.008456159234689092,0.008456159234689092,0.00579548684045029,0.00579548684045029,0.007003373292800725,0.007003373292800725,0.012569617570816264,0.012569617570816264,0.008456159234689092,0.008456159234689092,0.05814772233255402
PhishingWebsites,ExtraTrees,1106,0.0066681586143801565,0.05625384704162044,0.05625384704162044,0.0011308324916039125,0.0011308324916039125,0.004419858818659692,0.004419858818659692,0.005506539129994944,0.005506539129994944,0.003685743480086183,0.003685743480086183,0.04536499104798968,0.04536499104798968,0.05899542352051186,0.05899542352051186,0.06166693145376807,0.06166693145376807,0.05534244867408986,0.05534244867408986,0.04536499104798968,0.04536499104798968,0.05899542352051186,0.05899542352051186,0.06166693145376807,0.06166693145376807,0.05534244867408986,0.05534244867408986,0.050089458333483584
PhishingWebsites,LightGBM,1106,9.452185636811948e-05,0.0038107923112926127,0.0038107923112926127,0.0,-0.00788828610976873,0.0,-0.007088152646822493,0.0,-0.00973853315796928,0.0,-0.008238323971520167,0.005581742382652457,0.005581742382652457,0.0026708053027789756,0.0026708053027789756,0.003912722127066119,0.003912722127066119,0.004055089937499184,0.004055089937499184,0.005581742382652457,0.005581742382652457,0.0026708053027789756,0.0026708053027789756,0.003912722127066119,0.003912722127066119,0.004055089937499184,0.004055089937499184,0.053183097000631584
PhishingWebsites,LinearModel,1106,0.00021872736660312296,0.00902476140604523,0.00902476140604523,0.0,-0.013442509407618186,0.0,-0.016209573480774665,0.0,-0.009387369924658088,0.0,-0.013013150937683645,0.004901131413602767,0.004901131413602767,0.0,-0.007606410258678386,0.01980469552074059,0.01980469552074059,0.00823527564478112,0.00569980555855499,0.004901131413602767,0.004901131413602767,0.0,-0.007606410258678386,0.01980469552074059,0.01980469552074059,0.00823527564478112,0.00569980555855499,0.05210287499964276
PhishingWebsites,NeuralNetFastAI,1106,4.744237505240245e-05,0.003141969719634052,0.003141969719634052,0.0,-0.012945468064208168,0.0,-0.015713303726048948,0.0,-0.010623735320107401,0.0,-0.013094169036788172,0.0013827904647790068,0.0013827904647790068,0.0,-0.004357556400955301,0.0012029654475940717,0.0012029654475940717,0.0008619186374576928,-0.0005906001628607409,0.0013827904647790068,0.0013827904647790068,0.0,-0.004357556400955301,0.0012029654475940717,0.0012029654475940717,0.0008619186374576928,-0.0005906001628607409,0.05170486099935564
PhishingWebsites,NeuralNetTorch,1106,0.00011321565322257829,0.004358799474228134,0.004358799474228134,0.0,-0.0068631325947420725,0.0,-0.013927038580276451,0.0,-0.011555435110145796,0.0,-0.010781868761721441,0.0022430136617187513,0.0022430136617187513,0.0,-0.002932525156594439,0.0,-0.0013613134293223865,0.0007476712205729171,-0.0006836083080660247,0.0022430136617187513,0.0022430136617187513,0.0,-0.002932525156594439,0.0,-0.0013613134293223865,0.0007476712205729171,-0.0006836083080660247,0.04945168033373193
PhishingWebsites,RandomForest,1106,0.005133421861791541,0.04618638428999584,0.04618638428999584,0.0002772193877240407,0.0002772193877240407,0.003425008949576725,0.003425008949576725,0.003110933879038231,0.003110933879038231,0.002271054072112999,0.002271054072112999,0.025296457137847356,0.025296457137847356,0.04310319424390502,0.04310319424390502,0.046536064424559286,0.046536064424559286,0.03831190526877055,0.03831190526877055,0.025296457137847356,0.025296457137847356,0.04310319424390502,0.04310319424390502,0.046536064424559286,0.046536064424559286,0.03831190526877055,0.03831190526877055,0.04991430533361078
PhishingWebsites,XGBoost,1106,8.611671452407753e-05,0.0031778621042838112,0.0031778621042838112,0.0,-0.004925346400000433,0.0,-0.008059999920530978,0.0,-0.010745840394887865,0.0,-0.007910395571806424,0.00825597200039443,0.00825597200039443,0.0041877448675548285,0.0041877448675548285,0.0025565312443261217,0.0025565312443261217,0.005000082704091794,0.005000082704091794,0.00825597200039443,0.00825597200039443,0.0041877448675548285,0.0041877448675548285,0.0025565312443261217,0.0025565312443261217,0.005000082704091794,0.005000082704091794,0.05390562500057664
Run_or_walk_information,CatBoost,8859,0.00010483370935025374,0.001972443140557718,0.001972443140557718,0.0,-0.0008335713523658527,0.0,-0.0006540985693160264,0.0,-0.0014798769496086656,0.0,-0.0009891822904301815,0.0013368401888039256,0.0013368401888039256,0.001990955814059152,0.001990955814059152,0.001269720095607625,0.001269720095607625,0.001532505366156901,0.001532505366156901,0.0013368401888039256,0.0013368401888039256,0.001990955814059152,0.001990955814059152,0.001269720095607625,0.001269720095607625,0.001532505366156901,0.001532505366156901,0.35009862499888794
Run_or_walk_information,ExtraTrees,8859,0.002147695508629922,0.02022570610150847,0.02022570610150847,0.0,-0.0005189910018103798,0.0,-0.0005795906829128322,6.377417705524028e-05,6.377417705524028e-05,2.1258059018413426e-05,-0.00034493583588932395,0.01603303506004496,0.01603303506004496,0.017635172208701096,0.017635172208701096,0.015675583009409716,0.015675583009409716,0.016447930092718593,0.016447930092718593,0.01603303506004496,0.01603303506004496,0.017635172208701096,0.017635172208701096,0.015675583009409716,0.015675583009409716,0.016447930092718593,0.016447930092718593,0.3215818196670928
Run_or_walk_information,LightGBM,8859,0.00010954628564335039,0.0022700646441504158,0.0022700646441504158,0.0,-0.0018313911505362496,0.0,-0.001433604007080301,0.0,-0.0010542166137663376,0.0,-0.0014397372571276293,0.0008683691239998175,0.0008683691239998175,0.0006043109461131587,0.0006043109461131587,0.0018785849353041885,0.0018785849353041885,0.001117088335139055,0.001117088335139055,0.0008683691239998175,0.0008683691239998175,0.0006043109461131587,0.0006043109461131587,0.0018785849353041885,0.0018785849353041885,0.001117088335139055,0.001117088335139055,0.31830954166677355
Run_or_walk_information,LinearModel,8859,0.046580505774797464,0.15507859029528043,0.15507859029528043,0.04305524487946454,0.04305524487946454,0.04513659500905168,0.04513659500905168,0.044955546079949546,0.044955546079949546,0.044382461989488586,0.044382461989488586,0.14529564399855036,0.14529564399855036,0.1469786594497304,0.1469786594497304,0.15432904667783554,0.15432904667783554,0.1488677833753721,0.1488677833753721,0.14529564399855036,0.14529564399855036,0.1469786594497304,0.1469786594497304,0.15432904667783554,0.15432904667783554,0.1488677833753721,0.1488677833753721,0.31497276399992796
Run_or_walk_information,NeuralNetFastAI,8859,0.0001224129144028694,0.003099597334877249,0.003099597334877249,0.0,-0.0016322855223492223,0.0,-0.0017794709122329493,0.0,-0.0017111797029098254,0.0,-0.0017076453791639988,0.000863543194668573,0.000863543194668573,0.0007087601040008312,0.0007087601040008312,0.002518037535551369,0.002518037535551369,0.001363446944740258,0.001363446944740258,0.000863543194668573,0.000863543194668573,0.0007087601040008312,0.0007087601040008312,0.002518037535551369,0.002518037535551369,0.001363446944740258,0.001363446944740258,0.3178873193331431
Run_or_walk_information,NeuralNetTorch,8859,7.932355281150218e-05,0.0019208274511967615,0.0019208274511967615,0.0,-0.0019893999741310005,0.0,-0.002131135397590695,0.0,-0.0011078373757039384,0.0,-0.0017427909158085446,0.0,-0.00039086079017203374,0.0,-4.6429170433562193e-05,0.0017719307260442136,0.0017719307260442136,0.0005906435753480712,0.0004448802551462059,0.0,-0.00039086079017203374,0.0,-4.6429170433562193e-05,0.0017719307260442136,0.0017719307260442136,0.0005906435753480712,0.0004448802551462059,0.32465869433387223
Run_or_walk_information,RandomForest,8859,0.0007853873470846317,0.010882730248931247,0.010882730248931247,0.0,-0.0016040504377884874,0.0,-0.0020657585447247536,0.0,-0.0011564593136627,0.0,-0.0016087560987253138,0.008087014999831426,0.008087014999831426,0.008689044460918312,0.008689044460918312,0.008116820713625178,0.008116820713625178,0.008297626724791639,0.008297626724791639,0.008087014999831426,0.008087014999831426,0.008689044460918312,0.008689044460918312,0.008116820713625178,0.008116820713625178,0.008297626724791639,0.008297626724791639,0.3160591803340746
Run_or_walk_information,XGBoost,8859,9.801705724564982e-06,0.0010685539641082551,0.0010685539641082551,0.0,-0.0017333831975277448,0.0,-0.0018650348597323782,0.0,-0.0008681181034110499,0.0,-0.001488845386890391,0.0016188147512957959,0.0016188147512957959,0.000909112778443465,0.000909112778443465,0.0028803354649472998,0.0028803354649472998,0.001802754331562187,0.001802754331562187,0.0016188147512957959,0.0016188147512957959,0.000909112778443465,0.000909112778443465,0.0028803354649472998,0.0028803354649472998,0.001802754331562187,0.001802754331562187,0.30146381933324545
adult,CatBoost,4885,0.0006152181577692995,0.01687512706217434,0.01687512706217434,0.0,-0.0010013844676838705,0.0,-0.0002693490916204028,0.0,-0.0007840882188139116,0.0,-0.0006849405927060616,0.004954948406046423,0.004954948406046423,0.018974817115765347,0.018974817115765347,0.014673800127928108,0.014673800127928108,0.01286785521657996,0.01286785521657996,0.004954948406046423,0.004954948406046423,0.018974817115765347,0.018974817115765347,0.014673800127928108,0.014673800127928108,0.01286785521657996,0.01286785521657996,0.16022734700042443
adult,ExtraTrees,4885,0.0011370991685457355,0.025229521107036034,0.025229521107036034,0.0,-0.0012199872314286547,0.0,-0.0015900344625056813,0.0,-0.006331232863031154,0.0,-0.00304708485232183,0.023535863381485698,0.023535863381485698,0.011707049994832679,0.011707049994832679,0.004489166837833323,0.004489166837833323,0.013244026738050566,0.013244026738050566,0.023535863381485698,0.023535863381485698,0.011707049994832679,0.011707049994832679,0.004489166837833323,0.004489166837833323,0.013244026738050566,0.013244026738050566,0.15382312499908343
adult,LightGBM,4885,0.0004237835510739854,0.013610577703054249,0.013610577703054249,0.0,-0.002294699035045576,0.0,-0.0019121125636742747,0.0,-0.0010224129394055096,0.0,-0.0017430748460417868,0.00464749956136838,0.00464749956136838,0.00579749465809782,0.00579749465809782,0.006723135932034514,0.006723135932034514,0.005722710050500238,0.005722710050500238,0.00464749956136838,0.00464749956136838,0.00579749465809782,0.00579749465809782,0.006723135932034514,0.006723135932034514,0.005722710050500238,0.005722710050500238,0.15101801399941905
adult,LinearModel,4885,0.00027479023834166164,0.01382074661413434,0.01382074661413434,0.0,-0.0010226523908453784,0.0,-0.0012431824859767539,0.0,-0.001278755832062189,0.0,-0.0011815302362947738,0.014393770006628151,0.014393770006628151,0.008863265842659625,0.008863265842659625,0.008281534417322552,0.008281534417322552,0.010512856755536775,0.010512856755536775,0.014393770006628151,0.014393770006628151,0.008863265842659625,0.008863265842659625,0.008281534417322552,0.008281534417322552,0.010512856755536775,0.010512856755536775,0.15233698599937875
adult,NeuralNetFastAI,4885,0.0007270421928356895,0.019435569401433525,0.019435569401433525,0.0,-0.0005547864776310918,0.0,-0.000880473561106993,0.0,-0.000621694290742456,0.0,-0.0006856514431601802,0.021597417718834652,0.021597417718834652,0.01015340128873855,0.01015340128873855,0.016254951062843758,0.016254951062843758,0.016001923356805656,0.016001923356805656,0.021597417718834652,0.021597417718834652,0.01015340128873855,0.01015340128873855,0.016254951062843758,0.016254951062843758,0.016001923356805656,0.016001923356805656,0.15072861133376136
adult,NeuralNetTorch,4885,0.0009504127682872356,0.020245912457373255,0.020245912457373255,0.0,-0.0018764412563804609,0.0,-0.0009120802696641615,0.0,-0.0019768228914173193,0.0,-0.0015884481391539803,0.007359723372940676,0.007359723372940676,0.021541857576557293,0.021541857576557293,0.0029690757565698192,0.0029690757565698192,0.01062355223535593,0.01062355223535593,0.007359723372940676,0.007359723372940676,0.021541857576557293,0.021541857576557293,0.0029690757565698192,0.0029690757565698192,0.01062355223535593,0.01062355223535593,0.1558082360000602
adult,RandomForest,4885,0.0012868164993794738,0.026970672527330302,0.026970672527330302,0.0,-0.0010019937250108932,0.0,-4.3357095908281376e-05,0.0,-0.0015509676048205746,0.0,-0.000865439475246583,0.023132211592146092,0.023132211592146092,0.02308857583932094,0.02308857583932094,0.02191495403851034,0.02191495403851034,0.022711913823325786,0.022711913823325786,0.023132211592146092,0.023132211592146092,0.02308857583932094,0.02308857583932094,0.02191495403851034,0.02191495403851034,0.022711913823325786,0.022711913823325786,0.15512677766673733
adult,XGBoost,4885,0.0005345494552161558,0.016391190786140295,0.016391190786140295,0.0,-0.0011283598195145578,0.0,-0.00081723011214422,0.0,-0.0011023237810594136,0.0,-0.0010159712375727304,0.00907971939559651,0.00907971939559651,0.008920204259790315,0.008920204259790315,0.004211138200407136,0.004211138200407136,0.007403687285264654,0.007403687285264654,0.00907971939559651,0.00907971939559651,0.008920204259790315,0.008920204259790315,0.004211138200407136,0.004211138200407136,0.007403687285264654,0.007403687285264654,0.15238827766734175
ailerons,CatBoost,1375,0.00027630217784780714,0.011567778694020077,0.011567778694020077,0.0,-0.0040805098681313745,0.0,-0.005348872841012604,0.0009550668713938115,0.0009550668713938115,0.00031835562379793717,-0.0028247719459167223,0.0,-0.001531391022345898,0.0,-0.0044913381153124975,0.020949299603234977,0.020949299603234977,0.006983099867744993,0.004975523488525527,0.0,-0.001531391022345898,0.0,-0.0044913381153124975,0.020949299603234977,0.020949299603234977,0.006983099867744993,0.004975523488525527,0.07212405566679081
ailerons,ExtraTrees,1375,0.0013176445909882613,0.0290793574283598,0.0290793574283598,0.0,-6.069211502562479e-05,0.0,-0.0026629261328745624,0.0,-0.0037034701250518226,0.0,-0.002142362790984003,0.029875497444077734,0.029875497444077734,0.00908055757931222,0.00908055757931222,0.0022172869037180632,0.0022172869037180632,0.013724447309036006,0.013724447309036006,0.029875497444077734,0.029875497444077734,0.00908055757931222,0.00908055757931222,0.0022172869037180632,0.0022172869037180632,0.013724447309036006,0.013724447309036006,0.0712907499995102
ailerons,LightGBM,1375,0.00011693810695666074,0.008554613836744631,0.008554613836744631,0.0,-0.004393922740307624,0.0,-0.0037593216796457654,0.0,-0.0009074114861646041,0.0,-0.003020218635372664,0.010038049165752124,0.010038049165752124,0.004927347994917496,0.004927347994917496,0.015433219973590564,0.015433219973590564,0.010132872378086728,0.010132872378086728,0.010038049165752124,0.010038049165752124,0.004927347994917496,0.004927347994917496,0.015433219973590564,0.015433219973590564,0.010132872378086728,0.010132872378086728,0.06875269433294307
ailerons,LinearModel,1375,0.0001836785291027428,0.010391804801025004,0.010391804801025004,0.0,-0.005480852613798359,0.0,-0.003983535454871923,0.0,-0.0034888048242587735,0.0,-0.004317730964309686,0.0,-0.0011338574783876538,0.0028007481945678593,0.0028007481945678593,0.005145380233583802,0.005145380233583802,0.002648709476050554,0.002270756983254669,0.0,-0.0011338574783876538,0.0028007481945678593,0.0028007481945678593,0.005145380233583802,0.005145380233583802,0.002648709476050554,0.002270756983254669,0.07036820833430586
ailerons,NeuralNetFastAI,1375,0.0001645495308457295,0.009278845729904126,0.009278845729904126,0.0,-0.011169131866889684,0.0,-0.009360616762019259,0.0,-0.007975763976562095,0.0,-0.009501837535157013,0.0015752509363706354,0.0015752509363706354,0.013900840958829246,0.013900840958829246,0.007018282731016205,0.007018282731016205,0.007498124875405362,0.007498124875405362,0.0015752509363706354,0.0015752509363706354,0.013900840958829246,0.013900840958829246,0.007018282731016205,0.007018282731016205,0.007498124875405362,0.007498124875405362,0.06943602766720385
ailerons,NeuralNetTorch,1375,0.0002283116865340639,0.010233639353312108,0.010233639353312108,0.0,-0.003323661070599329,0.0,-0.007018703024466234,0.0,-0.0033350008904995203,0.0,-0.0045591216618550276,0.006376314396845622,0.006376314396845622,0.0,-0.003609506936952874,0.011128749010875419,0.011128749010875419,0.005835021135907013,0.004631852156922723,0.006376314396845622,0.006376314396845622,0.0,-0.003609506936952874,0.011128749010875419,0.011128749010875419,0.005835021135907013,0.004631852156922723,0.06881273633310532
ailerons,RandomForest,1375,0.0006854447630043796,0.0203316415928791,0.0203316415928791,0.0,-0.007343052180855797,0.0,-0.009023171068911017,0.0,-0.010323116149138823,0.0,-0.00889644646630188,0.01024003724145322,0.01024003724145322,0.01585092370145404,0.01585092370145404,0.0,-0.004334040883579291,0.008696986980969088,0.007252306686442657,0.01024003724145322,0.01024003724145322,0.01585092370145404,0.01585092370145404,0.0,-0.004334040883579291,0.008696986980969088,0.007252306686442657,0.07206920833292922
ailerons,XGBoost,1375,7.454605353151486e-05,0.0065705054893200705,0.0065705054893200705,0.0,-0.004355530279386565,0.0,-0.003986256956407382,0.0,-0.0026341980184635704,0.0,-0.0036586617514191722,0.004167901795632629,0.004167901795632629,0.012523282905130393,0.012523282905130393,0.0,-0.003208058656002818,0.005563728233587674,0.004494375348253401,0.004167901795632629,0.004167901795632629,0.012523282905130393,0.012523282905130393,0.0,-0.003208058656002818,0.005563728233587674,0.004494375348253401,0.07795005566731561
bank-marketing,CatBoost,4522,0.0005132235775827006,0.01307845357417823,0.01307845357417823,0.0,-0.0008086808944790161,0.0,-0.0009069217770501911,0.0,-0.0006303686879028146,0.0,-0.0007819904531440073,0.008479173218382766,0.008479173218382766,0.013594965030941639,0.013594965030941639,0.015395228729382225,0.015395228729382225,0.012489788992902212,0.012489788992902212,0.008479173218382766,0.008479173218382766,0.013594965030941639,0.013594965030941639,0.015395228729382225,0.015395228729382225,0.012489788992902212,0.012489788992902212,0.1495265833339848
bank-marketing,ExtraTrees,4522,0.00027389379500799627,0.011776435399688001,0.011776435399688001,0.0,-0.003781598742198397,0.0,-0.0031056822800065165,0.0,-0.007209849224104691,0.0,-0.004699043415436535,0.0,-0.0045849752245988185,0.0022403996273623614,0.0022403996273623614,0.01089197855723902,0.01089197855723902,0.004377459394867128,0.002849134320000854,0.0,-0.0045849752245988185,0.0022403996273623614,0.0022403996273623614,0.01089197855723902,0.01089197855723902,0.004377459394867128,0.002849134320000854,0.1609355693338633
bank-marketing,LightGBM,4522,0.00020177039456570074,0.008544793628403111,0.008544793628403111,0.0,-0.0007145089311532475,0.0,-0.0007841771490759002,0.0,-0.002292935414639981,0.0,-0.0012638738316230428,0.009865343579734183,0.009865343579734183,0.0,-0.005015467167965763,0.0027398497827737078,0.0027398497827737078,0.004201731120835964,0.0025299087315140425,0.009865343579734183,0.009865343579734183,0.0,-0.005015467167965763,0.0027398497827737078,0.0027398497827737078,0.004201731120835964,0.0025299087315140425,0.1448392499999803
bank-marketing,LinearModel,4522,0.001231073646633584,0.01771170175477092,0.01771170175477092,0.0,-0.0004452818134257765,0.00034195639468356776,0.00034195639468356776,0.00048326508755453765,0.00048326508755453765,0.0002750738274127018,0.0001266465562707763,0.014590733290288193,0.014590733290288193,0.013814202577669328,0.013814202577669328,0.01145582828677279,0.01145582828677279,0.013286921384910104,0.013286921384910104,0.014590733290288193,0.014590733290288193,0.013814202577669328,0.013814202577669328,0.01145582828677279,0.01145582828677279,0.013286921384910104,0.013286921384910104,0.14445170833278098
bank-marketing,NeuralNetFastAI,4522,0.0001663844076763581,0.006980738153360599,0.006980738153360599,0.0,-0.0026101712352945105,0.0,-0.0029771899527244266,0.0,-0.002310839553589201,0.0,-0.002632733580536046,0.011412803623902963,0.011412803623902963,0.0,-0.002232201562977518,0.0,-0.0034639095258609735,0.003804267874634321,0.0019055641783548235,0.011412803623902963,0.011412803623902963,0.0,-0.002232201562977518,0.0,-0.0034639095258609735,0.003804267874634321,0.0019055641783548235,0.15062022233299407
bank-marketing,NeuralNetTorch,4522,0.0001924682271929433,0.006890143246673141,0.006890143246673141,0.0,-0.0013070243138675278,0.0,-0.00263591362416763,0.0,-0.0028095719896568906,0.0,-0.0022508366425640163,0.0035636861603357954,0.0035636861603357954,0.0,-0.002792635330531938,0.0,-0.002478753134719384,0.0011878953867785985,-0.0005692341016385089,0.0035636861603357954,0.0035636861603357954,0.0,-0.002792635330531938,0.0,-0.002478753134719384,0.0011878953867785985,-0.0005692341016385089,0.1452584166666687
bank-marketing,RandomForest,4522,0.0002454993245856833,0.011252096679536966,0.011252096679536966,0.0,-0.0015878862036874481,0.0,-0.0006401845815799007,0.0,-0.0014903528228534385,0.0,-0.0012394745360402625,0.0,-0.0019343481854630533,0.0033139498367265254,0.0033139498367265254,0.003106314499530469,0.003106314499530469,0.002140088112085665,0.0014953053835979804,0.0,-0.0019343481854630533,0.0033139498367265254,0.0033139498367265254,0.003106314499530469,0.003106314499530469,0.002140088112085665,0.0014953053835979804,0.14482570833327676
bank-marketing,XGBoost,4522,0.00047387595942246255,0.011958409853437551,0.011958409853437551,0.0,-0.0009731491224661844,0.0,-0.0007072429596199523,0.0,-0.0008791520550195555,0.0,-0.0008531813790352308,0.0048804861723729265,0.0048804861723729265,0.006971765077262896,0.006971765077262896,0.012921470159578816,0.012921470159578816,0.00825790713640488,0.00825790713640488,0.0048804861723729265,0.0048804861723729265,0.006971765077262896,0.006971765077262896,0.012921470159578816,0.012921470159578816,0.00825790713640488,0.00825790713640488,0.1464772363336427
delta_elevators,CatBoost,952,0.00020880514056423636,0.012558266367032505,0.012558266367032505,0.0,-0.003002418627525605,0.0,-0.0021803030734445987,0.0,-0.00035976114332678745,0.0,-0.0018474942814323302,0.009836457255800223,0.009836457255800223,0.0004967657491875844,0.0004967657491875844,0.017183951229251287,0.017183951229251287,0.009172391411413032,0.009172391411413032,0.009836457255800223,0.009836457255800223,0.0004967657491875844,0.0004967657491875844,0.017183951229251287,0.017183951229251287,0.009172391411413032,0.009172391411413032,0.04060477800036703
delta_elevators,ExtraTrees,952,0.0034708040120754553,0.054296452067342404,0.054296452067342404,0.0023292620151839746,0.0023292620151839746,0.0011296889499775432,0.0011296889499775432,0.0009498622085150059,0.0009498622085150059,0.001469604391225508,0.001469604391225508,0.049192474504439705,0.049192474504439705,0.05190809242360826,0.05190809242360826,0.053280575802557545,0.053280575802557545,0.05146038091020184,0.05146038091020184,0.049192474504439705,0.049192474504439705,0.05190809242360826,0.05190809242360826,0.053280575802557545,0.053280575802557545,0.05146038091020184,0.05146038091020184,0.04058137500032899
delta_elevators,LightGBM,952,0.00031472046437343364,0.016041899277503845,0.016041899277503845,0.0,-0.0005648222937744034,0.0,-0.0016155408766356937,0.0005912412950936053,0.0005912412950936053,0.00019708043169786843,-0.0005297072917721639,0.024526421185152435,0.024526421185152435,0.012800502466593533,0.012800502466593533,0.014639577884109644,0.014639577884109644,0.017322167178618536,0.017322167178618536,0.024526421185152435,0.024526421185152435,0.012800502466593533,0.012800502466593533,0.014639577884109644,0.014639577884109644,0.017322167178618536,0.017322167178618536,0.03993209733380354
delta_elevators,LinearModel,952,0.0006587720091662157,0.01935168200737685,0.01935168200737685,0.0,-0.001357352067410799,0.0,-0.0006376381248733091,0.0,-1.1397068225544729e-05,0.0,-0.0006687957535032176,0.018410149852203756,0.018410149852203756,0.021624707488772096,0.021624707488772096,6.457511830865601e-05,6.457511830865601e-05,0.01336647748642817,0.01336647748642817,0.018410149852203756,0.018410149852203756,0.021624707488772096,0.021624707488772096,6.457511830865601e-05,6.457511830865601e-05,0.01336647748642817,0.01336647748642817,0.04209462500026954
delta_elevators,NeuralNetFastAI,952,0.000379645069313219,0.01539118967758907,0.01539118967758907,0.0,-0.0006930409988935123,0.0,-0.0011950686896226523,0.0,-0.003331432407978591,0.0,-0.0017398473654982518,0.03393382843375143,0.03393382843375143,0.020163039177478984,0.020163039177478984,0.0,-0.0020118619675852972,0.01803228920374347,0.017361668547881706,0.03393382843375143,0.03393382843375143,0.020163039177478984,0.020163039177478984,0.0,-0.0020118619675852972,0.01803228920374347,0.017361668547881706,0.050296972333550606
delta_elevators,NeuralNetTorch,952,0.00040540976264224343,0.016273342592552687,0.016273342592552687,0.0,-0.0023158813655863066,0.0,-0.0031746816849626608,0.0,-0.001021059400474263,0.0,-0.0021705408170077435,0.0011954145510182051,0.0011954145510182051,0.0,-0.00011989087912649261,0.0075049521926127205,0.0075049521926127205,0.0029001222478769752,0.002860158621501478,0.0011954145510182051,0.0011954145510182051,0.0,-0.00011989087912649261,0.0075049521926127205,0.0075049521926127205,0.0029001222478769752,0.002860158621501478,0.04689359733310994
delta_elevators,RandomForest,952,0.0011662909718192576,0.028698917492630326,0.028698917492630326,0.0,-0.002768591743650544,0.0,-0.0026655471822702543,0.0,-0.001303438096998052,0.0,-0.002245859007639617,0.005687493300569213,0.005687493300569213,0.017841308915614886,0.017841308915614886,0.0003179929730582184,0.0003179929730582184,0.007948931729747439,0.007948931729747439,0.005687493300569213,0.005687493300569213,0.017841308915614886,0.017841308915614886,0.0003179929730582184,0.0003179929730582184,0.007948931729747439,0.007948931729747439,0.04505555566720432
delta_elevators,XGBoost,952,0.00020807751953127272,0.013166452370370747,0.013166452370370747,0.0,-0.00272858431639253,0.0,-0.0028334461406008134,0.0,-0.0029688302498669388,0.0,-0.002843620235620094,0.007421626562904175,0.007421626562904175,0.00421710719942397,0.00421710719942397,0.020164683917312326,0.020164683917312326,0.010601139226546824,0.010601139226546824,0.007421626562904175,0.007421626562904175,0.00421710719942397,0.00421710719942397,0.020164683917312326,0.020164683917312326,0.010601139226546824,0.010601139226546824,0.04646204166662452
eeg-eye-state,CatBoost,1498,0.0006470860356479212,0.010574178733270599,0.010574178733270599,0.0,-0.0057911963451573074,0.0,-0.008062964708280126,0.0,-0.010258958919893197,0.0,-0.008037706657776877,0.00036946530285595134,0.00036946530285595134,0.00978662555910074,0.00978662555910074,0.0,-0.001302659218060595,0.0033853636206522303,0.0029511438812986988,0.00036946530285595134,0.00036946530285595134,0.00978662555910074,0.00978662555910074,0.0,-0.001302659218060595,0.0033853636206522303,0.0029511438812986988,0.07121318033265804
eeg-eye-state,ExtraTrees,1498,0.025988050043628134,0.1408774455347409,0.1408774455347409,0.015816205178351188,0.015816205178351188,0.012338107969191183,0.012338107969191183,0.007606276012165215,0.007606276012165215,0.011920196386569196,0.011920196386569196,0.13001780176052802,0.13001780176052802,0.12158878501666305,0.12158878501666305,0.11342679139149583,0.11342679139149583,0.12167779272289563,0.12167779272289563,0.13001780176052802,0.13001780176052802,0.12158878501666305,0.12158878501666305,0.11342679139149583,0.11342679139149583,0.12167779272289563,0.12167779272289563,0.07058218033368273
eeg-eye-state,LightGBM,1498,0.0003252814603870711,0.007621748294114375,0.007621748294114375,0.0,-0.007535206536273742,0.0,-0.011478621959735733,0.0,-0.00865235999895097,0.0,-0.00922206283165348,0.0032103694899178626,0.0032103694899178626,0.0,-0.007021750625629585,0.00020269831320082922,0.00020269831320082922,0.0011376892677062306,-0.0012028942741702977,0.0032103694899178626,0.0032103694899178626,0.0,-0.007021750625629585,0.00020269831320082922,0.00020269831320082922,0.0011376892677062306,-0.0012028942741702977,0.06833927799986365
eeg-eye-state,LinearModel,1498,0.001906843841220247,0.034798441667082375,0.034798441667082375,0.00018248455348570346,0.00018248455348570346,0.0014323489279814646,0.0014323489279814646,0.0,-0.0006450264493317956,0.0005382778271557227,0.0003232690107117909,0.010232448642538769,0.010232448642538769,0.02109660017733103,0.02109660017733103,0.0,-0.04532423935263593,0.010443016273289932,-0.004665063510922045,0.010232448642538769,0.010232448642538769,0.02109660017733103,0.02109660017733103,0.0,-0.04532423935263593,0.010443016273289932,-0.004665063510922045,0.07100790266607267
eeg-eye-state,NeuralNetFastAI,1498,0.00014542071119450184,0.008729747439853074,0.008729747439853074,0.0007550249876561143,0.0007550249876561143,0.0,-0.0008665096674155101,0.0,-0.0009275672422671136,0.0002516749958853714,-0.00034635064067550314,0.022153988012108945,0.022153988012108945,0.009211518757296441,0.009211518757296441,0.0,-0.005054324001474219,0.01045516892313513,0.008770394255977056,0.022153988012108945,0.022153988012108945,0.009211518757296441,0.009211518757296441,0.0,-0.005054324001474219,0.01045516892313513,0.008770394255977056,0.07395609699960914
eeg-eye-state,NeuralNetTorch,1498,0.00032580937256434893,0.00407839503036282,0.00407839503036282,0.0,-0.00473967765835286,0.0,-0.009130732463519984,0.0,-0.008612810846323706,0.0,-0.00749440698939885,0.004078431366873315,0.004078431366873315,0.0009633553083925109,0.0009633553083925109,0.0,-0.003447653205857522,0.0016805955584219422,0.0005313778231361014,0.004078431366873315,0.004078431366873315,0.0009633553083925109,0.0009633553083925109,0.0,-0.003447653205857522,0.0016805955584219422,0.0005313778231361014,0.07400595833314583
eeg-eye-state,RandomForest,1498,0.02405895088331239,0.1358734397884756,0.1358734397884756,0.016638706702272903,0.016638706702272903,0.013479830009596213,0.013479830009596213,0.011066175410732593,0.011066175410732593,0.013728237374200569,0.013728237374200569,0.13178237704019272,0.13178237704019272,0.12105251473028994,0.12105251473028994,0.11565865614409192,0.11565865614409192,0.12283118263819154,0.12283118263819154,0.13178237704019272,0.13178237704019272,0.12105251473028994,0.12105251473028994,0.11565865614409192,0.11565865614409192,0.12283118263819154,0.12283118263819154,0.07411898633290548
eeg-eye-state,XGBoost,1498,0.0003079101549047496,0.00688104010978535,0.00688104010978535,0.0,-0.00709085322172654,0.0,-0.001287074685739617,0.0,-0.006226818729801402,0.0,-0.004868248879089186,0.0008680641732371502,0.0008680641732371502,0.012329628150166338,0.012329628150166338,0.00018700385197864238,0.00018700385197864238,0.004461565391794043,0.004461565391794043,0.0008680641732371502,0.0008680641732371502,0.012329628150166338,0.012329628150166338,0.00018700385197864238,0.00018700385197864238,0.004461565391794043,0.004461565391794043,0.07075187499989018
electricity,CatBoost,4532,0.00010843761911822794,0.004937411736887804,0.004937411736887804,0.0,-0.0038893603553152227,0.0,-0.005420620240029441,0.0,-0.0043786988444170895,0.0,-0.004562893146587251,0.001589297081586176,0.001589297081586176,0.0,-0.0021602608695280804,0.0,-0.004944229041971902,0.0005297656938620586,-0.0018383976099712689,0.001589297081586176,0.001589297081586176,0.0,-0.0021602608695280804,0.0,-0.004944229041971902,0.0005297656938620586,-0.0018383976099712689,0.2039920276668757
electricity,ExtraTrees,4532,0.007086258880093106,0.06942670523509689,0.06942670523509689,0.0020607611226697215,0.0020607611226697215,0.0005644791500835512,0.0005644791500835512,0.0010337738727900273,0.0010337738727900273,0.0012196713818477666,0.0012196713818477666,0.06304354168914854,0.06304354168914854,0.05834068741560203,0.05834068741560203,0.06057958243961799,0.06057958243961799,0.06065460384812285,0.06065460384812285,0.06304354168914854,0.06304354168914854,0.05834068741560203,0.05834068741560203,0.06057958243961799,0.06057958243961799,0.06065460384812285,0.06065460384812285,0.1451703750002101
electricity,LightGBM,4532,0.00012710323371788613,0.005676105174072797,0.005676105174072797,0.0,-0.003981399286707823,0.0,-0.002545753116214955,0.0,-0.004495618462054076,0.0,-0.003674256954992285,0.0,-0.00015658788103398554,0.003888460277650479,0.003888460277650479,0.0,-0.0077004208074974885,0.001296153425883493,-0.001322849470293665,0.0,-0.00015658788103398554,0.003888460277650479,0.003888460277650479,0.0,-0.0077004208074974885,0.001296153425883493,-0.001322849470293665,0.15819081966643958
electricity,LinearModel,4532,0.0004035558214285251,0.017008395915046364,0.017008395915046364,0.0005221731833374219,0.0005221731833374219,7.60090267500934e-05,7.60090267500934e-05,0.0,-0.00014779399100722752,0.00019939407002917176,0.00015012940636009592,0.02495249098060015,0.02495249098060015,0.01326978721645168,0.01326978721645168,0.0,-0.0016815164569178218,0.012740759399017277,0.012180253913378002,0.02495249098060015,0.02495249098060015,0.01326978721645168,0.01326978721645168,0.0,-0.0016815164569178218,0.012740759399017277,0.012180253913378002,0.14454159733334868
electricity,NeuralNetFastAI,4532,0.00033354277197180797,0.012777430792358987,0.012777430792358987,0.0,-0.00027245067055206747,0.0,-0.0005145613580118083,0.0,-0.000938700364936753,0.0,-0.0005752374645002096,0.005431421473121613,0.005431421473121613,0.015119976182900492,0.015119976182900492,0.0,-1.9486403693735358e-05,0.006850465885340701,0.00684397041744279,0.005431421473121613,0.005431421473121613,0.015119976182900492,0.015119976182900492,0.0,-1.9486403693735358e-05,0.006850465885340701,0.00684397041744279,0.14334627800053568
electricity,NeuralNetTorch,4532,0.0002008343004878142,0.012690960519868476,0.012690960519868476,0.0,-0.002789955356542661,0.0,-0.002612883662500346,0.0,-0.0031232412693048377,0.0,-0.0028420267627826145,0.002702412941600293,0.002702412941600293,0.00551712149724958,0.00551712149724958,0.011108732180695545,0.011108732180695545,0.006442755539848473,0.006442755539848473,0.002702412941600293,0.002702412941600293,0.00551712149724958,0.00551712149724958,0.011108732180695545,0.011108732180695545,0.006442755539848473,0.006442755539848473,0.15645904166619098
electricity,RandomForest,4532,0.004441776453166886,0.0496580173616181,0.0496580173616181,0.0,-0.0015398169562948437,0.0,-0.0010150529174950405,0.0,-0.0041762371323914495,0.0,-0.0022437023353937776,0.03568696622218483,0.03568696622218483,0.037152103183643904,0.037152103183643904,0.02544277667370851,0.02544277667370851,0.03276061535984575,0.03276061535984575,0.03568696622218483,0.03568696622218483,0.037152103183643904,0.037152103183643904,0.02544277667370851,0.02544277667370851,0.03276061535984575,0.03276061535984575,0.19182372233262868
electricity,XGBoost,4532,4.8861021365858896e-05,0.0031008525334646356,0.0031008525334646356,0.0,-0.0032029564295406906,0.0,-0.003126214988544939,0.0,-0.0021620288685176496,0.0,-0.0028304000955344266,0.0,-0.007167466468401112,0.0,-0.0034967461687969714,0.006755309639831912,0.006755309639831912,0.002251769879943971,-0.0013029676657887238,0.0,-0.007167466468401112,0.0,-0.0034967461687969714,0.006755309639831912,0.006755309639831912,0.002251769879943971,-0.0013029676657887238,0.17979461100064023
fried,CatBoost,4077,0.001154454166467346,0.022346031385042747,0.022346031385042747,0.0,-0.005620361666480586,0.0,-0.0035866909750087808,0.0,-0.008093333553425468,0.0,-0.005766795398304945,0.018612107703801693,0.018612107703801693,0.02376573090389762,0.02376573090389762,0.007514937373954113,0.007514937373954113,0.016630925327217806,0.016630925327217806,0.018612107703801693,0.018612107703801693,0.02376573090389762,0.02376573090389762,0.007514937373954113,0.007514937373954113,0.016630925327217806,0.016630925327217806,0.144236500000261
fried,ExtraTrees,4077,0.006903059541016786,0.06332892553083012,0.06332892553083012,0.0016780263224230492,0.0016780263224230492,0.0,-0.001279960356726223,0.001260163518565613,0.001260163518565613,0.0009793966136628874,0.0005527431614208131,0.057275773671030566,0.057275773671030566,0.0436072270502422,0.0436072270502422,0.048385249994131414,0.048385249994131414,0.04975608357180139,0.04975608357180139,0.057275773671030566,0.057275773671030566,0.0436072270502422,0.0436072270502422,0.048385249994131414,0.048385249994131414,0.04975608357180139,0.04975608357180139,0.15329025000028196
fried,LightGBM,4077,0.00026798282706437396,0.010261553242490265,0.010261553242490265,0.0,-0.00865188487698115,0.0,-0.008143693280563136,0.0,-0.00892186772702508,0.0,-0.008572481961523123,0.0029909520735326846,0.0029909520735326846,0.0057856249634458835,0.0057856249634458835,0.007657299995536694,0.007657299995536694,0.0054779590108384206,0.0054779590108384206,0.0029909520735326846,0.0029909520735326846,0.0057856249634458835,0.0057856249634458835,0.007657299995536694,0.007657299995536694,0.0054779590108384206,0.0054779590108384206,0.13623079166670019
fried,LinearModel,4077,0.001254826499521398,0.029152005908696158,0.029152005908696158,0.00033251682972674894,0.00033251682972674894,4.139090843994742e-05,4.139090843994742e-05,0.0009375584704600601,0.0009375584704600601,0.00043715540287558554,0.00043715540287558554,0.021757034149136212,0.021757034149136212,0.002315393404039797,0.002315393404039797,0.031362749262563445,0.031362749262563445,0.01847839227191315,0.01847839227191315,0.021757034149136212,0.021757034149136212,0.002315393404039797,0.002315393404039797,0.031362749262563445,0.031362749262563445,0.01847839227191315,0.01847839227191315,0.1550957779994254
fried,NeuralNetFastAI,4077,0.00012129928235200947,0.007206099160809135,0.007206099160809135,0.0,-0.0035872667718077874,0.0,-0.002918505176859771,0.0,-0.0038055101693756596,0.0,-0.003437094039347739,0.00014206308729080596,0.00014206308729080596,0.00924763454500448,0.00924763454500448,0.000750061358518906,0.000750061358518906,0.0033799196636047305,0.0033799196636047305,0.00014206308729080596,0.00014206308729080596,0.00924763454500448,0.00924763454500448,0.000750061358518906,0.000750061358518906,0.0033799196636047305,0.0033799196636047305,0.13611143066736986
fried,NeuralNetTorch,4077,0.0007219724496050008,0.01778407569967757,0.01778407569967757,0.0,-0.008764098439560448,0.0,-0.007916991474276791,0.0,-0.00798042544970922,0.0,-0.008220505121182152,0.0025660149487857784,0.0025660149487857784,0.010230190856213007,0.010230190856213007,0.005212372740287736,0.005212372740287736,0.006002859515095507,0.006002859515095507,0.0025660149487857784,0.0025660149487857784,0.010230190856213007,0.010230190856213007,0.005212372740287736,0.005212372740287736,0.006002859515095507,0.006002859515095507,0.15258202766563045
fried,RandomForest,4077,0.0036032137281073865,0.04565656378096693,0.04565656378096693,0.0,-0.0024977401516523157,0.0,-0.002816720157490335,0.0,-0.0019735937376504174,0.0,-0.0024293513489310227,0.03414641123552483,0.03414641123552483,0.030849456807518463,0.030849456807518463,0.035596542022305375,0.035596542022305375,0.03353080335511622,0.03353080335511622,0.03414641123552483,0.03414641123552483,0.030849456807518463,0.030849456807518463,0.035596542022305375,0.035596542022305375,0.03353080335511622,0.03353080335511622,0.1805267500009601
fried,XGBoost,4077,0.0002778545380507471,0.010808944365157695,0.010808944365157695,0.0,-0.0066133514713891655,0.0,-0.007898766133872063,0.0,-0.00879017757472416,0.0,-0.007767431726661796,0.011100685978428901,0.011100685978428901,0.0062316884309882754,0.0062316884309882754,0.005687134157092959,0.005687134157092959,0.0076731695221700464,0.0076731695221700464,0.011100685978428901,0.011100685978428901,0.0062316884309882754,0.0062316884309882754,0.005687134157092959,0.005687134157092959,0.0076731695221700464,0.0076731695221700464,0.14382395833308692
houses,CatBoost,2064,1.4204701228638996e-05,0.001192008610834639,0.001192008610834639,0.0,-0.006147880583098927,0.0,-0.008072994651934062,0.0,-0.005103866763113076,0.0,-0.006441580666048688,0.0,-0.0010609795278871262,0.0,-0.003960943955455376,0.0013840236153358043,0.0013840236153358043,0.00046134120511193475,-0.001212633289335566,0.0,-0.0010609795278871262,0.0,-0.003960943955455376,0.0013840236153358043,0.0013840236153358043,0.00046134120511193475,-0.001212633289335566,0.1126208610003232
houses,ExtraTrees,2064,0.00037951987919955944,0.007923446218264624,0.007923446218264624,0.0,-0.009470301661969074,0.0,-0.009866382369062825,0.0,-0.005672912778726586,0.0,-0.008336532269919495,0.0004715762789678839,0.0004715762789678839,0.00488695067979843,0.00488695067979843,0.007105943074092529,0.007105943074092529,0.004154823344286281,0.004154823344286281,0.0004715762789678839,0.0004715762789678839,0.00488695067979843,0.00488695067979843,0.007105943074092529,0.007105943074092529,0.004154823344286281,0.004154823344286281,0.112996083333807
houses,LightGBM,2064,1.3250593926179e-05,0.000957850827254587,0.000957850827254587,0.0,-0.004368526307909818,0.0,-0.011371301212183547,0.0,-0.007907371518295373,0.0,-0.007882399679462913,0.0005594276369350176,0.0005594276369350176,0.0,-0.004667472733661609,0.0010123860750834075,0.0010123860750834075,0.0005239379040061417,-0.001031886340547728,0.0005594276369350176,0.0005594276369350176,0.0,-0.004667472733661609,0.0010123860750834075,0.0010123860750834075,0.0005239379040061417,-0.001031886340547728,0.11263415266754843
houses,LinearModel,2064,0.001905403901629658,0.018221830937356798,0.018221830937356798,0.0,-0.0037253734806848107,0.0,-0.004498839825161479,0.0,-0.004950060650368844,0.0,-0.004391424652071711,0.009925381302390767,0.009925381302390767,0.004116983037663378,0.004116983037663378,0.007801156007581297,0.007801156007581297,0.007281173449211815,0.007281173449211815,0.009925381302390767,0.009925381302390767,0.004116983037663378,0.004116983037663378,0.007801156007581297,0.007801156007581297,0.007281173449211815,0.007281173449211815,0.1125663613335443
houses,NeuralNetFastAI,2064,5.755704362879802e-05,0.0019120419770464242,0.0019120419770464242,0.0,-0.0038732921363891534,0.0,-0.009016988955380887,0.0,-0.006050822416281488,0.0,-0.00631370116935051,0.003382435739576922,0.003382435739576922,0.0,-0.0006043286655075136,0.0022660212711176127,0.0022660212711176127,0.0018828190035648448,0.0016813761150623406,0.003382435739576922,0.003382435739576922,0.0,-0.0006043286655075136,0.0022660212711176127,0.0022660212711176127,0.0018828190035648448,0.0016813761150623406,0.11301800000001094
houses,NeuralNetTorch,2064,0.000413800447970954,0.006170077965516859,0.006170077965516859,0.0,-0.003979379515974518,0.0,-0.005007761696984691,0.0,-0.005818550102140459,0.0,-0.004935230438366556,0.003811986335266131,0.003811986335266131,0.00391942525377273,0.00391942525377273,0.005313878622281338,0.005313878622281338,0.0043484300704400665,0.0043484300704400665,0.003811986335266131,0.003811986335266131,0.00391942525377273,0.00391942525377273,0.005313878622281338,0.005313878622281338,0.0043484300704400665,0.0043484300704400665,0.11563284733347245
houses,RandomForest,2064,0.0002291509747290798,0.005750992408290283,0.005750992408290283,0.0,-0.009358959846292442,0.0,-0.010510387776555498,0.0,-0.00575136959016177,0.0,-0.008540239071003238,0.0017583726939353586,0.0017583726939353586,0.0021976498473397737,0.0021976498473397737,0.004645733207318925,0.004645733207318925,0.0028672519161980193,0.0028672519161980193,0.0017583726939353586,0.0017583726939353586,0.0021976498473397737,0.0021976498473397737,0.004645733207318925,0.004645733207318925,0.0028672519161980193,0.0028672519161980193,0.10648644433361672
houses,XGBoost,2064,1.4119616642225715e-05,0.001111732412486931,0.001111732412486931,0.0,-0.001569211588601045,0.0,-0.006683328141743621,0.0,-0.006035025663664373,0.0,-0.004762521798003013,0.006155406313856763,0.006155406313856763,0.0033543789717716504,0.0033543789717716504,0.0019359045562667642,0.0019359045562667642,0.0038152299472983923,0.0038152299472983923,0.006155406313856763,0.006155406313856763,0.0033543789717716504,0.0033543789717716504,0.0019359045562667642,0.0019359045562667642,0.0038152299472983923,0.0038152299472983923,0.10495276366661226
jm1,CatBoost,1089,0.0004593651716264114,0.016492085288474602,0.016492085288474602,0.0,-3.675574244062121e-05,0.0,-0.0011257165116621115,0.0,-0.0013596329421348,0.0,-0.0008407017320791775,0.006439911377769309,0.006439911377769309,0.0,-0.013334630318909637,0.025643504971315054,0.025643504971315054,0.010694472116361453,0.006249595343391576,0.006439911377769309,0.006439911377769309,0.0,-0.013334630318909637,0.025643504971315054,0.025643504971315054,0.010694472116361453,0.006249595343391576,0.045293402666478265
jm1,ExtraTrees,1089,0.0010491897673640903,0.02842682492911783,0.02842682492911783,0.0,-0.0013811498333058,0.0,-0.00012661393369844804,0.0,-0.0020670798489508184,0.0,-0.0011916145386516887,0.00921319446021253,0.00921319446021253,0.02098364798394669,0.02098364798394669,0.020092539671802922,0.020092539671802922,0.016763127371987378,0.016763127371987378,0.00921319446021253,0.00921319446021253,0.02098364798394669,0.02098364798394669,0.020092539671802922,0.020092539671802922,0.016763127371987378,0.016763127371987378,0.043710374999742875
jm1,LightGBM,1089,0.0002128138158242075,0.013651963000085728,0.013651963000085728,0.0,-0.0014775017784704832,0.0,-0.0023477142198055543,0.0,-0.002074162637913685,0.0,-0.001966459545396574,0.0,-0.013954454737042373,0.0,-0.007030044650681201,0.0291944124810295,0.0291944124810295,0.009731470827009833,0.002736637697768643,0.0,-0.013954454737042373,0.0,-0.007030044650681201,0.0291944124810295,0.0291944124810295,0.009731470827009833,0.002736637697768643,0.0452895416674437
jm1,LinearModel,1089,0.0004755464473911734,0.01843881275491144,0.01843881275491144,0.0,-0.0035171983770764504,0.0,-0.0024712797922597,0.0,-0.003493303938334732,0.0,-0.003160594035890294,0.013970207292124752,0.013970207292124752,0.0,-0.002697945498887884,0.0,-0.0012060050682410174,0.004656735764041584,0.0033554189083319502,0.013970207292124752,0.013970207292124752,0.0,-0.002697945498887884,0.0,-0.0012060050682410174,0.004656735764041584,0.0033554189083319502,0.044142041665812336
jm1,NeuralNetFastAI,1089,0.0008481313064926765,0.019026765100404797,0.019026765100404797,0.0,-0.00564173055263959,0.0,-0.004369815207547859,0.0,-0.0020372122201922412,0.0,-0.004016252660126563,0.0,-0.028317235073261133,0.0,-0.0018511208713300957,0.022115875098809832,0.022115875098809832,0.007371958366269944,-0.0026841602819271324,0.0,-0.028317235073261133,0.0,-0.0018511208713300957,0.022115875098809832,0.022115875098809832,0.007371958366269944,-0.0026841602819271324,0.04374575000110781
jm1,NeuralNetTorch,1089,0.0005744025831623151,0.021173878675078694,0.021173878675078694,0.0,-0.0032473242254129607,0.0,-0.00022904940576544956,0.0,-0.001731134781936082,0.0,-0.0017358361377048305,0.013961041756265063,0.013961041756265063,0.013124619912923997,0.013124619912923997,0.010353615918411396,0.010353615918411396,0.012479759195866821,0.012479759195866821,0.013961041756265063,0.013961041756265063,0.013124619912923997,0.013124619912923997,0.010353615918411396,0.010353615918411396,0.012479759195866821,0.012479759195866821,0.044397541666209385
jm1,RandomForest,1089,0.0009024565193582983,0.02430348862947116,0.02430348862947116,0.0,-0.001999091586668035,0.0,-0.004725691187559007,0.0,-0.002895799843296702,0.0,-0.003206860872507915,0.022346628549061047,0.022346628549061047,0.0,-0.006208713536133221,0.02994473105829074,0.02994473105829074,0.017430453202450596,0.015360882023739522,0.022346628549061047,0.022346628549061047,0.0,-0.006208713536133221,0.02994473105829074,0.02994473105829074,0.017430453202450596,0.015360882023739522,0.04481747199921907
jm1,XGBoost,1089,0.00032598756892539385,0.015437645146655752,0.015437645146655752,0.0,-0.0002948933795709038,0.0,-0.0002519560008321202,0.0,-0.0013941780543287735,0.0,-0.0006470091449105992,0.005521268102351518,0.005521268102351518,0.033154523051433654,0.033154523051433654,0.0045810175736334694,0.0045810175736334694,0.01441893624247288,0.01441893624247288,0.005521268102351518,0.005521268102351518,0.033154523051433654,0.033154523051433654,0.0045810175736334694,0.0045810175736334694,0.01441893624247288,0.01441893624247288,0.044674764000471136
kdd_internet_usage,CatBoost,1011,0.00011989314943202964,0.008030440630033128,0.008030440630033128,0.0,-0.004467539243599544,0.0,-0.0017374608216523429,0.0,-0.007731081204108317,0.0,-0.004645360423120068,0.012300604762409056,0.012300604762409056,0.037840812771606905,0.037840812771606905,0.0,-0.010141357618640153,0.016713805844671987,0.01333335330512527,0.012300604762409056,0.012300604762409056,0.037840812771606905,0.037840812771606905,0.0,-0.010141357618640153,0.016713805844671987,0.01333335330512527,0.040543236333178356
kdd_internet_usage,ExtraTrees,1011,0.002305234841809879,0.034895905272840685,0.034895905272840685,0.0,-0.00514459267066919,0.0,-0.0013478913230318345,0.0009288632384011918,0.0009288632384011918,0.00030962107946706395,-0.001854540251766611,0.010629851085553107,0.010629851085553107,0.011817539138487414,0.011817539138487414,0.040754657564894894,0.040754657564894894,0.02106734926297847,0.02106734926297847,0.010629851085553107,0.010629851085553107,0.011817539138487414,0.011817539138487414,0.040754657564894894,0.040754657564894894,0.02106734926297847,0.02106734926297847,0.040615152667063135
kdd_internet_usage,LightGBM,1011,0.00019709012292062653,0.011555293486926854,0.011555293486926854,0.0,-0.006917071149880239,0.0,-0.008777359122799644,0.0,-0.00919628387744549,0.0,-0.008296904716708457,0.0,-0.004207637370587073,0.014654225984387446,0.014654225984387446,0.0,-0.0024812991894840545,0.004884741994795816,0.002655096474772106,0.0,-0.004207637370587073,0.014654225984387446,0.014654225984387446,0.0,-0.0024812991894840545,0.004884741994795816,0.002655096474772106,0.03999465266679181
kdd_internet_usage,LinearModel,1011,0.0005205022132861698,0.013718643449135908,0.013718643449135908,0.0,-0.004894626776947788,0.0,-0.0009031651347077427,0.0,-0.003756783107380045,0.0,-0.0031848583396785254,0.00129620368824624,0.00129620368824624,0.012671126528319303,0.012671126528319303,0.0,-0.024528230759024588,0.004655776738855181,-0.0035203001808196814,0.00129620368824624,0.00129620368824624,0.012671126528319303,0.012671126528319303,0.0,-0.024528230759024588,0.004655776738855181,-0.0035203001808196814,0.04054200000003524
kdd_internet_usage,NeuralNetFastAI,1011,0.0006063670016805417,0.013139750460642008,0.013139750460642008,0.0,-0.007996356544215604,0.0,-0.00562528354761214,0.0,-0.004142284938560429,0.0,-0.005921308343462724,0.010879245360426119,0.010879245360426119,0.004040367438772953,0.004040367438772953,0.0006820183203801601,0.0006820183203801601,0.0052005437065264105,0.0052005437065264105,0.010879245360426119,0.010879245360426119,0.004040367438772953,0.004040367438772953,0.0006820183203801601,0.0006820183203801601,0.0052005437065264105,0.0052005437065264105,0.0387365416669733
kdd_internet_usage,NeuralNetTorch,1011,0.0004818589126725466,0.01775397100298975,0.01775397100298975,0.0,-0.003476292530431817,0.0,-0.002991164455531961,0.0,-0.0015845623066576707,0.0,-0.0026840064308738163,0.010332960429768107,0.010332960429768107,0.015980102583115625,0.015980102583115625,0.021319933077891595,0.021319933077891595,0.015877665363591777,0.015877665363591777,0.010332960429768107,0.010332960429768107,0.015980102583115625,0.015980102583115625,0.021319933077891595,0.021319933077891595,0.015877665363591777,0.015877665363591777,0.038894472333292164
kdd_internet_usage,RandomForest,1011,0.0014103647049324539,0.026669656403356303,0.026669656403356303,0.0,-0.008744353743328227,0.0,-0.010175427514921067,0.0,-0.008260077867706368,0.0,-0.009059953041985222,0.011808320704334472,0.011808320704334472,0.01899439082206913,0.01899439082206913,0.01655749936091127,0.01655749936091127,0.01578673696243829,0.01578673696243829,0.011808320704334472,0.011808320704334472,0.01899439082206913,0.01899439082206913,0.01655749936091127,0.01655749936091127,0.01578673696243829,0.01578673696243829,0.040034347000376634
kdd_internet_usage,XGBoost,1011,0.0002602774634580257,0.011638285660769415,0.011638285660769415,0.0,-0.003623431478961713,0.0,-0.007598628606491392,0.0,-0.0003017652721668384,0.0,-0.003841275119206648,0.020311069837725296,0.020311069837725296,0.003887738539555417,0.003887738539555417,0.04604460498924679,0.04604460498924679,0.023414471122175835,0.023414471122175835,0.020311069837725296,0.020311069837725296,0.003887738539555417,0.003887738539555417,0.04604460498924679,0.04604460498924679,0.023414471122175835,0.023414471122175835,0.03901638866591384
kick,CatBoost,7299,0.0003284324724235084,0.01568537063988908,0.01568537063988908,0.00023719087238241086,0.00023719087238241086,5.7558373313156585e-05,5.7558373313156585e-05,0.0,-8.748227435547704e-05,9.824974856518914e-05,6.90889904466968e-05,0.01452360839576855,0.01452360839576855,0.016950851779795773,0.016950851779795773,0.01236330743177685,0.01236330743177685,0.01461258920244706,0.01461258920244706,0.01452360839576855,0.01452360839576855,0.016950851779795773,0.016950851779795773,0.01236330743177685,0.01236330743177685,0.01461258920244706,0.01461258920244706,0.24823301366632222
kick,ExtraTrees,7299,0.0007693803283363651,0.022206391086151307,0.022206391086151307,0.0004806435356171113,0.0004806435356171113,0.0006848312050228206,0.0006848312050228206,0.00035871234989773727,0.00035871234989773727,0.0005080623635125564,0.0005080623635125564,0.02265595343834505,0.02265595343834505,0.02217336003918455,0.02217336003918455,0.019084428702776636,0.019084428702776636,0.021304580726768746,0.021304580726768746,0.02265595343834505,0.02265595343834505,0.02217336003918455,0.02217336003918455,0.019084428702776636,0.019084428702776636,0.021304580726768746,0.021304580726768746,0.25054150000020553
kick,LightGBM,7299,0.000758403691047608,0.0190159195066514,0.0190159195066514,0.0006524874288210788,0.0006524874288210788,0.0004821067767866774,0.0004821067767866774,0.00032810479499992566,0.00032810479499992566,0.000487566333535894,0.000487566333535894,0.01821286921349974,0.01821286921349974,0.022688196461692664,0.022688196461692664,0.01628555051143077,0.01628555051143077,0.019062205395541057,0.019062205395541057,0.01821286921349974,0.01821286921349974,0.022688196461692664,0.022688196461692664,0.01628555051143077,0.01628555051143077,0.019062205395541057,0.019062205395541057,0.25186938866681885
kick,LinearModel,7299,0.0005939979673438714,0.01760061161563192,0.01760061161563192,0.0003227776900697617,0.0003227776900697617,0.0004906450116294288,0.0004906450116294288,0.00044725565220977216,0.00044725565220977216,0.0004202261179696543,0.0004202261179696543,0.013005429282814448,0.013005429282814448,0.017372931353987087,0.017372931353987087,0.016884362831994904,0.016884362831994904,0.01575424115626548,0.01575424115626548,0.013005429282814448,0.013005429282814448,0.017372931353987087,0.017372931353987087,0.016884362831994904,0.016884362831994904,0.01575424115626548,0.01575424115626548,0.26618955566664226
kick,NeuralNetFastAI,7299,0.0005771733416787403,0.017684241476468614,0.017684241476468614,0.0002486977187712592,0.0002486977187712592,0.00010546554500636917,0.00010546554500636917,0.00046335625494580226,0.00046335625494580226,0.0002725065062411435,0.0002725065062411435,0.015538326694074662,0.015538326694074662,0.0185256423605375,0.0185256423605375,0.017111323079547765,0.017111323079547765,0.017058430711386643,0.017058430711386643,0.015538326694074662,0.015538326694074662,0.0185256423605375,0.0185256423605375,0.017111323079547765,0.017111323079547765,0.017058430711386643,0.017058430711386643,0.269280194666256
kick,NeuralNetTorch,7299,0.00023458592068901205,0.013487245802634747,0.013487245802634747,0.0,-2.1779922537751248e-05,4.147180217239343e-07,4.147180217239343e-07,0.0,-4.39492443870201e-07,1.3823934057464477e-07,-7.268232319965838e-06,0.01376935381012693,0.01376935381012693,0.013623046445250583,0.013623046445250583,0.013303407871647077,0.013303407871647077,0.013565269375674864,0.013565269375674864,0.01376935381012693,0.01376935381012693,0.013623046445250583,0.013623046445250583,0.013303407871647077,0.013303407871647077,0.013565269375674864,0.013565269375674864,0.2575628889996248
kick,RandomForest,7299,0.002828115379297646,0.03225391854775516,0.03225391854775516,0.002572174638409819,0.002572174638409819,0.003065330829246263,0.003065330829246263,0.0025183437692621446,0.0025183437692621446,0.0027186164123060752,0.0027186164123060752,0.03016687837343345,0.03016687837343345,0.03166696516237949,0.03166696516237949,0.03262988116009949,0.03262988116009949,0.031487908231970806,0.031487908231970806,0.03016687837343345,0.03016687837343345,0.03166696516237949,0.03166696516237949,0.03262988116009949,0.03262988116009949,0.031487908231970806,0.031487908231970806,0.2641505696665263
kick,XGBoost,7299,0.00046227426086040705,0.018060586153021627,0.018060586153021627,0.0004123656321049391,0.0004123656321049391,7.277181228175358e-05,7.277181228175358e-05,9.91014866140115e-05,9.91014866140115e-05,0.00019474631033356807,0.00019474631033356807,0.013881210366485748,0.013881210366485748,0.020407172557793875,0.020407172557793875,0.016834988959025424,0.016834988959025424,0.017041123961101683,0.017041123961101683,0.013881210366485748,0.013881210366485748,0.020407172557793875,0.020407172557793875,0.016834988959025424,0.016834988959025424,0.017041123961101683,0.017041123961101683,0.24771008333361047
mammography,CatBoost,1119,0.0003067871709737866,0.002987250300573251,0.002987250300573251,0.0,-0.004326198712374599,0.0,-0.005598790485464192,0.0,-0.0018098512289124304,0.0,-0.00391161347558374,0.0,-0.0031616027717794527,0.0,-0.008809942022556952,0.006627639703972711,0.006627639703972711,0.0022092132346575705,-0.0017813016967878979,0.0,-0.0031616027717794527,0.0,-0.008809942022556952,0.006627639703972711,0.006627639703972711,0.0022092132346575705,-0.0017813016967878979,0.051581278000715734
mammography,ExtraTrees,1119,0.0009083719555935277,0.00982183899564482,0.00982183899564482,0.0,-0.007242753030083075,0.0,-0.003511293026620987,0.0,-0.005063446925785856,0.0,-0.0052724976608299725,0.006551426399327364,0.006551426399327364,0.002905850818130665,0.002905850818130665,0.0019497932377887763,0.0019497932377887763,0.003802356818415602,0.003802356818415602,0.006551426399327364,0.006551426399327364,0.002905850818130665,0.002905850818130665,0.0019497932377887763,0.0019497932377887763,0.003802356818415602,0.003802356818415602,0.05227284733337001
mammography,LightGBM,1119,0.00031100477806888605,0.004549416189807716,0.004549416189807716,0.0,-0.004112008068581912,0.0,-0.005540059094923925,0.0,-0.006254657887524297,0.0,-0.005302241683676712,0.0032649105245170914,0.0032649105245170914,0.005821628644821085,0.005821628644821085,0.0,-0.003060119694524958,0.0030288463897793923,0.002008806491604406,0.0032649105245170914,0.0032649105245170914,0.005821628644821085,0.005821628644821085,0.0,-0.003060119694524958,0.0030288463897793923,0.002008806491604406,0.05162612500013589
mammography,LinearModel,1119,0.00047097862035540007,0.0075422727862264815,0.0075422727862264815,0.0,-0.003250222213709049,0.0,-0.0030045123350378924,0.0,-0.005609382457979105,0.0,-0.003954705668908682,0.002151081686694726,0.002151081686694726,0.007354406048737591,0.007354406048737591,0.0,-0.0022672385209398134,0.0031684959118107726,0.002412749738164168,0.002151081686694726,0.002151081686694726,0.007354406048737591,0.007354406048737591,0.0,-0.0022672385209398134,0.0031684959118107726,0.002412749738164168,0.051933291666500736
mammography,NeuralNetFastAI,1119,0.00021599745896071988,0.0038140064351425873,0.0038140064351425873,0.0,-0.0039457131127800206,0.0,-0.0023617215041985204,0.0,-0.0044063941976837705,0.0,-0.003571276271554104,0.00019914785305169612,0.00019914785305169612,0.0024366873288397843,0.0024366873288397843,0.0,-0.0015643052808431057,0.0008786117272971602,0.00035717663368279163,0.00019914785305169612,0.00019914785305169612,0.0024366873288397843,0.0024366873288397843,0.0,-0.0015643052808431057,0.0008786117272971602,0.00035717663368279163,0.052531583332893206
mammography,NeuralNetTorch,1119,0.0002914973659975757,0.004787277400137917,0.004787277400137917,0.0,-0.009372203928472347,0.0,-0.003388513710397861,0.0,-0.0069733708520684015,0.0,-0.0065780294969795365,0.0,-0.002263346757091115,0.002266610122392239,0.002266610122392239,0.0,-0.002748810008082175,0.0007555367074640797,-0.0009151822142603503,0.0,-0.002263346757091115,0.002266610122392239,0.002266610122392239,0.0,-0.002748810008082175,0.0007555367074640797,-0.0009151822142603503,0.051911819333327
mammography,RandomForest,1119,0.0009077515840056415,0.010416327105699756,0.010416327105699756,0.0,-0.008757965432917455,0.0,-0.006442053939303796,0.0,-0.005148374467777226,0.0,-0.006782797946666159,0.0032618261925551084,0.0032618261925551084,0.004652291335774184,0.004652291335774184,0.006052940781396651,0.006052940781396651,0.004655686103241981,0.004655686103241981,0.0032618261925551084,0.0032618261925551084,0.004652291335774184,0.004652291335774184,0.006052940781396651,0.006052940781396651,0.004655686103241981,0.004655686103241981,0.05213175000001987
mammography,XGBoost,1119,0.00038680258371852957,0.004986199969852342,0.004986199969852342,0.0,-0.006925192274452533,0.0,-0.006240598244209691,0.0,-0.0016710442662455209,0.0,-0.004945611594969248,0.0005464335841416373,0.0005464335841416373,0.0,-0.00769512969993223,0.0045198443787562775,0.0045198443787562775,0.0016887593209659716,-0.0008762839123447715,0.0005464335841416373,0.0005464335841416373,0.0,-0.00769512969993223,0.0045198443787562775,0.0045198443787562775,0.0016887593209659716,-0.0008762839123447715,0.051723111333558336
mc1,CatBoost,947,8.474567040156436e-05,0.001448690264707574,0.001448690264707574,0.0,-0.0032853793207454356,0.0,-0.002163896512605351,0.0,-0.0023274605100012903,0.0,-0.0025922454477840255,0.0,-0.0025162328438282137,0.0,-0.0028075419390392654,0.0,-0.0025370965264981007,0.0,-0.0026202904364551935,0.0,-0.0025162328438282137,0.0,-0.0028075419390392654,0.0,-0.0025370965264981007,0.0,-0.0026202904364551935,0.04081312500056811
mc1,ExtraTrees,947,0.00010842411057971378,0.00240776792749526,0.00240776792749526,0.0,-0.0020271414895048183,0.0,-0.005974772198436941,0.0,-0.00047742803639533316,0.0,-0.0028264472414456974,0.0007302990221757606,0.0007302990221757606,0.0,-0.004332086696727912,0.002622606350629777,0.002622606350629777,0.0011176351242685124,-0.0003263937746407915,0.0007302990221757606,0.0007302990221757606,0.0,-0.004332086696727912,0.002622606350629777,0.002622606350629777,0.0011176351242685124,-0.0003263937746407915,0.04135648600034377
mc1,LightGBM,947,9.440718488325625e-05,0.002233540501656573,0.002233540501656573,0.0,-0.002100547921771666,0.0,-0.002408724899151421,0.00012524484929338914,0.00012524484929338914,4.174828309779638e-05,-0.0014613426572098992,0.00014325130455256877,0.00014325130455256877,0.003605249327956084,0.003605249327956084,0.00010956820881647208,0.00010956820881647208,0.001286022947108375,0.001286022947108375,0.00014325130455256877,0.00014325130455256877,0.003605249327956084,0.003605249327956084,0.00010956820881647208,0.00010956820881647208,0.001286022947108375,0.001286022947108375,0.03978091666673814
mc1,LinearModel,947,0.00014638436646146276,0.0026338506459625682,0.0026338506459625682,0.0,-0.00029984235720527223,0.0,-0.004332624452169238,0.0,-0.0007789187367420057,0.0,-0.0018037951820388386,0.004686520620939927,0.004686520620939927,0.0,-0.003916202318665472,0.001292200029059444,0.001292200029059444,0.0019929068833331232,0.0006875061104446328,0.004686520620939927,0.004686520620939927,0.0,-0.003916202318665472,0.001292200029059444,0.001292200029059444,0.0019929068833331232,0.0006875061104446328,0.04105262499918657
mc1,NeuralNetFastAI,947,0.0002510707807121435,0.0026250846864085877,0.0026250846864085877,0.0,-0.0005838165519268246,0.0,-0.005466840320456653,0.0,-0.0009311442165442069,0.0,-0.0023272670296425615,0.0,-0.0010787452747132642,0.0,-0.00966914573953818,0.0024881977733486275,0.0024881977733486275,0.0008293992577828759,-0.0027532310803009383,0.0,-0.0010787452747132642,0.0,-0.00966914573953818,0.0024881977733486275,0.0024881977733486275,0.0008293992577828759,-0.0027532310803009383,0.04081388899915813
mc1,NeuralNetTorch,947,0.00010110961490308469,0.002626690070216347,0.002626690070216347,0.0,-0.0005344757145975438,0.0,-0.004523682667367536,0.0,-0.0017825461424804232,0.0,-0.002280234841481834,0.0022633807136991876,0.0022633807136991876,0.0,-0.006140060200589715,0.00324118061194672,0.00324118061194672,0.0018348537752153025,-0.0002118329583146025,0.0022633807136991876,0.0022633807136991876,0.0,-0.006140060200589715,0.00324118061194672,0.00324118061194672,0.0018348537752153025,-0.0002118329583146025,0.0410968890003763
mc1,RandomForest,947,5.816639252468534e-05,0.002580967733421892,0.002580967733421892,0.0,-0.0005707696150982536,0.0,-0.002871976414671593,0.0,-0.0004175541718269032,0.0,-0.0012867667338655833,0.004339407248571065,0.004339407248571065,0.0004069385462880765,0.0004069385462880765,0.0034467780664494954,0.0034467780664494954,0.0027310412871028784,0.0027310412871028784,0.004339407248571065,0.004339407248571065,0.0004069385462880765,0.0004069385462880765,0.0034467780664494954,0.0034467780664494954,0.0027310412871028784,0.0027310412871028784,0.040827694666707735
mc1,XGBoost,947,6.719166348136656e-05,0.0017722229712900024,0.0017722229712900024,0.0,-0.001160459309085578,0.0,-0.00342672229384195,0.0,-0.001730472621477559,0.0,-0.0021058847414683625,0.0004344747397840149,0.0004344747397840149,0.0,-0.00021078243877231255,0.0,-0.0006686910814059841,0.0001448249132613383,-0.0001483329267980939,0.0004344747397840149,0.0004344747397840149,0.0,-0.00021078243877231255,0.0,-0.0006686910814059841,0.0001448249132613383,-0.0001483329267980939,0.04123606933353585
mozilla4,CatBoost,1555,0.00010475732649914228,0.004283992180305419,0.004283992180305419,0.0,-0.007773435134541127,0.0,-0.0013243491959344495,0.0,-0.004787579670299568,0.0,-0.004628454666925048,0.0,-0.0024834766336823393,0.015342062733309618,0.015342062733309618,0.006387678050580008,0.006387678050580008,0.007243246927963208,0.006415421383402429,0.0,-0.0024834766336823393,0.015342062733309618,0.015342062733309618,0.006387678050580008,0.006387678050580008,0.007243246927963208,0.006415421383402429,0.07250799999989492
mozilla4,ExtraTrees,1555,0.0009227105781339121,0.019337496672612108,0.019337496672612108,0.0,-0.01462020011249896,0.0,-0.009638686440326302,0.0,-0.010396312015574826,0.0,-0.011551732856133362,0.004441586052070573,0.004441586052070573,0.012064308638705414,0.012064308638705414,0.013774919350874099,0.013774919350874099,0.010093604680550027,0.010093604680550027,0.004441586052070573,0.004441586052070573,0.012064308638705414,0.012064308638705414,0.013774919350874099,0.013774919350874099,0.010093604680550027,0.010093604680550027,0.07527609733248634
mozilla4,LightGBM,1555,0.000159472009788727,0.00936400598354699,0.00936400598354699,0.0,-0.006804550493801788,0.0,-0.005855795439689906,0.0,-0.004836348682275637,0.0,-0.00583223153858911,0.0018077281998452458,0.0018077281998452458,0.008150794034542282,0.008150794034542282,0.0,-0.015421052808630792,0.003319507411462509,-0.0018208435247477547,0.0018077281998452458,0.0018077281998452458,0.008150794034542282,0.008150794034542282,0.0,-0.015421052808630792,0.003319507411462509,-0.0018208435247477547,0.07515297200006898
mozilla4,LinearModel,1555,0.00220445800765884,0.015876230313230686,0.015876230313230686,0.0,-0.0007436337151397713,0.0,-0.0002082348875419854,0.0017174284669320868,0.0017174284669320868,0.000572476155644029,0.00025518662141677667,0.019355646257863436,0.019355646257863436,0.017769286422732445,0.017769286422732445,0.015503154012799534,0.015503154012799534,0.01754269556446514,0.01754269556446514,0.019355646257863436,0.019355646257863436,0.017769286422732445,0.017769286422732445,0.015503154012799534,0.015503154012799534,0.01754269556446514,0.01754269556446514,0.07534304166620132
mozilla4,NeuralNetFastAI,1555,0.0010055261190156874,0.020562476577339065,0.020562476577339065,0.0,-0.0021586541483207414,0.0,-7.561986633961591e-05,0.0,-0.0019270018470822266,0.0,-0.0013870919539141948,0.005138555479346748,0.005138555479346748,0.021924681035604125,0.021924681035604125,0.007853774193350909,0.007853774193350909,0.011639003569433926,0.011639003569433926,0.005138555479346748,0.005138555479346748,0.021924681035604125,0.021924681035604125,0.007853774193350909,0.007853774193350909,0.011639003569433926,0.011639003569433926,0.0747440276669901
mozilla4,NeuralNetTorch,1555,0.0007979974933060649,0.013448329768381714,0.013448329768381714,0.0,-0.006054225523068188,0.0,-0.0038874333566823035,0.0,-0.007768088223030891,0.0,-0.005903249034260461,0.001197672954155672,0.001197672954155672,0.0018441620413723963,0.0018441620413723963,0.0,-0.005404048381681639,0.001013944998509356,-0.0007874044620511904,0.001197672954155672,0.001197672954155672,0.0018441620413723963,0.0018441620413723963,0.0,-0.005404048381681639,0.001013944998509356,-0.0007874044620511904,0.0750333750002028
mozilla4,RandomForest,1555,0.0006578447157407265,0.014748294860964668,0.014748294860964668,0.0,-0.015707956551969833,0.0,-0.011545451648149019,0.0,-0.01358924280111706,0.0,-0.013614217000411969,0.0,-0.00038799759108345606,0.009952840145521608,0.009952840145521608,0.010990353809052725,0.010990353809052725,0.006981064651524778,0.006851732121163626,0.0,-0.00038799759108345606,0.009952840145521608,0.009952840145521608,0.010990353809052725,0.010990353809052725,0.006981064651524778,0.006851732121163626,0.07367445833248591
mozilla4,XGBoost,1555,0.00013384213959910505,0.004527395625543843,0.004527395625543843,0.0,-0.01069128533344812,0.0,-0.007665383931284622,0.0,-0.001737284694429403,0.0,-0.006697984653054048,0.00024031588994490635,0.00024031588994490635,0.01104076662356516,0.01104076662356516,0.007289258503393267,0.007289258503393267,0.006190113672301111,0.006190113672301111,0.00024031588994490635,0.00024031588994490635,0.01104076662356516,0.01104076662356516,0.007289258503393267,0.007289258503393267,0.006190113672301111,0.006190113672301111,0.07498701400011971
nomao,CatBoost,3447,0.00014470361669024728,0.003625955038653568,0.003625955038653568,0.0,-0.004237315567716914,0.0,-0.006012089814786906,0.0,-0.0027924275123366745,0.0,-0.004347277631613499,0.0,-0.0004728925154622015,0.0,-0.004555902584215558,0.003934501606170898,0.003934501606170898,0.0013115005353902993,-0.0003647644978356203,0.0,-0.0004728925154622015,0.0,-0.004555902584215558,0.003934501606170898,0.003934501606170898,0.0013115005353902993,-0.0003647644978356203,0.13040512499962156
nomao,ExtraTrees,3447,0.0017768789407561548,0.022720582999909377,0.022720582999909377,0.0,-0.0072699763272507725,0.0,-0.004907271881752238,0.0,-0.006471978516319551,0.0,-0.006216408908440854,0.014709052842268183,0.014709052842268183,0.017402216186220096,0.017402216186220096,0.01490149086893517,0.01490149086893517,0.015670919965807818,0.015670919965807818,0.014709052842268183,0.014709052842268183,0.017402216186220096,0.017402216186220096,0.01490149086893517,0.01490149086893517,0.015670919965807818,0.015670919965807818,0.12973427766701207
nomao,LightGBM,3447,2.7357595544002276e-05,0.002103834546971972,0.002103834546971972,0.0,-0.0066430759405930176,0.0,-0.008285341962290459,0.0,-0.006046669029858801,0.0,-0.006991695644247425,0.000622594556981605,0.000622594556981605,0.0,-0.0022144918621754724,0.0,-0.0021332953852008624,0.00020753151899386834,-0.0012417308967982432,0.000622594556981605,0.000622594556981605,0.0,-0.0022144918621754724,0.0,-0.0021332953852008624,0.00020753151899386834,-0.0012417308967982432,0.12909059733283357
nomao,LinearModel,3447,7.56566533120852e-05,0.004612081453781588,0.004612081453781588,0.0,-0.008159476393225595,0.0,-0.0046893621013522156,0.0,-0.005411549999166413,0.0,-0.006086796164581407,0.0,-0.006823006208925844,0.0034502834172212083,0.0034502834172212083,0.0007404600368490111,0.0007404600368490111,0.001396914484690073,-0.0008774209182852082,0.0,-0.006823006208925844,0.0034502834172212083,0.0034502834172212083,0.0007404600368490111,0.0007404600368490111,0.001396914484690073,-0.0008774209182852082,0.1599406666670499
nomao,NeuralNetFastAI,3447,8.557584359431473e-05,0.004501180151485815,0.004501180151485815,0.0,-0.006047134860234774,0.0,-0.007055723314711028,0.0,-0.007274034526722056,0.0,-0.00679229756722262,0.004789191956638071,0.004789191956638071,0.0,-0.004495883088162941,0.0,-0.0009698449359098261,0.001596397318879357,-0.00022551202247823223,0.004789191956638071,0.004789191956638071,0.0,-0.004495883088162941,0.0,-0.0009698449359098261,0.001596397318879357,-0.00022551202247823223,0.16993397233333477
nomao,NeuralNetTorch,3447,9.360997247336185e-05,0.00656317371732796,0.00656317371732796,0.0,-0.0004370408722358433,0.0,-0.0023060262214340166,0.0,-0.002210970693769171,0.0,-0.0016513459291463437,0.009308982444554243,0.009308982444554243,0.0,-0.0006618273702093724,0.004579066099439055,0.004579066099439055,0.004629349514664433,0.0044087403912613085,0.009308982444554243,0.009308982444554243,0.0,-0.0006618273702093724,0.004579066099439055,0.004579066099439055,0.004629349514664433,0.0044087403912613085,0.17555218066627276
nomao,RandomForest,3447,0.00211467999050397,0.025183486880836287,0.025183486880836287,0.0,-0.004502101213134547,0.0,-0.005633792128982339,0.0,-0.009344534385250514,0.0,-0.006493475909122467,0.017245462465267234,0.017245462465267234,0.01717003428736285,0.01717003428736285,0.009160585322127952,0.009160585322127952,0.014525360691586012,0.014525360691586012,0.017245462465267234,0.017245462465267234,0.01717003428736285,0.01717003428736285,0.009160585322127952,0.009160585322127952,0.014525360691586012,0.014525360691586012,0.17813515266607283
nomao,XGBoost,3447,9.556992200958155e-06,0.0014441128888325516,0.0014441128888325516,0.0,-0.004813677669749357,0.0,-0.00826771542876658,0.0,-0.005150291201648286,0.0,-0.006077228100054742,0.005359317097592055,0.005359317097592055,0.0,-0.0019432594651445922,0.003039917810568676,0.003039917810568676,0.0027997449693869104,0.002151991814338713,0.005359317097592055,0.005359317097592055,0.0,-0.0019432594651445922,0.003039917810568676,0.003039917810568676,0.0027997449693869104,0.002151991814338713,0.17221606966631953
numerai28_6,CatBoost,9632,0.00035483117713662227,0.011971280148927357,0.011971280148927357,0.0,-0.0003386850361246851,0.0,-8.070563776642221e-05,0.0,-0.00016827453260335445,0.0,-0.0001958884021648206,0.009579259103962354,0.009579259103962354,0.012053236235366312,0.012053236235366312,0.009249360718303344,0.009249360718303344,0.01029395201921067,0.01029395201921067,0.009579259103962354,0.009579259103962354,0.012053236235366312,0.012053236235366312,0.009249360718303344,0.009249360718303344,0.01029395201921067,0.01029395201921067,0.3639786946660024
numerai28_6,ExtraTrees,9632,0.0001826482708778305,0.01051235737656537,0.01051235737656537,0.0,-9.090244194898464e-05,0.0,-0.00038316099734727357,0.0,-0.00017726527780240298,0.0,-0.00021710957236622042,0.0,-0.002793225227697347,0.012765041759788397,0.012765041759788397,0.0028367845211611236,0.0028367845211611236,0.005200608760316507,0.004269533684417391,0.0,-0.002793225227697347,0.012765041759788397,0.012765041759788397,0.0028367845211611236,0.0028367845211611236,0.005200608760316507,0.004269533684417391,0.33793018033369054
numerai28_6,LightGBM,9632,0.0002515680942445501,0.011848843371823578,0.011848843371823578,0.0,-0.00014064572956313116,0.0,-0.00011178350963232562,0.0,-2.064725673697643e-05,0.0,-9.102549864414441e-05,0.0,-0.010880236055986628,0.014623033405711682,0.014623033405711682,0.011436118453468794,0.011436118453468794,0.00868638395306016,0.005059638601064616,0.0,-0.010880236055986628,0.014623033405711682,0.014623033405711682,0.011436118453468794,0.011436118453468794,0.00868638395306016,0.005059638601064616,0.34026398599962704
numerai28_6,LinearModel,9632,0.0002761142419707706,0.01254462680633975,0.01254462680633975,0.0,-0.0002461131712791153,0.0,-3.025884262486382e-05,0.0,-0.00019470155708929695,0.0,-0.00015702452366442537,0.0020838252878268297,0.0020838252878268297,0.01649981143689433,0.01649981143689433,0.004447326336390156,0.004447326336390156,0.007676987687037105,0.007676987687037105,0.0020838252878268297,0.0020838252878268297,0.01649981143689433,0.01649981143689433,0.004447326336390156,0.004447326336390156,0.007676987687037105,0.007676987687037105,0.3328272223334352
numerai28_6,NeuralNetFastAI,9632,0.0002771364253259482,0.013133332572654633,0.013133332572654633,0.0,-0.0001632865858050056,0.0,-0.00023500074588824436,0.0,-0.00034556397333312944,0.0,-0.00024795043500879313,0.0,-0.004593263640133447,0.0007797977995387343,0.0007797977995387343,0.0,-0.0068813421271518614,0.00025993259984624477,-0.003564935989248858,0.0,-0.004593263640133447,0.0007797977995387343,0.0007797977995387343,0.0,-0.0068813421271518614,0.00025993259984624477,-0.003564935989248858,0.33743627766671125
numerai28_6,NeuralNetTorch,9632,0.0002644595391366567,0.012526102667284567,0.012526102667284567,0.0,-0.00015845373741561452,0.0,-5.1116296048366516e-05,3.2883793414928325e-05,3.2883793414928325e-05,1.0961264471642774e-05,-5.889541334968423e-05,0.007465360862546387,0.007465360862546387,0.0,-0.0021204053582097606,0.005751582874337898,0.005751582874337898,0.004405647912294762,0.0036988461262248418,0.007465360862546387,0.007465360862546387,0.0,-0.0021204053582097606,0.005751582874337898,0.005751582874337898,0.004405647912294762,0.0036988461262248418,0.3332624303329794
numerai28_6,RandomForest,9632,0.00012645464047984857,0.0071427804631400745,0.0071427804631400745,0.0,-0.00017001762974539256,0.0,-0.00018927856599724636,6.581143397654118e-05,6.581143397654118e-05,2.1937144658847062e-05,-9.78282539220326e-05,0.0033405822890491977,0.0033405822890491977,0.005748048440191239,0.005748048440191239,0.00540204421985288,0.00540204421985288,0.0048302249830311055,0.0048302249830311055,0.0033405822890491977,0.0033405822890491977,0.005748048440191239,0.005748048440191239,0.00540204421985288,0.00540204421985288,0.0048302249830311055,0.0048302249830311055,0.33344606933314935
numerai28_6,XGBoost,9632,0.0003256287364334502,0.01252303114377482,0.01252303114377482,0.0,-0.00034649099099969607,0.0002704077260560589,0.0002704077260560589,0.0,-7.352811556015132e-05,9.013590868535296e-05,-4.9870460167929507e-05,0.0034373687097549043,0.0034373687097549043,0.024294275323244623,0.024294275323244623,0.0012245710747335044,0.0012245710747335044,0.009652071702577677,0.009652071702577677,0.0034373687097549043,0.0034373687097549043,0.024294275323244623,0.024294275323244623,0.0012245710747335044,0.0012245710747335044,0.009652071702577677,0.009652071702577677,0.3342881943341733
