dataset,model,test_size,true_brier,true_l1,true_l2,Quantile-CV_brier_draw0,Quantile-CV_brier_draw0_unclipped,Quantile-CV_brier_draw1,Quantile-CV_brier_draw1_unclipped,Quantile-CV_brier_draw2,Quantile-CV_brier_draw2_unclipped,Quantile-CV_brier,Quantile-CV_brier_unclipped,Quantile-CV_l1_draw0,Quantile-CV_l1_draw0_unclipped,Quantile-CV_l1_draw1,Quantile-CV_l1_draw1_unclipped,Quantile-CV_l1_draw2,Quantile-CV_l1_draw2_unclipped,Quantile-CV_l1,Quantile-CV_l1_unclipped,Quantile-CV_l2_draw0,Quantile-CV_l2_draw0_unclipped,Quantile-CV_l2_draw1,Quantile-CV_l2_draw1_unclipped,Quantile-CV_l2_draw2,Quantile-CV_l2_draw2_unclipped,Quantile-CV_l2,Quantile-CV_l2_unclipped,Quantile-CV_time
2dplanes,CatBoost,4077,0.0010357467002906422,0.016759806470045092,0.016759806470045092,0.0,-0.001404285969699189,0.0,-0.0007420489909351981,0.0,-0.0016701508200646416,0.0,-0.001272161926899676,0.007024727350437014,0.007024727350437014,0.0033942462746317775,0.0033942462746317775,0.0015181888455301404,0.0015181888455301404,0.003979054156866311,0.003979054156866311,0.007024727350437014,0.007024727350437014,0.0033942462746317775,0.0033942462746317775,0.0015181888455301404,0.0015181888455301404,0.003979054156866311,0.003979054156866311,0.002323569333384512
2dplanes,ExtraTrees,4077,0.00060943821379165,0.013471089267672749,0.013471089267672749,0.0,-0.0013599307520532776,0.0,-0.0011307089942635532,0.0,-0.002034893421154752,0.0,-0.0015085110558238609,0.004439350582232178,0.004439350582232178,0.008396378937455923,0.008396378937455923,0.0026356207524172157,0.0026356207524172157,0.0051571167573684394,0.0051571167573684394,0.004439350582232178,0.004439350582232178,0.008396378937455923,0.008396378937455923,0.0026356207524172157,0.0026356207524172157,0.0051571167573684394,0.0051571167573684394,0.0024890693336298377
2dplanes,LightGBM,4077,0.0006452912859289947,0.014063984582822505,0.014063984582822505,0.0,-0.0014836547864496388,0.0,-0.0008774224400336537,0.0,-0.0009187267448192261,0.0,-0.001093267990434173,0.004349015123375148,0.004349015123375148,0.007000486225486023,0.007000486225486023,0.004519247621009611,0.004519247621009611,0.005289582989956927,0.005289582989956927,0.004349015123375148,0.004349015123375148,0.007000486225486023,0.007000486225486023,0.004519247621009611,0.004519247621009611,0.005289582989956927,0.005289582989956927,0.00234933333316197
2dplanes,LinearModel,4077,0.006020850286611491,0.05546835795935246,0.05546835795935246,0.0,-0.00011397352065145232,0.0,-0.0004287419993305608,0.0,-0.00011610385409842966,0.0,-0.00021960645802681427,0.01389123302029945,0.01389123302029945,0.012975250983715601,0.012975250983715601,0.010626220035397324,0.010626220035397324,0.012497568013137459,0.012497568013137459,0.01389123302029945,0.01389123302029945,0.012975250983715601,0.012975250983715601,0.010626220035397324,0.010626220035397324,0.012497568013137459,0.012497568013137459,0.002368333333530851
2dplanes,NeuralNetFastAI,4077,0.0003691270459463433,0.010036207619855754,0.010036207619855754,0.0,-0.0016177407422195893,0.0,-0.0018067236248102947,0.0,-0.0022903916541611798,0.0,-0.0019049520070636879,0.0,-0.0011039797137921074,0.005042585569887858,0.005042585569887858,0.0,-0.0036360616118262233,0.001680861856629286,0.00010084808142317566,0.0,-0.0011039797137921074,0.005042585569887858,0.005042585569887858,0.0,-0.0036360616118262233,0.001680861856629286,0.00010084808142317566,0.0022320833340927493
2dplanes,NeuralNetTorch,4077,0.0003406932270880549,0.009938694772379074,0.009938694772379074,0.0,-0.0008524198222533212,0.0,-0.001490299225001742,0.0,-0.0011859598164537645,0.0,-0.0011762262879029426,0.00033476247014735063,0.00033476247014735063,0.0022897246370167327,0.0022897246370167327,0.005906899549471887,0.005906899549471887,0.0028437955522119898,0.0028437955522119898,0.00033476247014735063,0.00033476247014735063,0.0022897246370167327,0.0022897246370167327,0.005906899549471887,0.005906899549471887,0.0028437955522119898,0.0028437955522119898,0.0022955139999491316
2dplanes,RandomForest,4077,0.000662710189717478,0.012572317079092885,0.012572317079092885,0.0,-0.0013947471089797707,0.0,-5.154168211906315e-05,0.0,-0.0013855332585437827,0.0,-0.0009439406832142056,0.0035672535662445246,0.0035672535662445246,0.00541812533012,0.00541812533012,0.005937530242152008,0.005937530242152008,0.004974303046172177,0.004974303046172177,0.0035672535662445246,0.0035672535662445246,0.00541812533012,0.00541812533012,0.005937530242152008,0.005937530242152008,0.004974303046172177,0.004974303046172177,0.00212527800006986
2dplanes,XGBoost,4077,0.0007391555875778144,0.013616694989012785,0.013616694989012785,0.0,-0.001390498025893105,0.0,-0.0006529318361813629,0.0,-0.0013873612911107626,0.0,-0.0011435970510617433,0.005142384414057511,0.005142384414057511,0.009395530318941506,0.009395530318941506,0.004157688592691139,0.004157688592691139,0.006231867775230052,0.006231867775230052,0.005142384414057511,0.005142384414057511,0.009395530318941506,0.009395530318941506,0.004157688592691139,0.004157688592691139,0.006231867775230052,0.006231867775230052,0.002168055667425506
APSFailure,CatBoost,7600,0.00023072929039153674,0.0018584471185175446,0.0018584471185175446,0.0,-0.008952314935430378,0.0,-0.009201206450781919,0.0,-0.009687996666475058,0.0,-0.009280506017562452,0.00048338686234321933,0.00048338686234321933,0.00010182160194601334,0.00010182160194601334,0.0,-0.000571079903183521,0.0001950694880964109,4.709520368570556e-06,0.00048338686234321933,0.00048338686234321933,0.00010182160194601334,0.00010182160194601334,0.0,-0.000571079903183521,0.0001950694880964109,4.709520368570556e-06,0.003657250000590769
APSFailure,ExtraTrees,7600,0.0006226824370906533,0.0051914377608753915,0.0051914377608753915,0.0,-0.008464052236482172,0.0,-0.007880514721712417,0.0,-0.00816446135682747,0.0,-0.008169676105007352,0.0,-0.005803376446226474,0.0,-0.004172634301980189,0.0,-0.004911771160567648,0.0,-0.004962593969591437,0.0,-0.005803376446226474,0.0,-0.004172634301980189,0.0,-0.004911771160567648,0.0,-0.004962593969591437,0.002978305667056702
APSFailure,LightGBM,7600,0.00045686417862927437,0.0026085678974425864,0.0026085678974425864,0.0,-0.009120993240526693,0.0,-0.00892442345450884,0.0,-0.00955860261640305,0.0,-0.009201339770479527,0.0,-0.0006489990070280041,0.0,-0.00037076403778284753,0.0,-0.0018891905066373894,0.0,-0.0009696511838160803,0.0,-0.0006489990070280041,0.0,-0.00037076403778284753,0.0,-0.0018891905066373894,0.0,-0.0009696511838160803,0.003727347332945404
APSFailure,LinearModel,7600,0.0003803322741956466,0.0034943082985187082,0.0034943082985187082,0.0,-0.00644047986153871,0.0,-0.007934632939181153,0.0,-0.006902593182094485,0.0,-0.007092568660938116,0.000850993588136221,0.000850993588136221,0.0,-0.0014264099634914936,0.0,-0.0008235275328371438,0.0002836645293787403,-0.0004663146360641388,0.000850993588136221,0.000850993588136221,0.0,-0.0014264099634914936,0.0,-0.0008235275328371438,0.0002836645293787403,-0.0004663146360641388,0.003632458333110359
APSFailure,NeuralNetFastAI,7600,0.0005370516703016731,0.002903728571302389,0.002903728571302389,0.0,-0.008249647637594637,0.0,-0.00819986653669343,0.0,-0.008090436665416562,0.0,-0.008179983613234876,0.0,-0.0009132515666588484,0.0,-0.00045947456332765126,0.0,-0.0016883480830340073,0.0,-0.0010203580710068357,0.0,-0.0009132515666588484,0.0,-0.00045947456332765126,0.0,-0.0016883480830340073,0.0,-0.0010203580710068357,0.003603499999978036
APSFailure,NeuralNetTorch,7600,0.0003528082933513664,0.0026576990019937415,0.0026576990019937415,0.0,-0.0065234319805659805,0.0,-0.008039577247484046,0.0,-0.0070459307948226016,0.0,-0.007202980007624209,2.21721075879606e-05,2.21721075879606e-05,0.0,-0.0010654853777556414,0.0,-0.00040330957694598174,7.390702529320199e-06,-0.00048220761570455414,2.21721075879606e-05,2.21721075879606e-05,0.0,-0.0010654853777556414,0.0,-0.00040330957694598174,7.390702529320199e-06,-0.00048220761570455414,0.0036061389995059776
APSFailure,RandomForest,7600,0.0007705903281132056,0.0069554844467050935,0.0069554844467050935,0.0,-0.008846971971239934,0.0,-0.008624528421472584,0.0,-0.008835292384856839,0.0,-0.008768930925856452,0.0,-0.0036271930183896695,0.0,-0.003073684252786303,0.0,-0.003991228104017577,0.0,-0.0035640351250645166,0.0,-0.0036271930183896695,0.0,-0.003073684252786303,0.0,-0.003991228104017577,0.0,-0.0035640351250645166,0.0026894166670293393
APSFailure,XGBoost,7600,0.0004522037960324727,0.00276524990062937,0.00276524990062937,0.0,-0.009674562618439866,0.0,-0.009727663902870894,0.0,-0.009772911689684277,0.0,-0.009725046070331679,0.0,-0.0004589352839167604,0.0,-0.0006390166292169995,0.0,-0.0015160211972454962,0.0,-0.0008713243701264187,0.0,-0.0004589352839167604,0.0,-0.0006390166292169995,0.0,-0.0015160211972454962,0.0,-0.0008713243701264187,0.003575500000200312
Amazon_employee_access,CatBoost,3277,6.587767880525423e-05,0.007047274838570309,0.007047274838570309,0.0,-0.003943140557970031,0.0,-0.0026055600738044025,0.0,-0.0035370994752717184,0.0,-0.003361933369015384,0.002902687381444852,0.002902687381444852,0.007517369014435801,0.007517369014435801,0.003760354930457088,0.003760354930457088,0.004726803775445914,0.004726803775445914,0.002902687381444852,0.002902687381444852,0.007517369014435801,0.007517369014435801,0.003760354930457088,0.003760354930457088,0.004726803775445914,0.004726803775445914,0.0019450833339457556
Amazon_employee_access,ExtraTrees,3277,0.0011848128098959204,0.021936008014946693,0.021936008014946693,0.0,-0.0010027405375793936,0.0,-0.0018565058101988224,0.0,-0.0025273263069702564,0.0,-0.001795524218249491,0.021209188726459802,0.021209188726459802,0.019752594535766232,0.019752594535766232,0.017340634617275825,0.017340634617275825,0.019434139293167285,0.019434139293167285,0.021209188726459802,0.021209188726459802,0.019752594535766232,0.019752594535766232,0.017340634617275825,0.017340634617275825,0.019434139293167285,0.019434139293167285,0.0019392360009078402
Amazon_employee_access,LightGBM,3277,0.00011584613744030146,0.006122729817486624,0.006122729817486624,0.0,-0.003473371590089714,0.0,-0.002371441435999466,0.0,-0.0029781214787856012,0.0,-0.002940978168291594,0.0,-0.003299112729830534,0.0,-0.0019431165375467987,0.0,-0.002209140270320897,0.0,-0.00248378984589941,0.0,-0.003299112729830534,0.0,-0.0019431165375467987,0.0,-0.002209140270320897,0.0,-0.00248378984589941,0.001953874999647572
Amazon_employee_access,LinearModel,3277,0.000577567983805529,0.015529851627251633,0.015529851627251633,0.0,-0.0020507756697758293,0.0,-0.000146287579234201,0.0,-0.0014649774972818354,0.0,-0.0012206802487639554,0.011314154733034907,0.011314154733034907,0.01821355215425276,0.01821355215425276,0.012575088756037878,0.012575088756037878,0.014034265214441849,0.014034265214441849,0.011314154733034907,0.011314154733034907,0.01821355215425276,0.01821355215425276,0.012575088756037878,0.012575088756037878,0.014034265214441849,0.014034265214441849,0.0019344026671509103
Amazon_employee_access,NeuralNetFastAI,3277,0.0003750018116364677,0.009594039574861163,0.009594039574861163,0.0,-0.0021031142576001154,0.0,-0.0024108077871619,0.0,-0.0007762444981188877,0.0,-0.0017633888476269678,0.004283095241902549,0.004283095241902549,0.002381250389581924,0.002381250389581924,0.009854373874226321,0.009854373874226321,0.005506239835236931,0.005506239835236931,0.004283095241902549,0.004283095241902549,0.002381250389581924,0.002381250389581924,0.009854373874226321,0.009854373874226321,0.005506239835236931,0.005506239835236931,0.001930527666748579
Amazon_employee_access,NeuralNetTorch,3277,0.001192830126488589,0.0172959970043751,0.0172959970043751,0.0,-0.0011089288768085077,0.0,-0.0021168250703880774,0.0,-0.0016453225346068573,0.0,-0.0016236921606011475,0.003749159125791369,0.003749159125791369,0.0059865340022077496,0.0059865340022077496,0.008113639485483166,0.008113639485483166,0.005949777537827428,0.005949777537827428,0.003749159125791369,0.003749159125791369,0.0059865340022077496,0.0059865340022077496,0.008113639485483166,0.008113639485483166,0.005949777537827428,0.005949777537827428,0.0019240833328998026
Amazon_employee_access,RandomForest,3277,0.0010407990874690906,0.019401031244190358,0.019401031244190358,0.0,-0.0031633434428697035,0.0,-0.0026875715865663902,0.0,-0.0029052515772673747,0.0,-0.0029187222022344895,0.01193182434128449,0.01193182434128449,0.014617211591517158,0.014617211591517158,0.014476753000555367,0.014476753000555367,0.01367526297778567,0.01367526297778567,0.01193182434128449,0.01193182434128449,0.014617211591517158,0.014617211591517158,0.014476753000555367,0.014476753000555367,0.01367526297778567,0.01367526297778567,0.001987250000335431
Amazon_employee_access,XGBoost,3277,6.127144786686918e-05,0.006959118745905035,0.006959118745905035,0.0,-0.00332166880709903,0.0,-0.002709066950207827,0.0,-0.004377927056959751,0.0,-0.0034695542714222025,0.005807417218945977,0.005807417218945977,0.0041990387908543685,0.0041990387908543685,0.000937876892655515,0.000937876892655515,0.0036481109674852863,0.0036481109674852863,0.005807417218945977,0.005807417218945977,0.0041990387908543685,0.0041990387908543685,0.000937876892655515,0.000937876892655515,0.0036481109674852863,0.0036481109674852863,0.002049375000448587
Click_prediction_small,CatBoost,3995,0.00038633628898235186,0.01768859708588454,0.01768859708588454,0.0,-0.00130572291597332,0.0,-0.0019919040812128265,0.0,-0.001362363491777509,0.0,-0.001553330162987885,0.011352788981339325,0.011352788981339325,0.0024887710820198135,0.0024887710820198135,0.002846270503455281,0.002846270503455281,0.005562610188938139,0.005562610188938139,0.011352788981339325,0.011352788981339325,0.0024887710820198135,0.0024887710820198135,0.002846270503455281,0.002846270503455281,0.005562610188938139,0.005562610188938139,0.0022759999992558733
Click_prediction_small,ExtraTrees,3995,0.0008215564260373532,0.023610837407146718,0.023610837407146718,0.0,-0.0008490277366117152,0.0,-0.0018992408727505408,0.0,-0.0006922191634062798,0.0,-0.0011468292575895118,0.01671750929890823,0.01671750929890823,0.0045843463807771255,0.0045843463807771255,0.01722536228698572,0.01722536228698572,0.01284240598889036,0.01284240598889036,0.01671750929890823,0.01671750929890823,0.0045843463807771255,0.0045843463807771255,0.01722536228698572,0.01722536228698572,0.01284240598889036,0.01284240598889036,0.002236305666883709
Click_prediction_small,LightGBM,3995,0.0004458847215889114,0.01815457796381882,0.01815457796381882,5.968586262722432e-05,5.968586262722432e-05,0.0,-0.0025136740624968055,0.0,-0.0022902146274306956,1.9895287542408105e-05,-0.0015814009424334255,0.021050860156865792,0.021050860156865792,0.007074541915954092,0.007074541915954092,0.0,-0.005311899742831911,0.009375134024273294,0.007604500776662658,0.021050860156865792,0.021050860156865792,0.007074541915954092,0.007074541915954092,0.0,-0.005311899742831911,0.009375134024273294,0.007604500776662658,0.0022161943331108582
Click_prediction_small,LinearModel,3995,0.003433357252839177,0.038138102764381475,0.038138102764381475,0.0017976142386594823,0.0017976142386594823,0.0008586265108458469,0.0008586265108458469,0.0005600362899865327,0.0005600362899865327,0.0010720923464972874,0.0010720923464972874,0.036367091683039116,0.036367091683039116,0.022378484243748522,0.022378484243748522,0.028776070153053956,0.028776070153053956,0.029173882026613866,0.029173882026613866,0.036367091683039116,0.036367091683039116,0.022378484243748522,0.022378484243748522,0.028776070153053956,0.028776070153053956,0.029173882026613866,0.029173882026613866,0.002240208334114868
Click_prediction_small,NeuralNetFastAI,3995,0.0006152494557119272,0.02168230629401941,0.02168230629401941,0.00031102875896253017,0.00031102875896253017,0.0,-0.0012694500101714135,0.0,-0.0016847148521876045,0.00010367625298751005,-0.0008810453677988293,0.022754343844908237,0.022754343844908237,0.010020470605797142,0.010020470605797142,0.00590427063640967,0.00590427063640967,0.012893028362371682,0.012893028362371682,0.022754343844908237,0.022754343844908237,0.010020470605797142,0.010020470605797142,0.00590427063640967,0.00590427063640967,0.012893028362371682,0.012893028362371682,0.0021892500008107163
Click_prediction_small,NeuralNetTorch,3995,0.000906484864703196,0.025087184047802014,0.025087184047802014,0.00032723756374113057,0.00032723756374113057,0.0,-0.0011800559667920387,0.0,-0.0008344493319308656,0.00010907918791371019,-0.000562422578327258,0.020527592069237436,0.020527592069237436,0.015690419660736626,0.015690419660736626,0.012810548304991613,0.012810548304991613,0.01634285334498856,0.01634285334498856,0.020527592069237436,0.020527592069237436,0.015690419660736626,0.015690419660736626,0.012810548304991613,0.012810548304991613,0.01634285334498856,0.01634285334498856,0.0022434166664121826
Click_prediction_small,RandomForest,3995,0.0011413213978873715,0.02535429986824517,0.02535429986824517,0.0,-1.6582454510403423e-05,0.0,-0.0012908571702229385,0.0,-0.0008502283381976511,0.0,-0.000719222654310331,0.02416980605889654,0.02416980605889654,0.015137372804068096,0.015137372804068096,0.006869856678557003,0.006869856678557003,0.015392345180507213,0.015392345180507213,0.02416980605889654,0.02416980605889654,0.015137372804068096,0.015137372804068096,0.006869856678557003,0.006869856678557003,0.015392345180507213,0.015392345180507213,0.0022369026664819103
Click_prediction_small,XGBoost,3995,0.00047790328474461684,0.018971117007725632,0.018971117007725632,0.0,-0.0007974472262515349,0.0,-0.0024322751018497923,0.0,-0.0016803634928488605,0.0,-0.0016366952736500625,0.017119009535233997,0.017119009535233997,0.0037356112481331514,0.0037356112481331514,0.009696401085253475,0.009696401085253475,0.010183673956206875,0.010183673956206875,0.017119009535233997,0.017119009535233997,0.0037356112481331514,0.0037356112481331514,0.009696401085253475,0.009696401085253475,0.010183673956206875,0.010183673956206875,0.0022737916672970946
PhishingWebsites,CatBoost,1106,0.00011501653449411958,0.003910267557744939,0.003910267557744939,0.0,-0.002701089974950022,0.0,-0.00038135809492382015,0.0,-0.002898658880242681,0.0,-0.0019937023167055077,0.004263098127502193,0.004263098127502193,0.005445234508931158,0.005445234508931158,0.0014291540557914363,0.0014291540557914363,0.003712495564074929,0.003712495564074929,0.004263098127502193,0.004263098127502193,0.005445234508931158,0.005445234508931158,0.0014291540557914363,0.0014291540557914363,0.003712495564074929,0.003712495564074929,0.0011053750010129686
PhishingWebsites,ExtraTrees,1106,0.0066681586143801565,0.05625384704162044,0.05625384704162044,0.0027669198821887123,0.0027669198821887123,0.004253263292023286,0.004253263292023286,0.0047447692540214075,0.0047447692540214075,0.003921650809411135,0.003921650809411135,0.04625600934983105,0.04625600934983105,0.04910739779564557,0.04910739779564557,0.051478233547425686,0.051478233547425686,0.04894721356430076,0.04894721356430076,0.04625600934983105,0.04625600934983105,0.04910739779564557,0.04910739779564557,0.051478233547425686,0.051478233547425686,0.04894721356430076,0.04894721356430076,0.0010649166664128036
PhishingWebsites,LightGBM,1106,9.452185636811948e-05,0.0038107923112926127,0.0038107923112926127,0.0,-0.001441668349255832,0.0,-0.00324345332715082,0.0,-0.0037220882615202617,0.0,-0.0028024033126423046,0.005213134587143155,0.005213134587143155,0.0036865403603169363,0.0036865403603169363,0.0013649258090920576,0.0013649258090920576,0.0034215335855173833,0.0034215335855173833,0.005213134587143155,0.005213134587143155,0.0036865403603169363,0.0036865403603169363,0.0013649258090920576,0.0013649258090920576,0.0034215335855173833,0.0034215335855173833,0.0011127223333460279
PhishingWebsites,LinearModel,1106,0.00021872736660312296,0.00902476140604523,0.00902476140604523,0.0,-0.0023916599170161136,0.0,-0.002033559675433608,0.0,-0.002195203399522309,0.0,-0.002206807663990677,0.0015365709178303969,0.0015365709178303969,0.0,-0.007253243895661604,0.00014099412095704383,0.00014099412095704383,0.0005591883462624802,-0.0018585596189580544,0.0015365709178303969,0.0015365709178303969,0.0,-0.007253243895661604,0.00014099412095704383,0.00014099412095704383,0.0005591883462624802,-0.0018585596189580544,0.0010398193335277028
PhishingWebsites,NeuralNetFastAI,1106,4.744237505240245e-05,0.003141969719634052,0.003141969719634052,0.0,-0.0034141942607498203,0.0,-0.0020873517620999026,0.0,-0.0025282120985230913,0.0,-0.0026765860404576046,0.0023454655770483133,0.0023454655770483133,0.0039545027630143855,0.0039545027630143855,0.0025448134584397423,0.0025448134584397423,0.0029482605995008134,0.0029482605995008134,0.0023454655770483133,0.0023454655770483133,0.0039545027630143855,0.0039545027630143855,0.0025448134584397423,0.0025448134584397423,0.0029482605995008134,0.0029482605995008134,0.0010929723333295744
PhishingWebsites,NeuralNetTorch,1106,0.00011321565322257829,0.004358799474228134,0.004358799474228134,0.0,-0.00480647430578347,0.0,-0.000569619539170939,0.0,-0.0036021684746289804,0.0,-0.002992754106527797,0.0,-0.005060879350334854,0.0034361166133463966,0.0034361166133463966,0.0,-0.002200443007291734,0.0011453722044487988,-0.0012750685814267304,0.0,-0.005060879350334854,0.0034361166133463966,0.0034361166133463966,0.0,-0.002200443007291734,0.0011453722044487988,-0.0012750685814267304,0.0010483890000614338
PhishingWebsites,RandomForest,1106,0.005133421861791541,0.04618638428999584,0.04618638428999584,0.0003649095702140485,0.0003649095702140485,0.0019828431350693843,0.0019828431350693843,0.001214813818775771,0.001214813818775771,0.0011875221746864013,0.0011875221746864013,0.030366551473637926,0.030366551473637926,0.036252938048353785,0.036252938048353785,0.036394612576424,0.036394612576424,0.034338034032805234,0.034338034032805234,0.030366551473637926,0.030366551473637926,0.036252938048353785,0.036252938048353785,0.036394612576424,0.036394612576424,0.034338034032805234,0.034338034032805234,0.001037138665803165
PhishingWebsites,XGBoost,1106,8.611671452407753e-05,0.0031778621042838112,0.0031778621042838112,0.0,-0.005113293530112646,0.0,-0.0009621257868458709,0.0,-0.002148377225947284,0.0,-0.0027412655143019336,0.0,-0.0014113797446948075,0.008895264591260197,0.008895264591260197,0.004689702106639462,0.004689702106639462,0.0045283222326332195,0.004057862317734951,0.0,-0.0014113797446948075,0.008895264591260197,0.008895264591260197,0.004689702106639462,0.004689702106639462,0.0045283222326332195,0.004057862317734951,0.0010374723339433938
Run_or_walk_information,CatBoost,8859,0.00010483370935025374,0.001972443140557718,0.001972443140557718,0.0,-0.012519471732476738,0.0,-0.013207932435106193,0.0,-0.012757167030527804,0.0,-0.012828190399370243,0.00048575934960824155,0.00048575934960824155,0.0,-0.0006483084421924209,0.0003638749278381923,0.0003638749278381923,0.00028321142581547794,6.710861175133765e-05,0.00048575934960824155,0.00048575934960824155,0.0,-0.0006483084421924209,0.0003638749278381923,0.0003638749278381923,0.00028321142581547794,6.710861175133765e-05,0.003815472333371872
Run_or_walk_information,ExtraTrees,8859,0.002147695508629922,0.02022570610150847,0.02022570610150847,0.0,-0.010488878759705281,0.0,-0.010055935975267615,0.0,-0.010924527428838905,0.0,-0.010489780721270601,0.0,-0.0007521557076152392,0.00042705951269683646,0.00042705951269683646,0.0,-0.002005871332667155,0.00014235317089894548,-0.0007769891758618525,0.0,-0.0007521557076152392,0.00042705951269683646,0.00042705951269683646,0.0,-0.002005871332667155,0.00014235317089894548,-0.0007769891758618525,0.003503471999768711
Run_or_walk_information,LightGBM,8859,0.00010954628564335039,0.0022700646441504158,0.0022700646441504158,0.0,-0.012990433216724294,0.0,-0.013066269721314815,0.0,-0.01344876225530521,0.0,-0.013168488397781439,0.0,-0.001058322155941484,0.0,-0.0019125838598551134,0.0,-0.002209641557720904,0.0,-0.0017268491911725005,0.0,-0.001058322155941484,0.0,-0.0019125838598551134,0.0,-0.002209641557720904,0.0,-0.0017268491911725005,0.003956791667102759
Run_or_walk_information,LinearModel,8859,0.046580505774797464,0.15507859029528043,0.15507859029528043,0.031159590586098383,0.031159590586098383,0.03276848996831658,0.03276848996831658,0.03312223894660442,0.03312223894660442,0.032350106500339794,0.032350106500339794,0.12442576889740084,0.12442576889740084,0.1272553767010281,0.1272553767010281,0.13433855879223455,0.13433855879223455,0.12867323479688783,0.12867323479688783,0.12442576889740084,0.12442576889740084,0.1272553767010281,0.1272553767010281,0.13433855879223455,0.13433855879223455,0.12867323479688783,0.12867323479688783,0.003953916667038963
Run_or_walk_information,NeuralNetFastAI,8859,0.0001224129144028694,0.003099597334877249,0.003099597334877249,0.0,-0.010858991442922647,0.0,-0.0115466458738889,0.0,-0.011613663445690859,0.0,-0.011339766920834137,0.0,-0.0014279534309812488,0.0,-0.0010300850924080344,0.0,-0.0011439682565670974,0.0,-0.001200668926652127,0.0,-0.0014279534309812488,0.0,-0.0010300850924080344,0.0,-0.0011439682565670974,0.0,-0.001200668926652127,0.0038648053341603372
Run_or_walk_information,NeuralNetTorch,8859,7.932355281150218e-05,0.0019208274511967615,0.0019208274511967615,0.0,-0.010156943658434163,0.0,-0.011328882076227342,0.0,-0.01184775159997339,0.0,-0.011111192444878298,0.0010972427574549258,0.0010972427574549258,0.0,-0.0007050322710762519,0.0,-0.0011456567360726636,0.0003657475858183086,-0.0002511487498979966,0.0010972427574549258,0.0010972427574549258,0.0,-0.0007050322710762519,0.0,-0.0011456567360726636,0.0003657475858183086,-0.0002511487498979966,0.003681416666950099
Run_or_walk_information,RandomForest,8859,0.0007853873470846317,0.010882730248931247,0.010882730248931247,0.0,-0.010961683357634595,0.0,-0.011206481382793721,0.0,-0.010893838888139898,0.0,-0.011020667876189405,0.0,-0.002066395231494104,0.0,-0.0021907219714203106,0.0,-0.0018535347332103156,0.0,-0.002036883978708243,0.0,-0.002066395231494104,0.0,-0.0021907219714203106,0.0,-0.0018535347332103156,0.0,-0.002036883978708243,0.003591041667580915
Run_or_walk_information,XGBoost,8859,9.801705724564982e-06,0.0010685539641082551,0.0010685539641082551,0.0,-0.012379437711312847,0.0,-0.012721312411519472,0.0,-0.012091473916591199,0.0,-0.012397408013141173,0.000632150978480775,0.000632150978480775,0.0,-0.0014727766974182359,0.000553861004763263,0.000553861004763263,0.0003953373277480127,-9.558823805806596e-05,0.000632150978480775,0.000632150978480775,0.0,-0.0014727766974182359,0.000553861004763263,0.000553861004763263,0.0003953373277480127,-9.558823805806596e-05,0.003877208332899803
adult,CatBoost,4885,0.0006152181577692995,0.01687512706217434,0.01687512706217434,0.0,-0.0005439826807709113,0.0,-0.0005112879477174833,0.00021409988722649172,0.00021409988722649172,7.136662907549724e-05,-0.00028039024708730097,0.013871985523891413,0.013871985523891413,0.01420626014468146,0.01420626014468146,0.01629752704736283,0.01629752704736283,0.014791924238645235,0.014791924238645235,0.013871985523891413,0.013871985523891413,0.01420626014468146,0.01420626014468146,0.01629752704736283,0.01629752704736283,0.014791924238645235,0.014791924238645235,0.0024721113331906963
adult,ExtraTrees,4885,0.0011370991685457355,0.025229521107036034,0.025229521107036034,0.0006679812925296032,0.0006679812925296032,0.0009550687267640087,0.0009550687267640087,0.0,-0.0001768786978188966,0.0005410166730978706,0.00048205710715823843,0.02419339594945424,0.02419339594945424,0.02467177696666431,0.02467177696666431,0.015797086875060897,0.015797086875060897,0.02155408659705982,0.02155408659705982,0.02419339594945424,0.02419339594945424,0.02467177696666431,0.02467177696666431,0.015797086875060897,0.015797086875060897,0.02155408659705982,0.02155408659705982,0.002471527666784823
adult,LightGBM,4885,0.0004237835510739854,0.013610577703054249,0.013610577703054249,0.00017248290705894486,0.00017248290705894486,0.0,-0.0005803448033589393,0.0,-0.0010597167040663571,5.749430235298162e-05,-0.0004891928667887838,0.009704987383198254,0.009704987383198254,0.006900010711965716,0.006900010711965716,0.0038321280460875597,0.0038321280460875597,0.006812375380417177,0.006812375380417177,0.009704987383198254,0.009704987383198254,0.006900010711965716,0.006900010711965716,0.0038321280460875597,0.0038321280460875597,0.006812375380417177,0.006812375380417177,0.002458027667065229
adult,LinearModel,4885,0.00027479023834166164,0.01382074661413434,0.01382074661413434,0.0,-0.0006717223911658824,0.0,-0.0012223533985692295,0.0,-0.0006899507747631354,0.0,-0.0008613421881660824,0.013435362514053965,0.013435362514053965,0.005276469358343973,0.005276469358343973,0.0072069268604518155,0.0072069268604518155,0.008639586244283251,0.008639586244283251,0.013435362514053965,0.013435362514053965,0.005276469358343973,0.005276469358343973,0.0072069268604518155,0.0072069268604518155,0.008639586244283251,0.008639586244283251,0.002469430666678818
adult,NeuralNetFastAI,4885,0.0007270421928356895,0.019435569401433525,0.019435569401433525,0.0,-0.0009677488376533671,0.0,-0.0006085542347715446,0.0,-0.0005976469763548613,0.0,-0.0007246500162599244,0.010784389249986051,0.010784389249986051,0.016727751506011943,0.016727751506011943,0.014232624697921149,0.014232624697921149,0.013914921817973047,0.013914921817973047,0.010784389249986051,0.010784389249986051,0.016727751506011943,0.016727751506011943,0.014232624697921149,0.014232624697921149,0.013914921817973047,0.013914921817973047,0.0024892776673368644
adult,NeuralNetTorch,4885,0.0009504127682872356,0.020245912457373255,0.020245912457373255,0.0,-0.0006085678171929635,9.697665994513092e-05,9.697665994513092e-05,0.0,-0.0003716945528045631,3.232555331504364e-05,-0.00029442857001746526,0.0075026176664244534,0.0075026176664244534,0.015222854950629248,0.015222854950629248,0.012907107028958654,0.012907107028958654,0.011877526548670787,0.011877526548670787,0.0075026176664244534,0.0075026176664244534,0.015222854950629248,0.015222854950629248,0.012907107028958654,0.012907107028958654,0.011877526548670787,0.011877526548670787,0.0025232916668755934
adult,RandomForest,4885,0.0012868164993794738,0.026970672527330302,0.026970672527330302,0.00038047730140944574,0.00038047730140944574,0.0016257045809046577,0.0016257045809046577,0.0,-0.0007482609411374184,0.0006687272941047011,0.0004193069803922283,0.02440487681730851,0.02440487681730851,0.030067857469806183,0.030067857469806183,0.010621939816199957,0.010621939816199957,0.021698224701104885,0.021698224701104885,0.02440487681730851,0.02440487681730851,0.030067857469806183,0.030067857469806183,0.010621939816199957,0.010621939816199957,0.021698224701104885,0.021698224701104885,0.0025124026663737218
adult,XGBoost,4885,0.0005345494552161558,0.016391190786140295,0.016391190786140295,0.0,-0.0007250196597543007,0.0,-0.00035260873624475643,0.0,-0.0012740977284513737,0.0,-0.0007839087081501437,0.010996873513710164,0.010996873513710164,0.010133900566340708,0.010133900566340708,0.003883258200083316,0.003883258200083316,0.00833801076004473,0.00833801076004473,0.010996873513710164,0.010996873513710164,0.010133900566340708,0.010133900566340708,0.003883258200083316,0.003883258200083316,0.00833801076004473,0.00833801076004473,0.0026470556658750866
ailerons,CatBoost,1375,0.00027630217784780714,0.011567778694020077,0.011567778694020077,0.0,-0.0019585997706007873,0.0,-0.0017648954561908458,0.0,-0.0026976337450963636,0.0,-0.0021403763239626655,0.006334915716074068,0.006334915716074068,0.007747877585151317,0.007747877585151317,0.0047436583633534615,0.0047436583633534615,0.006275483888192948,0.006275483888192948,0.006334915716074068,0.006334915716074068,0.007747877585151317,0.007747877585151317,0.0047436583633534615,0.0047436583633534615,0.006275483888192948,0.006275483888192948,0.0011976666670913498
ailerons,ExtraTrees,1375,0.0013176445909882613,0.0290793574283598,0.0290793574283598,0.0,-0.00044406590031560397,0.0,-0.0010637216127447697,0.0,-0.0017185959120434688,0.0,-0.001075461141701281,0.021334088656003586,0.021334088656003586,0.021973822035540994,0.021973822035540994,0.02020966671336315,0.02020966671336315,0.021172525801635908,0.021172525801635908,0.021334088656003586,0.021334088656003586,0.021973822035540994,0.021973822035540994,0.02020966671336315,0.02020966671336315,0.021172525801635908,0.021172525801635908,0.0011565416668114874
ailerons,LightGBM,1375,0.00011693810695666074,0.008554613836744631,0.008554613836744631,0.0,-0.002562265180126393,0.0,-0.0018188214251461995,0.0,-0.0022227746810800347,0.0,-0.0022012870954508756,0.0,-0.009176213173449717,0.009601032451049171,0.009601032451049171,0.0002923045228658752,0.0002923045228658752,0.0032977789913050154,0.0002390412668217763,0.0,-0.009176213173449717,0.009601032451049171,0.009601032451049171,0.0002923045228658752,0.0002923045228658752,0.0032977789913050154,0.0002390412668217763,0.0011931806669357077
ailerons,LinearModel,1375,0.0001836785291027428,0.010391804801025004,0.010391804801025004,0.0,-0.002543833135180771,0.0,-0.002244335137267477,0.0,-0.0008926018764666909,0.0,-0.001893590049638313,0.0,-0.010604988093318586,0.003604435680349442,0.003604435680349442,0.008060107249512592,0.008060107249512592,0.003888180976620678,0.0003531849455144824,0.0,-0.010604988093318586,0.003604435680349442,0.003604435680349442,0.008060107249512592,0.008060107249512592,0.003888180976620678,0.0003531849455144824,0.0011929723332286812
ailerons,NeuralNetFastAI,1375,0.0001645495308457295,0.009278845729904126,0.009278845729904126,0.0,-0.0025109956653632474,0.0,-0.0024776786349019015,0.0,-0.0014696016842445554,0.0,-0.002152758661503235,0.0,-0.003145131989768329,0.0012462333261238118,0.0012462333261238118,0.004711004281453742,0.004711004281453742,0.0019857458691925176,0.0009373685392697414,0.0,-0.003145131989768329,0.0012462333261238118,0.0012462333261238118,0.004711004281453742,0.004711004281453742,0.0019857458691925176,0.0009373685392697414,0.0011785136666730978
ailerons,NeuralNetTorch,1375,0.0002283116865340639,0.010233639353312108,0.010233639353312108,0.0,-0.002308459929577661,0.0,-0.0015370207356644233,0.0,-0.0019586614047270878,0.0,-0.0019347140233230576,0.0,-0.01696605595882548,0.0007875462424629156,0.0007875462424629156,0.0038922891318401193,0.0038922891318401193,0.0015599451247676783,-0.004095406861507483,0.0,-0.01696605595882548,0.0007875462424629156,0.0007875462424629156,0.0038922891318401193,0.0038922891318401193,0.0015599451247676783,-0.004095406861507483,0.0011634863330982625
ailerons,RandomForest,1375,0.0006854447630043796,0.0203316415928791,0.0203316415928791,0.0,-0.0017172351559039643,0.0,-0.0012374290035021933,0.0,-0.0009562160595559853,0.0,-0.0013036267396540476,0.0014506251439558003,0.0014506251439558003,0.006427015034323135,0.006427015034323135,0.015192851949155076,0.015192851949155076,0.007690164042478004,0.007690164042478004,0.0014506251439558003,0.0014506251439558003,0.006427015034323135,0.006427015034323135,0.015192851949155076,0.015192851949155076,0.007690164042478004,0.007690164042478004,0.0011496110006798215
ailerons,XGBoost,1375,7.454605353151486e-05,0.0065705054893200705,0.0065705054893200705,0.0,-0.0027558678939990145,0.0,-0.0021418372310415246,0.0,-0.0016396191022571734,0.0,-0.0021791080757659043,0.0013808256204197692,0.0013808256204197692,0.00329606054242785,0.00329606054242785,0.005626738976285031,0.005626738976285031,0.0034345417130442167,0.0034345417130442167,0.0013808256204197692,0.0013808256204197692,0.00329606054242785,0.00329606054242785,0.005626738976285031,0.005626738976285031,0.0034345417130442167,0.0034345417130442167,0.0011431943324472134
bank-marketing,CatBoost,4522,0.0005132235775827006,0.01307845357417823,0.01307845357417823,0.0,-0.00013033256693788887,0.0,-0.00014905516130954646,0.0,-0.0006198991278201251,0.0,-0.00029976228535585344,0.0075703727298529425,0.0075703727298529425,0.00631731421135527,0.00631731421135527,0.008590135732829922,0.008590135732829922,0.007492607558012711,0.007492607558012711,0.0075703727298529425,0.0075703727298529425,0.00631731421135527,0.00631731421135527,0.008590135732829922,0.008590135732829922,0.007492607558012711,0.007492607558012711,0.002485735999168052
bank-marketing,ExtraTrees,4522,0.00027389379500799627,0.011776435399688001,0.011776435399688001,0.0,-0.0007577737598258763,0.0,-0.0015392376001385343,0.0,-0.0017456119818347216,0.0,-0.001347541113933044,0.0067243629061028804,0.0067243629061028804,0.0021688445789818213,0.0021688445789818213,0.0021463362335083316,0.0021463362335083316,0.0036798479061976776,0.0036798479061976776,0.0067243629061028804,0.0067243629061028804,0.0021688445789818213,0.0021688445789818213,0.0021463362335083316,0.0021463362335083316,0.0036798479061976776,0.0036798479061976776,0.002614527666689052
bank-marketing,LightGBM,4522,0.00020177039456570074,0.008544793628403111,0.008544793628403111,0.0,-0.0009080851224284081,0.0003110534325020129,0.0003110534325020129,0.0,-0.0014954122482412826,0.00010368447750067095,-0.0006974813127225593,0.0028310774609715734,0.0028310774609715734,0.009326201793113734,0.009326201793113734,0.004032771814900257,0.004032771814900257,0.005396683689661855,0.005396683689661855,0.0028310774609715734,0.0028310774609715734,0.009326201793113734,0.009326201793113734,0.004032771814900257,0.004032771814900257,0.005396683689661855,0.005396683689661855,0.0025859583341419543
bank-marketing,LinearModel,4522,0.001231073646633584,0.01771170175477092,0.01771170175477092,0.00043360410545988326,0.00043360410545988326,0.0,-0.0003687407365244803,0.0009687204928556057,0.0009687204928556057,0.0004674415327718296,0.0003445279539303362,0.0176084831995124,0.0176084831995124,0.008246372266334685,0.008246372266334685,0.016600645399647375,0.016600645399647375,0.014151833621831486,0.014151833621831486,0.0176084831995124,0.0176084831995124,0.008246372266334685,0.008246372266334685,0.016600645399647375,0.016600645399647375,0.014151833621831486,0.014151833621831486,0.0024819999998726416
bank-marketing,NeuralNetFastAI,4522,0.0001663844076763581,0.006980738153360599,0.006980738153360599,0.0,-0.000882113883851409,0.0,-0.0005509017017535818,0.0,-0.0009182522170232715,0.0,-0.0007837559342094208,0.006265894982337913,0.006265894982337913,0.004636940760965754,0.004636940760965754,0.0010391160352033093,0.0010391160352033093,0.003980650592835659,0.003980650592835659,0.006265894982337913,0.006265894982337913,0.004636940760965754,0.004636940760965754,0.0010391160352033093,0.0010391160352033093,0.003980650592835659,0.003980650592835659,0.002508722333004698
bank-marketing,NeuralNetTorch,4522,0.0001924682271929433,0.006890143246673141,0.006890143246673141,0.0,-0.0005171237507418476,0.0,-0.0006727751197799936,0.0,-0.001626734680714017,0.0,-0.0009388778504119526,0.0033939190229088116,0.0033939190229088116,0.0023281740415063835,0.0023281740415063835,0.0,-0.006424101105529826,0.0019073643548050648,-0.00023400268037154377,0.0033939190229088116,0.0033939190229088116,0.0023281740415063835,0.0023281740415063835,0.0,-0.006424101105529826,0.0019073643548050648,-0.00023400268037154377,0.00257605566609224
bank-marketing,RandomForest,4522,0.0002454993245856833,0.011252096679536966,0.011252096679536966,0.0,-0.0007527222513974812,0.0,-0.0010320691436278065,0.0,-0.0014044801814143237,0.0,-0.0010630905254798704,0.007394591649830109,0.007394591649830109,0.0053605445147047286,0.0053605445147047286,0.0032360076023478005,0.0032360076023478005,0.0053303812556275455,0.0053303812556275455,0.007394591649830109,0.007394591649830109,0.0053605445147047286,0.0053605445147047286,0.0032360076023478005,0.0032360076023478005,0.0053303812556275455,0.0053303812556275455,0.0025044166674585235
bank-marketing,XGBoost,4522,0.00047387595942246255,0.011958409853437551,0.011958409853437551,0.0,-0.0011534274918724766,0.0,-0.000811485920971744,0.0,-0.0004104168141553021,0.0,-0.0007917767423331742,0.006593910311608496,0.006593910311608496,0.0012344756006784363,0.0012344756006784363,0.011700001189729298,0.011700001189729298,0.006509462367338743,0.006509462367338743,0.006593910311608496,0.006593910311608496,0.0012344756006784363,0.0012344756006784363,0.011700001189729298,0.011700001189729298,0.006509462367338743,0.006509462367338743,0.00246720833335227
delta_elevators,CatBoost,952,0.00020880514056423636,0.012558266367032505,0.012558266367032505,0.0,-0.0029179767390879905,0.0,-0.0012816371145638204,0.0,-0.0024285835442490037,0.0,-0.002209399132633605,0.00032997614532384335,0.00032997614532384335,0.018797526173093042,0.018797526173093042,0.0,-0.009450750736673284,0.006375834106138962,0.0032255838605812002,0.00032997614532384335,0.00032997614532384335,0.018797526173093042,0.018797526173093042,0.0,-0.009450750736673284,0.006375834106138962,0.0032255838605812002,0.0011331110011572794
delta_elevators,ExtraTrees,952,0.0034708040120754553,0.054296452067342404,0.054296452067342404,0.001821398645809814,0.001821398645809814,0.001434499990356418,0.001434499990356418,0.0009793626181253837,0.0009793626181253837,0.0014117537514305384,0.0014117537514305384,0.04158131706923591,0.04158131706923591,0.05362580803383392,0.05362580803383392,0.04172460915532527,0.04172460915532527,0.045643911419465034,0.045643911419465034,0.04158131706923591,0.04158131706923591,0.05362580803383392,0.05362580803383392,0.04172460915532527,0.04172460915532527,0.045643911419465034,0.045643911419465034,0.0010383473333301179
delta_elevators,LightGBM,952,0.00031472046437343364,0.016041899277503845,0.016041899277503845,0.0,-0.0010754361319281235,0.0,-0.0014776389446436173,0.0,-0.001817680033490835,0.0,-0.0014569183700208585,0.016901751218105377,0.016901751218105377,0.01172973758036255,0.01172973758036255,0.016326056637785576,0.016326056637785576,0.014985848478751168,0.014985848478751168,0.016901751218105377,0.016901751218105377,0.01172973758036255,0.01172973758036255,0.016326056637785576,0.016326056637785576,0.014985848478751168,0.014985848478751168,0.0010915553333082546
delta_elevators,LinearModel,952,0.0006587720091662157,0.01935168200737685,0.01935168200737685,0.0,-0.0030846071319020406,0.0,-0.003662940891533156,0.0,-0.002142907812048975,0.0,-0.002963485278494724,0.012130410706943796,0.012130410706943796,0.009553386388650309,0.009553386388650309,0.0,-0.007717987392310488,0.007227932365198035,0.004655269901094539,0.012130410706943796,0.012130410706943796,0.009553386388650309,0.009553386388650309,0.0,-0.007717987392310488,0.007227932365198035,0.004655269901094539,0.0010698886665826042
delta_elevators,NeuralNetFastAI,952,0.000379645069313219,0.01539118967758907,0.01539118967758907,0.00044781410384370874,0.00044781410384370874,0.0014165325489851753,0.0014165325489851753,0.0,-0.003177899899712109,0.0006214488842762947,-0.0004378510822944084,0.01924237121290519,0.01924237121290519,0.03532338596859586,0.03532338596859586,0.0,-0.01364100101925621,0.018188585727167018,0.01364158538741495,0.01924237121290519,0.01924237121290519,0.03532338596859586,0.03532338596859586,0.0,-0.01364100101925621,0.018188585727167018,0.01364158538741495,0.001020485999712643
delta_elevators,NeuralNetTorch,952,0.00040540976264224343,0.016273342592552687,0.016273342592552687,0.0,-0.0032794356434522566,0.0,-0.0011074566841482798,0.0,-0.0015829613238413946,0.0,-0.0019899512171473103,0.006071087449985682,0.006071087449985682,0.005626440458728525,0.005626440458728525,0.007810962501499497,0.007810962501499497,0.006502830136737901,0.006502830136737901,0.006071087449985682,0.006071087449985682,0.005626440458728525,0.005626440458728525,0.007810962501499497,0.007810962501499497,0.006502830136737901,0.006502830136737901,0.0010907916657743044
delta_elevators,RandomForest,952,0.0011662909718192576,0.028698917492630326,0.028698917492630326,0.0,-0.003149810641580146,0.0008217580533989063,0.0008217580533989063,0.0,-0.003804224400848705,0.00027391935113296875,-0.0020440923296766484,0.007950945242631891,0.007950945242631891,0.027771140026743524,0.027771140026743524,0.0,-0.0008621550138947796,0.01190736175645847,0.011619976751826877,0.007950945242631891,0.007950945242631891,0.027771140026743524,0.027771140026743524,0.0,-0.0008621550138947796,0.01190736175645847,0.011619976751826877,0.0010231946665347398
delta_elevators,XGBoost,952,0.00020807751953127272,0.013166452370370747,0.013166452370370747,0.0,-0.0026478019843327403,0.0,-0.0025174306038386837,0.0,-0.00481893894369579,0.0,-0.003328057177289071,0.012278245889411519,0.012278245889411519,0.007101454787952199,0.007101454787952199,0.0,-0.012947665212212224,0.006459900225787906,0.0021440118217171643,0.012278245889411519,0.012278245889411519,0.007101454787952199,0.007101454787952199,0.0,-0.012947665212212224,0.006459900225787906,0.0021440118217171643,0.0010136389998175825
eeg-eye-state,CatBoost,1498,0.0006470860356479212,0.010574178733270599,0.010574178733270599,0.0,-0.0034474457731542463,0.0,-0.0028566011512467654,0.0,-0.0032223314459969518,0.0,-0.003175459456799321,0.0013363341029285203,0.0013363341029285203,0.007432687414360879,0.007432687414360879,0.0025909476988232086,0.0025909476988232086,0.0037866564053708695,0.0037866564053708695,0.0013363341029285203,0.0013363341029285203,0.007432687414360879,0.007432687414360879,0.0025909476988232086,0.0025909476988232086,0.0037866564053708695,0.0037866564053708695,0.0012660140006725367
eeg-eye-state,ExtraTrees,1498,0.025988050043628134,0.1408774455347409,0.1408774455347409,0.024820594035990785,0.024820594035990785,0.024597143529797087,0.024597143529797087,0.020834047248869787,0.020834047248869787,0.023417261604885886,0.023417261604885886,0.14113929722450663,0.14113929722450663,0.12933689401545953,0.12933689401545953,0.12499332469695301,0.12499332469695301,0.13182317197897306,0.13182317197897306,0.14113929722450663,0.14113929722450663,0.12933689401545953,0.12933689401545953,0.12499332469695301,0.12499332469695301,0.13182317197897306,0.13182317197897306,0.0012064306659643382
eeg-eye-state,LightGBM,1498,0.0003252814603870711,0.007621748294114375,0.007621748294114375,0.0,-0.002616852774251532,0.0,-0.0029674430955878312,0.0,-0.001732289490351619,0.0,-0.0024388617867303277,0.0005233003591548491,0.0005233003591548491,0.0012508238027224765,0.0012508238027224765,0.009530686432813965,0.009530686432813965,0.0037682701982304305,0.0037682701982304305,0.0005233003591548491,0.0005233003591548491,0.0012508238027224765,0.0012508238027224765,0.009530686432813965,0.009530686432813965,0.0037682701982304305,0.0037682701982304305,0.0013141249995290611
eeg-eye-state,LinearModel,1498,0.001906843841220247,0.034798441667082375,0.034798441667082375,0.0,-0.0009771867791756505,0.0,-0.0019446338874946245,0.0,-0.0022935925216336327,0.0,-0.001738471062767969,0.0,-0.000849730982998503,0.0,-0.0012253301892086407,0.0,-0.011667555683007706,0.0,-0.004580872285071616,0.0,-0.000849730982998503,0.0,-0.0012253301892086407,0.0,-0.011667555683007706,0.0,-0.004580872285071616,0.0013410000004417573
eeg-eye-state,NeuralNetFastAI,1498,0.00014542071119450184,0.008729747439853074,0.008729747439853074,0.0,-0.001394255328659624,0.0,-0.0031786095225825343,0.0,-0.0017888936786502063,0.0,-0.0021205861766307884,0.01711613732671119,0.01711613732671119,0.0,-0.003818788309239637,0.0034134893293289816,0.0034134893293289816,0.006843208885346724,0.005570279448933512,0.01711613732671119,0.01711613732671119,0.0,-0.003818788309239637,0.0034134893293289816,0.0034134893293289816,0.006843208885346724,0.005570279448933512,0.0013260833329695743
eeg-eye-state,NeuralNetTorch,1498,0.00032580937256434893,0.00407839503036282,0.00407839503036282,0.0,-0.0059460264810163406,0.0,-0.007888290874849182,0.0,-0.006228772201222894,0.0,-0.006687696519029472,0.0,-0.00255168673586839,0.0,-0.006573698493219211,0.0,-0.0022213525183756256,0.0,-0.0037822459158210753,0.0,-0.00255168673586839,0.0,-0.006573698493219211,0.0,-0.0022213525183756256,0.0,-0.0037822459158210753,0.001250014000106603
eeg-eye-state,RandomForest,1498,0.02405895088331239,0.1358734397884756,0.1358734397884756,0.024650233463253287,0.024650233463253287,0.024017370610541527,0.024017370610541527,0.019747873993463227,0.019747873993463227,0.02280515935575268,0.02280515935575268,0.13873831814718252,0.13873831814718252,0.13601023635518636,0.13601023635518636,0.12016688950094973,0.12016688950094973,0.13163848133443953,0.13163848133443953,0.13873831814718252,0.13873831814718252,0.13601023635518636,0.13601023635518636,0.12016688950094973,0.12016688950094973,0.13163848133443953,0.13163848133443953,0.0014163196671385474
eeg-eye-state,XGBoost,1498,0.0003079101549047496,0.00688104010978535,0.00688104010978535,0.0,-0.0021934367268856966,0.0,-0.0033204961113082266,0.0,-0.00072097382636613,0.0,-0.002078302221520018,0.006416116303335069,0.006416116303335069,0.0034215454986771697,0.0034215454986771697,0.008658488821936847,0.008658488821936847,0.006165383541316362,0.006165383541316362,0.006416116303335069,0.006416116303335069,0.0034215454986771697,0.0034215454986771697,0.008658488821936847,0.008658488821936847,0.006165383541316362,0.006165383541316362,0.0012356943334452808
electricity,CatBoost,4532,0.00010843761911822794,0.004937411736887804,0.004937411736887804,0.0,-0.0024514089091594434,0.0,-0.0026076689274018594,0.0,-0.002362096006519097,0.0,-0.0024737246143601336,0.0,-0.0021851857311113473,0.0,-0.001087248470002249,0.0,-0.0007938093110093906,0.0,-0.0013554145040409957,0.0,-0.0021851857311113473,0.0,-0.001087248470002249,0.0,-0.0007938093110093906,0.0,-0.0013554145040409957,0.002372514000550533
electricity,ExtraTrees,4532,0.007086258880093106,0.06942670523509689,0.06942670523509689,0.005565041668667217,0.005565041668667217,0.006476952869211063,0.006476952869211063,0.004448852977210024,0.004448852977210024,0.005496949171696102,0.005496949171696102,0.06923801038857708,0.06923801038857708,0.07304354126670785,0.07304354126670785,0.062975874505111,0.062975874505111,0.06841914205346532,0.06841914205346532,0.06923801038857708,0.06923801038857708,0.07304354126670785,0.07304354126670785,0.062975874505111,0.062975874505111,0.06841914205346532,0.06841914205346532,0.0024680276668126075
electricity,LightGBM,4532,0.00012710323371788613,0.005676105174072797,0.005676105174072797,0.0,-0.0018768217644739198,0.0,-0.002367047392560941,0.0,-0.0016387700828900528,0.0,-0.001960879746641638,0.0,-0.0016958965121369946,0.0,-0.004090343156656795,0.0,-0.0038791407279686876,0.0,-0.0032217934655874927,0.0,-0.0016958965121369946,0.0,-0.004090343156656795,0.0,-0.0038791407279686876,0.0,-0.0032217934655874927,0.002387708333117189
electricity,LinearModel,4532,0.0004035558214285251,0.017008395915046364,0.017008395915046364,0.0,-0.00017160809847186062,0.0,-0.0005283040160160232,0.0,-0.0009312567830103277,0.0,-0.0005437229658327372,0.01840973189046423,0.01840973189046423,0.0002114020197904839,0.0002114020197904839,0.003914310822637061,0.003914310822637061,0.007511814910963924,0.007511814910963924,0.01840973189046423,0.01840973189046423,0.0002114020197904839,0.0002114020197904839,0.003914310822637061,0.003914310822637061,0.007511814910963924,0.007511814910963924,0.00250462500116555
electricity,NeuralNetFastAI,4532,0.00033354277197180797,0.012777430792358987,0.012777430792358987,0.0,-0.000833442973978314,0.0,-0.0006920656302752083,0.0,-0.001296259650631907,0.0,-0.0009405894182951431,0.003670367209721549,0.003670367209721549,0.008759256972309783,0.008759256972309783,0.0028017308168771337,0.0028017308168771337,0.005077118332969488,0.005077118332969488,0.003670367209721549,0.003670367209721549,0.008759256972309783,0.008759256972309783,0.0028017308168771337,0.0028017308168771337,0.005077118332969488,0.005077118332969488,0.0024195833332972447
electricity,NeuralNetTorch,4532,0.0002008343004878142,0.012690960519868476,0.012690960519868476,0.0,-0.0007914582446112297,0.0,-0.00023975388688594646,0.0,-0.0007225063966337356,0.0,-0.0005845728427103039,0.008398489811749637,0.008398489811749637,0.01023852365166885,0.01023852365166885,0.00935704594032975,0.00935704594032975,0.009331353134582745,0.009331353134582745,0.008398489811749637,0.008398489811749637,0.01023852365166885,0.01023852365166885,0.00935704594032975,0.00935704594032975,0.009331353134582745,0.009331353134582745,0.0024792916665319353
electricity,RandomForest,4532,0.004441776453166886,0.0496580173616181,0.0496580173616181,0.0026942075128734426,0.0026942075128734426,0.002034148398328347,0.002034148398328347,0.0017482676241381946,0.0017482676241381946,0.0021588745117799945,0.0021588745117799945,0.04415710416689453,0.04415710416689453,0.04024418871732641,0.04024418871732641,0.04055604514132015,0.04055604514132015,0.04165244600851369,0.04165244600851369,0.04415710416689453,0.04415710416689453,0.04024418871732641,0.04024418871732641,0.04055604514132015,0.04055604514132015,0.04165244600851369,0.04165244600851369,0.0023430139990523458
electricity,XGBoost,4532,4.8861021365858896e-05,0.0031008525334646356,0.0031008525334646356,0.0,-0.0015660487002137338,0.0,-0.002265347697093766,0.0,-0.002624722359682536,0.0,-0.002152039585663345,0.004647178456732028,0.004647178456732028,0.002387375072226758,0.002387375072226758,0.0,-0.003262912192782024,0.0023448511763195954,0.0012572137787255873,0.004647178456732028,0.004647178456732028,0.002387375072226758,0.002387375072226758,0.0,-0.003262912192782024,0.0023448511763195954,0.0012572137787255873,0.0024271250003948808
fried,CatBoost,4077,0.001154454166467346,0.022346031385042747,0.022346031385042747,0.0,-0.0011641773329224663,0.0,-0.00021302782905221224,0.00010088767306428292,0.00010088767306428292,3.362922435476097e-05,-0.00042543916297013186,0.010759388988202096,0.010759388988202096,0.01782823891097829,0.01782823891097829,0.019406526163536556,0.019406526163536556,0.01599805135423898,0.01599805135423898,0.010759388988202096,0.010759388988202096,0.01782823891097829,0.01782823891097829,0.019406526163536556,0.019406526163536556,0.01599805135423898,0.01599805135423898,0.002158096999968014
fried,ExtraTrees,4077,0.006903059541016786,0.06332892553083012,0.06332892553083012,0.006189831304537439,0.006189831304537439,0.0049393783281830245,0.0049393783281830245,0.0052516121053968355,0.0052516121053968355,0.005460273912705767,0.005460273912705767,0.0638067195910859,0.0638067195910859,0.056467990026719504,0.056467990026719504,0.053393834493373586,0.053393834493373586,0.05788951470372633,0.05788951470372633,0.0638067195910859,0.0638067195910859,0.056467990026719504,0.056467990026719504,0.053393834493373586,0.053393834493373586,0.05788951470372633,0.05788951470372633,0.0021694026666712793
fried,LightGBM,4077,0.00026798282706437396,0.010261553242490265,0.010261553242490265,0.0,-0.0014416576157525076,0.0,-0.0006878860960037632,0.0,-0.0012892006487281735,0.0,-0.0011395814534948148,0.0026696158936505357,0.0026696158936505357,0.008748898020523572,0.008748898020523572,0.0028531336458065236,0.0028531336458065236,0.0047572158533268774,0.0047572158533268774,0.0026696158936505357,0.0026696158936505357,0.008748898020523572,0.008748898020523572,0.0028531336458065236,0.0028531336458065236,0.0047572158533268774,0.0047572158533268774,0.0023098750001130006
fried,LinearModel,4077,0.001254826499521398,0.029152005908696158,0.029152005908696158,0.0,-0.0001814140199199816,0.0,-7.642927429474495e-05,0.0018218442244873675,0.0018218442244873675,0.0006072814081624559,0.0005213336434242137,0.01995177613342139,0.01995177613342139,0.014445495570945339,0.014445495570945339,0.031219273535717202,0.031219273535717202,0.02187218174669464,0.02187218174669464,0.01995177613342139,0.01995177613342139,0.014445495570945339,0.014445495570945339,0.031219273535717202,0.031219273535717202,0.02187218174669464,0.02187218174669464,0.002290763998947417
fried,NeuralNetFastAI,4077,0.00012129928235200947,0.007206099160809135,0.007206099160809135,0.0,-0.0021707866908058163,0.0,-0.00159685763191122,0.0,-0.0009241898038074267,0.0,-0.0015639447088414877,0.0,-0.0006408382100876522,0.003598645538474753,0.003598645538474753,0.004744445504914219,0.004744445504914219,0.0027810303477963237,0.00256741761110044,0.0,-0.0006408382100876522,0.003598645538474753,0.003598645538474753,0.004744445504914219,0.004744445504914219,0.0027810303477963237,0.00256741761110044,0.0023617499997878135
fried,NeuralNetTorch,4077,0.0007219724496050008,0.01778407569967757,0.01778407569967757,0.0,-0.0010093183823350733,0.0,-0.0005815318798135795,0.0,-0.0002644387950788022,0.0,-0.0006184296857424849,0.00902604157445662,0.00902604157445662,0.008110753612360525,0.008110753612360525,0.014267126036018912,0.014267126036018912,0.010467973740945352,0.010467973740945352,0.00902604157445662,0.00902604157445662,0.008110753612360525,0.008110753612360525,0.014267126036018912,0.014267126036018912,0.010467973740945352,0.010467973740945352,0.0021339583339189025
fried,RandomForest,4077,0.0036032137281073865,0.04565656378096693,0.04565656378096693,0.0017785120124733818,0.0017785120124733818,0.0020263281450928795,0.0020263281450928795,0.0022492306938286387,0.0022492306938286387,0.0020180236171316334,0.0020180236171316334,0.03429310285325778,0.03429310285325778,0.039232643902140915,0.039232643902140915,0.04229613539236342,0.04229613539236342,0.03860729404925404,0.03860729404925404,0.03429310285325778,0.03429310285325778,0.039232643902140915,0.039232643902140915,0.04229613539236342,0.04229613539236342,0.03860729404925404,0.03860729404925404,0.0021799583337269723
fried,XGBoost,4077,0.0002778545380507471,0.010808944365157695,0.010808944365157695,0.0,-0.0008100502216164422,0.0,-0.0017346501728897805,0.0,-0.0018166480464106816,0.0,-0.0014537828136389683,0.0080412939441451,0.0080412939441451,0.0023903417649660504,0.0023903417649660504,8.909090342435837e-05,8.909090342435837e-05,0.0035069088708451694,0.0035069088708451694,0.0080412939441451,0.0080412939441451,0.0023903417649660504,0.0023903417649660504,8.909090342435837e-05,8.909090342435837e-05,0.0035069088708451694,0.0035069088708451694,0.0025476803336156686
houses,CatBoost,2064,1.4204701228638996e-05,0.001192008610834639,0.001192008610834639,0.0,-0.008024052625238436,0.0,-0.00848979947560874,0.0,-0.006737454131924797,0.0,-0.00775043541092399,0.0,-0.0005513057782688217,0.0,-0.00017664081269333476,0.0003791567819920489,0.0003791567819920489,0.00012638559399734962,-0.00011626326965670252,0.0,-0.0005513057782688217,0.0,-0.00017664081269333476,0.0003791567819920489,0.0003791567819920489,0.00012638559399734962,-0.00011626326965670252,0.0015782359999623925
houses,ExtraTrees,2064,0.00037951987919955944,0.007923446218264624,0.007923446218264624,0.0,-0.007258121735776087,0.0,-0.007398118722988838,0.0,-0.00816823150818239,0.0,-0.007608157322315771,0.0,-0.005213177664107968,0.0006912151746841711,0.0006912151746841711,0.0,-0.004521963544381248,0.00023040505822805705,-0.0030146420112683483,0.0,-0.005213177664107968,0.0006912151746841711,0.0006912151746841711,0.0,-0.004521963544381248,0.00023040505822805705,-0.0030146420112683483,0.0013974719998562553
houses,LightGBM,2064,1.3250593926179e-05,0.000957850827254587,0.000957850827254587,0.0,-0.007521032758468884,0.0,-0.007635698275378569,0.0,-0.007996188138276366,0.0,-0.007717639724041272,0.0,-0.0027177799311563244,0.0,-0.0019180896787714633,0.0,-0.0010895748092804379,0.0,-0.0019084814730694086,0.0,-0.0027177799311563244,0.0,-0.0019180896787714633,0.0,-0.0010895748092804379,0.0,-0.0019084814730694086,0.0014919723338001252
houses,LinearModel,2064,0.001905403901629658,0.018221830937356798,0.018221830937356798,0.0,-0.0032203098084785764,0.0,-0.004014409700411628,0.0,-0.003906262236869331,0.0,-0.003713660581919845,0.013697801618329054,0.013697801618329054,0.012196872696754573,0.012196872696754573,0.004328105050252245,0.004328105050252245,0.01007425978844529,0.01007425978844529,0.013697801618329054,0.013697801618329054,0.012196872696754573,0.012196872696754573,0.004328105050252245,0.004328105050252245,0.01007425978844529,0.01007425978844529,0.0015239166665802866
houses,NeuralNetFastAI,2064,5.755704362879802e-05,0.0019120419770464242,0.0019120419770464242,0.0,-0.00638107477031721,0.0,-0.005875089643604412,0.0,-0.008943927999510909,0.0,-0.007066697471144177,0.00043119152418979236,0.00043119152418979236,0.0,-0.0016048636789123688,0.0,-0.0030866894733738767,0.00014373050806326413,-0.0014201205426988177,0.00043119152418979236,0.00043119152418979236,0.0,-0.0016048636789123688,0.0,-0.0030866894733738767,0.00014373050806326413,-0.0014201205426988177,0.0015147500004483543
houses,NeuralNetTorch,2064,0.000413800447970954,0.006170077965516859,0.006170077965516859,0.0,-0.0069378175161247104,0.0,-0.00687735382798469,0.0,-0.008494721652298077,0.0,-0.007436630998802492,0.0,-0.0029577726852601195,0.0,-0.00287166516222343,0.0,-0.004470844529091876,0.0,-0.003433427458858475,0.0,-0.0029577726852601195,0.0,-0.00287166516222343,0.0,-0.004470844529091876,0.0,-0.003433427458858475,0.001495847000721066
houses,RandomForest,2064,0.0002291509747290798,0.005750992408290283,0.005750992408290283,0.0,-0.008036821316539152,0.0,-0.007064531432997657,0.0,-0.007296568461581442,0.0,-0.007465973737039417,0.0,-0.005561050979123639,0.0,-0.0031347727061695123,0.0,-0.00310507533557861,0.0,-0.003933633006957254,0.0,-0.005561050979123639,0.0,-0.0031347727061695123,0.0,-0.00310507533557861,0.0,-0.003933633006957254,0.001434277666703565
houses,XGBoost,2064,1.4119616642225715e-05,0.001111732412486931,0.001111732412486931,0.0,-0.007291931654383898,0.0,-0.00663559100479161,0.0,-0.006695944453687234,0.0,-0.006874489037620914,0.0,-0.0022248244718873823,0.0005460059078782357,0.0005460059078782357,0.0,-0.00030620963648888313,0.00018200196929274524,-0.0006616760668326766,0.0,-0.0022248244718873823,0.0005460059078782357,0.0005460059078782357,0.0,-0.00030620963648888313,0.00018200196929274524,-0.0006616760668326766,0.0015405416670546401
jm1,CatBoost,1089,0.0004593651716264114,0.016492085288474602,0.016492085288474602,0.0,-0.0007969927666570043,0.0,-0.0042794097672414445,0.0,-0.002776712645506826,0.0,-0.0026177050598017583,0.0,-0.00129322405935319,0.0006120488033916449,0.0006120488033916449,0.00633592027880053,0.00633592027880053,0.0023159896940640585,0.0018849150076129947,0.0,-0.00129322405935319,0.0006120488033916449,0.0006120488033916449,0.00633592027880053,0.00633592027880053,0.0023159896940640585,0.0018849150076129947,0.0011971249999381446
jm1,ExtraTrees,1089,0.0010491897673640903,0.02842682492911783,0.02842682492911783,0.0,-0.0023207109341536066,0.0,-0.0025449414917688316,0.0,-0.0020677821344863654,0.0,-0.002311144853469601,0.015133498657780851,0.015133498657780851,0.0,-0.003951979360145091,0.011240425360950499,0.011240425360950499,0.008791308006243783,0.007473981552862087,0.015133498657780851,0.015133498657780851,0.0,-0.003951979360145091,0.011240425360950499,0.011240425360950499,0.008791308006243783,0.007473981552862087,0.0011410276662597123
jm1,LightGBM,1089,0.0002128138158242075,0.013651963000085728,0.013651963000085728,0.0,-0.002308263880012851,0.0,-0.002472723561818608,0.0,-0.002610643702923355,0.0,-0.0024638770482516047,0.01425878882846009,0.01425878882846009,0.011426794942198159,0.011426794942198159,0.007731628613640564,0.007731628613640564,0.011139070794766273,0.011139070794766273,0.01425878882846009,0.01425878882846009,0.011426794942198159,0.011426794942198159,0.007731628613640564,0.007731628613640564,0.011139070794766273,0.011139070794766273,0.0010929723333295744
jm1,LinearModel,1089,0.0004755464473911734,0.01843881275491144,0.01843881275491144,0.0,-0.0023516315020098866,0.0,-0.001919029120560935,0.0,-0.0010113608184230587,0.0,-0.001760673813664627,0.006402192210575054,0.006402192210575054,0.0033856635448019146,0.0033856635448019146,0.012896217697422312,0.012896217697422312,0.007561357817599761,0.007561357817599761,0.006402192210575054,0.006402192210575054,0.0033856635448019146,0.0033856635448019146,0.012896217697422312,0.012896217697422312,0.007561357817599761,0.007561357817599761,0.0012114583332731854
jm1,NeuralNetFastAI,1089,0.0008481313064926765,0.019026765100404797,0.019026765100404797,0.0,-0.0019076977995360976,0.0,-0.0008225329204888586,0.0,-0.001778642747976231,0.0,-0.0015029578226670624,0.008442327436624151,0.008442327436624151,0.024365003267773473,0.024365003267773473,0.0,-0.008297214274276715,0.010935776901465875,0.008170038810040303,0.008442327436624151,0.008442327436624151,0.024365003267773473,0.024365003267773473,0.0,-0.008297214274276715,0.010935776901465875,0.008170038810040303,0.0011008056668894521
jm1,NeuralNetTorch,1089,0.0005744025831623151,0.021173878675078694,0.021173878675078694,0.0004096805485157615,0.0004096805485157615,0.0,-0.001438829760668112,0.0,-0.003094533275814427,0.00013656018283858716,-0.001374560829322259,0.028648139046431546,0.028648139046431546,0.0,-0.0007147588390819352,0.0,-0.00757885083113177,0.009549379682143849,0.006784843125405947,0.028648139046431546,0.028648139046431546,0.0,-0.0007147588390819352,0.0,-0.00757885083113177,0.009549379682143849,0.006784843125405947,0.0011035140002301584
jm1,RandomForest,1089,0.0009024565193582983,0.02430348862947116,0.02430348862947116,0.0008856191067085436,0.0008856191067085436,0.0,-0.003872577307179936,0.0,-0.0013580399679835918,0.0002952063689028479,-0.0014483327228183279,0.027883842002240818,0.027883842002240818,0.0,-0.009349758470231279,0.002317778653855614,0.002317778653855614,0.010067206885365478,0.006950620728621719,0.027883842002240818,0.027883842002240818,0.0,-0.009349758470231279,0.002317778653855614,0.002317778653855614,0.010067206885365478,0.006950620728621719,0.0011593749998913456
jm1,XGBoost,1089,0.00032598756892539385,0.015437645146655752,0.015437645146655752,0.0,-0.0030791412309498284,0.0,-0.003764974925697321,0.0,-0.003215587516808793,0.0,-0.0033532345578186473,0.0,-0.016107757063539778,0.009470786398175772,0.009470786398175772,0.0,-0.010080744841634626,0.003156928799391924,-0.005572571835666211,0.0,-0.016107757063539778,0.009470786398175772,0.009470786398175772,0.0,-0.010080744841634626,0.003156928799391924,-0.005572571835666211,0.001116235999991962
kdd_internet_usage,CatBoost,1011,0.00011989314943202964,0.008030440630033128,0.008030440630033128,0.0,-0.0009113648814234713,0.0,-0.00023825891579192272,0.0,-0.002169419232170492,0.0,-0.001106347676461962,0.019790929143960034,0.019790929143960034,0.016755322801040414,0.016755322801040414,0.008203579154916653,0.008203579154916653,0.014916610366639034,0.014916610366639034,0.019790929143960034,0.019790929143960034,0.016755322801040414,0.016755322801040414,0.008203579154916653,0.008203579154916653,0.014916610366639034,0.014916610366639034,0.0010710276668154013
kdd_internet_usage,ExtraTrees,1011,0.002305234841809879,0.034895905272840685,0.034895905272840685,0.0,-0.0015816340492190925,0.0,-0.0005219006243975374,0.003436899871757495,0.003436899871757495,0.0011456332905858317,0.0004444550660469549,0.022928710537827315,0.022928710537827315,0.017888076784958927,0.017888076784958927,0.0443018079486416,0.0443018079486416,0.028372865090475947,0.028372865090475947,0.022928710537827315,0.022928710537827315,0.017888076784958927,0.017888076784958927,0.0443018079486416,0.0443018079486416,0.028372865090475947,0.028372865090475947,0.0010790136669432588
kdd_internet_usage,LightGBM,1011,0.00019709012292062653,0.011555293486926854,0.011555293486926854,0.0,-0.003909616092740817,0.0,-0.0017542242151125963,0.0,-0.00333410610430233,0.0,-0.002999315470718581,0.0,-0.005072091420988979,0.013325793753837767,0.013325793753837767,0.0,-0.0007063344320877428,0.004441931251279256,0.0025157893002536818,0.0,-0.005072091420988979,0.013325793753837767,0.013325793753837767,0.0,-0.0007063344320877428,0.004441931251279256,0.0025157893002536818,0.0010608750005000427
kdd_internet_usage,LinearModel,1011,0.0005205022132861698,0.013718643449135908,0.013718643449135908,0.0,-0.005194419174705072,0.0,-9.514620580335393e-05,0.0,-0.0022960217448930085,0.0,-0.0025285290418004783,0.0,-0.015201135891582293,0.005852348934362027,0.005852348934362027,0.0,-0.0074668731165236715,0.0019507829781206757,-0.005605220024581313,0.0,-0.015201135891582293,0.005852348934362027,0.005852348934362027,0.0,-0.0074668731165236715,0.0019507829781206757,-0.005605220024581313,0.0010493469999346416
kdd_internet_usage,NeuralNetFastAI,1011,0.0006063670016805417,0.013139750460642008,0.013139750460642008,0.0,-0.0037765212036435674,0.0,-0.0013691443448060375,0.0,-0.0030632394804690367,0.0,-0.0027363016763062137,0.0,-0.008460326382450936,0.002919196019351711,0.002919196019351711,0.0022618883909126994,0.0022618883909126994,0.0017270281367548033,-0.0010930806573955087,0.0,-0.008460326382450936,0.002919196019351711,0.002919196019351711,0.0022618883909126994,0.0022618883909126994,0.0017270281367548033,-0.0010930806573955087,0.0010574446666093233
kdd_internet_usage,NeuralNetTorch,1011,0.0004818589126725466,0.01775397100298975,0.01775397100298975,0.0,-0.003917396765846806,0.0,-0.0014434883010208807,0.0,-0.0011700539748262296,0.0,-0.002176979680564639,0.0,-0.006224055815272541,0.012038685698992583,0.012038685698992583,0.006699348363010203,0.006699348363010203,0.0062460113540009285,0.004171326082243416,0.0,-0.006224055815272541,0.012038685698992583,0.012038685698992583,0.006699348363010203,0.006699348363010203,0.0062460113540009285,0.004171326082243416,0.0010491666665378336
kdd_internet_usage,RandomForest,1011,0.0014103647049324539,0.026669656403356303,0.026669656403356303,1.942037380190087e-05,1.942037380190087e-05,0.0,-0.0018529366914765493,0.0,-0.0006923440982704833,6.473457933966957e-06,-0.0008419534719817105,0.012848312373624968,0.012848312373624968,0.01170901360133484,0.01170901360133484,0.02762202645914996,0.02762202645914996,0.01739311747803659,0.01739311747803659,0.012848312373624968,0.012848312373624968,0.01170901360133484,0.01170901360133484,0.02762202645914996,0.02762202645914996,0.01739311747803659,0.01739311747803659,0.001063555667011921
kdd_internet_usage,XGBoost,1011,0.0002602774634580257,0.011638285660769415,0.011638285660769415,0.0,-0.0011303083265915787,0.0,-0.0025870283509165388,0.0,-0.00031517090174154795,0.0,-0.0013441691930832216,0.009497980602729501,0.009497980602729501,0.007567762085752475,0.007567762085752475,0.024445743916181314,0.024445743916181314,0.013837162201554431,0.013837162201554431,0.009497980602729501,0.009497980602729501,0.007567762085752475,0.007567762085752475,0.024445743916181314,0.024445743916181314,0.013837162201554431,0.013837162201554431,0.0011679446676377363
kick,CatBoost,7299,0.0003284324724235084,0.01568537063988908,0.01568537063988908,0.0,-0.006940695224002242,0.0,-0.006201034662892408,0.0,-0.006003572919314175,0.0,-0.006381767602069609,0.0040036867559811035,0.0040036867559811035,0.010909054137260826,0.010909054137260826,0.009837836347506826,0.009837836347506826,0.00825019241358292,0.00825019241358292,0.0040036867559811035,0.0040036867559811035,0.010909054137260826,0.010909054137260826,0.009837836347506826,0.009837836347506826,0.00825019241358292,0.00825019241358292,0.0034922636671884297
kick,ExtraTrees,7299,0.0007693803283363651,0.022206391086151307,0.022206391086151307,0.0,-0.005091276973976092,0.0,-0.005012440823424683,0.0,-0.0059514980294435695,0.0,-0.005351738608948115,0.016035533466961297,0.016035533466961297,0.014889709208014574,0.014889709208014574,0.005784164093847615,0.005784164093847615,0.012236468922941163,0.012236468922941163,0.016035533466961297,0.016035533466961297,0.014889709208014574,0.014889709208014574,0.005784164093847615,0.005784164093847615,0.012236468922941163,0.012236468922941163,0.0035443473328390005
kick,LightGBM,7299,0.000758403691047608,0.0190159195066514,0.0190159195066514,0.0,-0.005323040276105651,0.0,-0.005675649575382782,0.0,-0.0056282337281635605,0.0,-0.005542307859883998,0.006161963247190964,0.006161963247190964,0.008184626004946368,0.008184626004946368,0.004909728179518748,0.004909728179518748,0.006418772477218694,0.006418772477218694,0.006161963247190964,0.006161963247190964,0.008184626004946368,0.008184626004946368,0.004909728179518748,0.004909728179518748,0.006418772477218694,0.006418772477218694,0.0036794166662730277
kick,LinearModel,7299,0.0005939979673438714,0.01760061161563192,0.01760061161563192,0.0,-0.004695650277681564,0.0,-0.004428263515833542,0.0,-0.0038716271167578086,0.0,-0.004331846970090971,0.0028051756377601013,0.0028051756377601013,0.00881597342904313,0.00881597342904313,0.006351914753270893,0.006351914753270893,0.005991021273358041,0.005991021273358041,0.0028051756377601013,0.0028051756377601013,0.00881597342904313,0.00881597342904313,0.006351914753270893,0.006351914753270893,0.005991021273358041,0.005991021273358041,0.00364616666653698
kick,NeuralNetFastAI,7299,0.0005771733416787403,0.017684241476468614,0.017684241476468614,0.0,-0.006608297155982667,0.0,-0.006462370889560745,0.0,-0.006054214526120756,0.0,-0.006374960857221389,0.006293733303955355,0.006293733303955355,0.009478599378110053,0.009478599378110053,0.009118986038695539,0.009118986038695539,0.008297106240253649,0.008297106240253649,0.006293733303955355,0.006293733303955355,0.009478599378110053,0.009478599378110053,0.009118986038695539,0.009118986038695539,0.008297106240253649,0.008297106240253649,0.0037067083321744576
kick,NeuralNetTorch,7299,0.00023458592068901205,0.013487245802634747,0.013487245802634747,0.0,-0.00652707377742631,0.0,-0.00557054401731488,0.0,-0.0062538751947347985,0.0,-0.006117164329825331,0.010639563329018432,0.010639563329018432,0.011133945047857164,0.011133945047857164,0.012593191243719108,0.012593191243719108,0.011455566540198234,0.011455566540198234,0.010639563329018432,0.010639563329018432,0.011133945047857164,0.011133945047857164,0.012593191243719108,0.012593191243719108,0.011455566540198234,0.011455566540198234,0.0034824303341641403
kick,RandomForest,7299,0.002828115379297646,0.03225391854775516,0.03225391854775516,0.0,-0.003210155882085093,0.0,-0.0026551523622991495,0.0,-0.0025515050468435715,0.0,-0.0028056044304092718,0.017907224700781453,0.017907224700781453,0.022212962977834948,0.022212962977834948,0.016685144227271912,0.016685144227271912,0.018935110635296102,0.018935110635296102,0.017907224700781453,0.017907224700781453,0.022212962977834948,0.022212962977834948,0.016685144227271912,0.016685144227271912,0.018935110635296102,0.018935110635296102,0.0035882640004274435
kick,XGBoost,7299,0.00046227426086040705,0.018060586153021627,0.018060586153021627,0.0,-0.006167155565995709,0.0,-0.005790934564475351,0.0,-0.006544078804367362,0.0,-0.0061673896449461404,0.009660126783662152,0.009660126783662152,0.010511681641263045,0.010511681641263045,0.0020801167283628244,0.0020801167283628244,0.007417308384429341,0.007417308384429341,0.009660126783662152,0.009660126783662152,0.010511681641263045,0.010511681641263045,0.0020801167283628244,0.0020801167283628244,0.007417308384429341,0.007417308384429341,0.0035339863328166152
mammography,CatBoost,1119,0.0003067871709737866,0.002987250300573251,0.002987250300573251,0.0,-0.004880289684451533,0.0,-0.008752200380286278,0.0,-0.009058288217727308,0.0,-0.007563592760821706,0.0023746852046077995,0.0023746852046077995,0.0003535410607868986,0.0003535410607868986,0.0,-1.457245501613043e-07,0.0009094087551315661,0.0009093601802815124,0.0023746852046077995,0.0023746852046077995,0.0003535410607868986,0.0003535410607868986,0.0,-1.457245501613043e-07,0.0009094087551315661,0.0009093601802815124,0.001058027667265075
mammography,ExtraTrees,1119,0.0009083719555935277,0.00982183899564482,0.00982183899564482,0.0,-0.003756444098516828,0.0,-0.007265468446171439,0.0,-0.00640410804756785,0.0,-0.005808673530752039,0.006798292978037987,0.006798292978037987,0.0,-0.0025416065669930966,0.0,-8.517186797299514e-05,0.0022660976593459957,0.0013905048476906318,0.006798292978037987,0.006798292978037987,0.0,-0.0025416065669930966,0.0,-8.517186797299514e-05,0.0022660976593459957,0.0013905048476906318,0.001089597333096511
mammography,LightGBM,1119,0.00031100477806888605,0.004549416189807716,0.004549416189807716,0.0,-0.0010225221487400098,0.0,-0.004878794100842585,0.0,-0.008436001540119004,0.0,-0.004779105929900533,0.007245693360792408,0.007245693360792408,0.0019975599025103983,0.0019975599025103983,0.0,-0.0033897038437242987,0.0030810844211009354,0.0019511831398595027,0.007245693360792408,0.007245693360792408,0.0019975599025103983,0.0019975599025103983,0.0,-0.0033897038437242987,0.0030810844211009354,0.0019511831398595027,0.0010579443332972005
mammography,LinearModel,1119,0.00047097862035540007,0.0075422727862264815,0.0075422727862264815,0.0,-0.004058041121906845,0.0,-0.007730399090176665,0.0,-0.0031476811202181014,0.0,-0.004978707110767204,0.002525750609512678,0.002525750609512678,0.0008305410082844819,0.0008305410082844819,0.0003686258575244823,0.0003686258575244823,0.0012416391584405475,0.0012416391584405475,0.002525750609512678,0.002525750609512678,0.0008305410082844819,0.0008305410082844819,0.0003686258575244823,0.0003686258575244823,0.0012416391584405475,0.0012416391584405475,0.0011129863329794414
mammography,NeuralNetFastAI,1119,0.00021599745896071988,0.0038140064351425873,0.0038140064351425873,0.0,-0.004884453475251232,0.0,-0.009163912712460165,0.0,-0.007431498000254593,0.0,-0.007159954729321997,0.003452582482928352,0.003452582482928352,0.0,-0.0030156848816555643,0.0,-0.0007683651840192757,0.001150860827642784,-0.0001104891942488294,0.003452582482928352,0.003452582482928352,0.0,-0.0030156848816555643,0.0,-0.0007683651840192757,0.001150860827642784,-0.0001104891942488294,0.0011634999997719813
mammography,NeuralNetTorch,1119,0.0002914973659975757,0.004787277400137917,0.004787277400137917,0.0,-0.0020975239918456946,0.0,-0.007198033152755845,0.0,-0.006298093143026799,0.0,-0.005197883429209446,0.0056953526435213385,0.0056953526435213385,0.0,-0.0060741816582138355,0.0,-0.004562776419866453,0.0018984508811737794,-0.0016472018115196501,0.0056953526435213385,0.0056953526435213385,0.0,-0.0060741816582138355,0.0,-0.004562776419866453,0.0018984508811737794,-0.0016472018115196501,0.001088333333124562
mammography,RandomForest,1119,0.0009077515840056415,0.010416327105699756,0.010416327105699756,0.0,-0.003658559889579788,0.0,-0.005288022513623414,0.0,-0.006207360515694449,0.0,-0.005051314306299217,0.00423882127899066,0.00423882127899066,0.004368449086920412,0.004368449086920412,0.0,-0.005641975897816794,0.0028690901219703573,0.0009884314893647596,0.00423882127899066,0.00423882127899066,0.004368449086920412,0.004368449086920412,0.0,-0.005641975897816794,0.0028690901219703573,0.0009884314893647596,0.0011976250001074125
mammography,XGBoost,1119,0.00038680258371852957,0.004986199969852342,0.004986199969852342,0.0,-0.001200023772796419,0.0,-0.006798649725880584,0.0,-0.007793720546582239,0.0,-0.005264131348419747,0.006207107049918636,0.006207107049918636,0.0,-0.0002856242924140495,0.0,-0.004665019607616271,0.002069035683306212,0.0004188210499627718,0.006207107049918636,0.006207107049918636,0.0,-0.0002856242924140495,0.0,-0.004665019607616271,0.002069035683306212,0.0004188210499627718,0.0011419999997694201
mc1,CatBoost,947,8.474567040156436e-05,0.001448690264707574,0.001448690264707574,0.0,-0.0024360099707061004,0.0,-0.0032935594218869704,0.0,-0.002184314158022545,0.0,-0.0026379611835385384,0.0,-0.0026915723027613747,0.004381233976900414,0.004381233976900414,0.0,-0.0002802321822871774,0.0014604113256334714,0.00046980983061728726,0.0,-0.0026915723027613747,0.004381233976900414,0.004381233976900414,0.0,-0.0002802321822871774,0.0014604113256334714,0.00046980983061728726,0.001073722333482389
mc1,ExtraTrees,947,0.00010842411057971378,0.00240776792749526,0.00240776792749526,0.0,-0.0022113867977796827,0.0,-0.0037450525386332353,0.0,-0.0026991956085449433,0.0,-0.002885211648319287,0.0,-0.0001201698026296421,0.0016197363975987802,0.0016197363975987802,0.0,-0.001032696148711505,0.0005399121325329267,0.00015562348208587773,0.0,-0.0001201698026296421,0.0016197363975987802,0.0016197363975987802,0.0,-0.001032696148711505,0.0005399121325329267,0.00015562348208587773,0.0010294720001790363
mc1,LightGBM,947,9.440718488325625e-05,0.002233540501656573,0.002233540501656573,0.0,-0.002610683100393861,0.0,-0.001369937832233415,0.0,-0.003406412303443302,0.0,-0.002462344412023526,0.0010067106572121437,0.0010067106572121437,0.006197901369072989,0.006197901369072989,0.0,-0.0015188960576456515,0.002401537342095044,0.0018952386562131605,0.0010067106572121437,0.0010067106572121437,0.006197901369072989,0.006197901369072989,0.0,-0.0015188960576456515,0.002401537342095044,0.0018952386562131605,0.0010272776659500475
mc1,LinearModel,947,0.00014638436646146276,0.0026338506459625682,0.0026338506459625682,0.00017147046991065513,0.00017147046991065513,0.0,-0.001448604561323743,0.0,-0.0014576570242457749,5.715682330355171e-05,-0.0009115970385529543,0.0033113504559888767,0.0033113504559888767,0.00022656006980996342,0.00022656006980996342,0.0,-0.0004980274636359966,0.0011793035085996134,0.0010132943540542812,0.0033113504559888767,0.0033113504559888767,0.00022656006980996342,0.00022656006980996342,0.0,-0.0004980274636359966,0.0011793035085996134,0.0010132943540542812,0.00110161100019468
mc1,NeuralNetFastAI,947,0.0002510707807121435,0.0026250846864085877,0.0026250846864085877,0.0,-0.0017320011443544365,0.0,-0.0019264406852354038,0.0,-0.0019394285691507385,0.0,-0.001865956799580193,0.002036190532548938,0.002036190532548938,0.0022724021446457474,0.0022724021446457474,0.002096067827662857,0.002096067827662857,0.002134886834952514,0.002134886834952514,0.002036190532548938,0.002036190532548938,0.0022724021446457474,0.0022724021446457474,0.002096067827662857,0.002096067827662857,0.002134886834952514,0.002134886834952514,0.0010403053335418615
mc1,NeuralNetTorch,947,0.00010110961490308469,0.002626690070216347,0.002626690070216347,0.00018884556428892343,0.00018884556428892343,0.0,-0.00047876464210748547,0.0,-7.235295924621965e-05,6.294852142964114e-05,-0.00012075734568826056,0.003907735159092825,0.003907735159092825,0.0035018149850668734,0.0035018149850668734,0.0010765182162473712,0.0010765182162473712,0.0028286894534690233,0.0028286894534690233,0.003907735159092825,0.003907735159092825,0.0035018149850668734,0.0035018149850668734,0.0010765182162473712,0.0010765182162473712,0.0028286894534690233,0.0028286894534690233,0.0011779999998301112
mc1,RandomForest,947,5.816639252468534e-05,0.002580967733421892,0.002580967733421892,0.00032577206207052407,0.00032577206207052407,0.0,-0.001728376534739333,0.0,-0.0006366196126816088,0.00010859068735684136,-0.0006797413617834726,0.0030195384231163558,0.0030195384231163558,0.0033623212080935304,0.0033623212080935304,0.00487411745833662,0.00487411745833662,0.003751992363182169,0.003751992363182169,0.0030195384231163558,0.0030195384231163558,0.0033623212080935304,0.0033623212080935304,0.00487411745833662,0.00487411745833662,0.003751992363182169,0.003751992363182169,0.0010912779992698536
mc1,XGBoost,947,6.719166348136656e-05,0.0017722229712900024,0.0017722229712900024,0.0,-0.002193451711885386,0.0,-0.003390961350162898,0.0,-0.002881501852679296,0.0,-0.0028219716382425265,0.0022653455230374963,0.0022653455230374963,0.003999505608038703,0.003999505608038703,0.0,-0.0008266451405931693,0.002088283710358733,0.00181273533016101,0.0022653455230374963,0.0022653455230374963,0.003999505608038703,0.003999505608038703,0.0,-0.0008266451405931693,0.002088283710358733,0.00181273533016101,0.0010442083342544113
mozilla4,CatBoost,1555,0.00010475732649914228,0.004283992180305419,0.004283992180305419,0.0,-0.0022595665343691086,0.0,-0.004855626135594202,0.0,-0.0038338095135072034,0.0,-0.0036496673944901707,0.0030249270757574547,0.0030249270757574547,0.0,-0.012879657389494476,0.003056353554267165,0.003056353554267165,0.00202709354334154,-0.0022661255864899524,0.0030249270757574547,0.0030249270757574547,0.0,-0.012879657389494476,0.003056353554267165,0.003056353554267165,0.00202709354334154,-0.0022661255864899524,0.0014932223336169652
mozilla4,ExtraTrees,1555,0.0009227105781339121,0.019337496672612108,0.019337496672612108,0.0,-0.002022815843252417,0.0,-0.0040654568826862985,0.0,-0.003350232442296946,0.0,-0.0031461683894118873,0.014851020062432125,0.014851020062432125,0.006662380874121017,0.006662380874121017,0.008557341839830687,0.008557341839830687,0.010023580925461276,0.010023580925461276,0.014851020062432125,0.014851020062432125,0.006662380874121017,0.006662380874121017,0.008557341839830687,0.008557341839830687,0.010023580925461276,0.010023580925461276,0.0014139723328601879
mozilla4,LightGBM,1555,0.000159472009788727,0.00936400598354699,0.00936400598354699,0.0,-0.003957781769672364,0.0,-0.0033437564005200293,0.0,-0.0029679438142293977,0.0,-0.0034231606614739305,0.012536470233567562,0.012536470233567562,0.0064383673044430675,0.0064383673044430675,0.0,-0.0017429264984018741,0.0063249458460035435,0.005743970346536252,0.012536470233567562,0.012536470233567562,0.0064383673044430675,0.0064383673044430675,0.0,-0.0017429264984018741,0.0063249458460035435,0.005743970346536252,0.0013879719990654849
mozilla4,LinearModel,1555,0.00220445800765884,0.015876230313230686,0.015876230313230686,0.0,-0.0007501684507443346,0.0,-0.0010330131663293897,0.0,-0.0006126093756731962,0.0,-0.0007985969975823067,0.012441972294501632,0.012441972294501632,0.008484887493369743,0.008484887493369743,0.012566812189346516,0.012566812189346516,0.011164557325739297,0.011164557325739297,0.012441972294501632,0.012441972294501632,0.008484887493369743,0.008484887493369743,0.012566812189346516,0.012566812189346516,0.011164557325739297,0.011164557325739297,0.0014356389995858383
mozilla4,NeuralNetFastAI,1555,0.0010055261190156874,0.020562476577339065,0.020562476577339065,0.0,-0.002433393338968923,0.0,-0.000728767956789384,0.0,-3.0247501533548528e-05,0.0,-0.0010641362657639517,0.011781497629077872,0.011781497629077872,0.019855838543301228,0.019855838543301228,0.018191511568484583,0.018191511568484583,0.01660961591362123,0.01660961591362123,0.011781497629077872,0.011781497629077872,0.019855838543301228,0.019855838543301228,0.018191511568484583,0.018191511568484583,0.01660961591362123,0.01660961591362123,0.0012893890004003576
mozilla4,NeuralNetTorch,1555,0.0007979974933060649,0.013448329768381714,0.013448329768381714,0.0,-0.0022087321886209597,0.0,-0.00015975166640099645,0.0,-0.002514061120835649,0.0,-0.0016275149919525351,0.006007971224515225,0.006007971224515225,0.014928961021197935,0.014928961021197935,0.0,-0.0013341886126286312,0.00697897741523772,0.006534247877694843,0.006007971224515225,0.006007971224515225,0.014928961021197935,0.014928961021197935,0.0,-0.0013341886126286312,0.00697897741523772,0.006534247877694843,0.0013293749992347632
mozilla4,RandomForest,1555,0.0006578447157407265,0.014748294860964668,0.014748294860964668,0.0,-0.005249315119279549,0.0,-0.005542276849975036,0.0,-0.007771128993082387,0.0,-0.006187573654112324,0.012006430263807728,0.012006430263807728,0.0042165047174672985,0.0042165047174672985,0.013245444586111226,0.013245444586111226,0.00982279318912875,0.00982279318912875,0.012006430263807728,0.012006430263807728,0.0042165047174672985,0.0042165047174672985,0.013245444586111226,0.013245444586111226,0.00982279318912875,0.00982279318912875,0.0011951943330738384
mozilla4,XGBoost,1555,0.00013384213959910505,0.004527395625543843,0.004527395625543843,0.0,-0.0035984292014134348,0.0,-0.004631839304196054,0.0,-0.0022672973135006796,0.0,-0.0034991886063700565,0.0,-0.00028958323748911046,0.00046192721268716134,0.00046192721268716134,0.005396026575475949,0.005396026575475949,0.0019526512627210367,0.0018561235168913332,0.0,-0.00028958323748911046,0.00046192721268716134,0.00046192721268716134,0.005396026575475949,0.005396026575475949,0.0019526512627210367,0.0018561235168913332,0.001411222333748204
nomao,CatBoost,3447,0.00014470361669024728,0.003625955038653568,0.003625955038653568,0.0,-0.0034064581685445956,0.0,-0.003840596883351776,0.0,-0.0029388533106120608,0.0,-0.0033953027875028106,0.0030187762912595654,0.0030187762912595654,0.0037636641269958725,0.0037636641269958725,0.004571860965946157,0.004571860965946157,0.0037847671280671984,0.0037847671280671984,0.0030187762912595654,0.0030187762912595654,0.0037636641269958725,0.0037636641269958725,0.004571860965946157,0.004571860965946157,0.0037847671280671984,0.0037847671280671984,0.0020806943333203285
nomao,ExtraTrees,3447,0.0017768789407561548,0.022720582999909377,0.022720582999909377,0.0,-0.0009681952864982349,0.0,-0.002971543762345204,0.0,-0.0011569671932068724,0.0,-0.0016989020806834371,0.01611005534678114,0.01611005534678114,0.002637470618602562,0.002637470618602562,0.012394747146858377,0.012394747146858377,0.010380757704080692,0.010380757704080692,0.01611005534678114,0.01611005534678114,0.002637470618602562,0.002637470618602562,0.012394747146858377,0.012394747146858377,0.010380757704080692,0.010380757704080692,0.001990472332787855
nomao,LightGBM,3447,2.7357595544002276e-05,0.002103834546971972,0.002103834546971972,0.0,-0.0039692482935722445,0.0,-0.00366664330409797,0.0,-0.005207550384022719,0.0,-0.0042811473272309775,0.000420716603765513,0.000420716603765513,0.004022082646040919,0.004022082646040919,0.0,-0.0004712278104697721,0.0014809330832688107,0.0013238571464455533,0.000420716603765513,0.000420716603765513,0.004022082646040919,0.004022082646040919,0.0,-0.0004712278104697721,0.0014809330832688107,0.0013238571464455533,0.0023061806665888676
nomao,LinearModel,3447,7.56566533120852e-05,0.004612081453781588,0.004612081453781588,0.0,-0.002148741552809043,0.0,-0.0012374431652919693,0.0,-0.0024636054802291275,0.0,-0.0019499300661100464,0.0,-0.00022253257982261787,0.0057250715143384225,0.0057250715143384225,0.0,-0.001121373224024657,0.0019083571714461408,0.001460388570163716,0.0,-0.00022253257982261787,0.0057250715143384225,0.0057250715143384225,0.0,-0.001121373224024657,0.0019083571714461408,0.001460388570163716,0.002172777666904343
nomao,NeuralNetFastAI,3447,8.557584359431473e-05,0.004501180151485815,0.004501180151485815,0.0,-0.002637859632370448,0.0,-0.0028830585330694622,0.0,-0.0028632678160840585,0.0,-0.0027947286605079897,0.0008053086515281693,0.0008053086515281693,0.003529513525297006,0.003529513525297006,0.00544254483590577,0.00544254483590577,0.0032591223375769817,0.0032591223375769817,0.0008053086515281693,0.0008053086515281693,0.003529513525297006,0.003529513525297006,0.00544254483590577,0.00544254483590577,0.0032591223375769817,0.0032591223375769817,0.002137527999972614
nomao,NeuralNetTorch,3447,9.360997247336185e-05,0.00656317371732796,0.00656317371732796,0.0,-0.0023441367872569607,0.0,-0.002825895782258807,0.0,-0.0023829345736853225,0.0,-0.0025176557144003637,0.004572380356496556,0.004572380356496556,0.0031967835034364535,0.0031967835034364535,0.007530866445506638,0.007530866445506638,0.005100010101813216,0.005100010101813216,0.004572380356496556,0.004572380356496556,0.0031967835034364535,0.0031967835034364535,0.007530866445506638,0.007530866445506638,0.005100010101813216,0.005100010101813216,0.0020258749997689542
nomao,RandomForest,3447,0.00211467999050397,0.025183486880836287,0.025183486880836287,0.0,-0.0013735209499549266,0.0,-0.00240361359925661,0.0,-0.0006178717566323565,0.0,-0.0014650021019479641,0.012020828178050313,0.012020828178050313,0.011282573676443045,0.011282573676443045,0.019153600245766064,0.019153600245766064,0.014152334033419806,0.014152334033419806,0.012020828178050313,0.012020828178050313,0.011282573676443045,0.011282573676443045,0.019153600245766064,0.019153600245766064,0.014152334033419806,0.014152334033419806,0.001811347333083783
nomao,XGBoost,3447,9.556992200958155e-06,0.0014441128888325516,0.0014441128888325516,0.0,-0.0030717770901664645,0.0,-0.003886627211007027,0.0,-0.004796199828935468,0.0,-0.003918201376702987,0.0015644500936735307,0.0015644500936735307,0.0023759211789346076,0.0023759211789346076,0.0018781010221409606,0.0018781010221409606,0.001939490764916366,0.001939490764916366,0.0015644500936735307,0.0015644500936735307,0.0023759211789346076,0.0023759211789346076,0.0018781010221409606,0.0018781010221409606,0.001939490764916366,0.001939490764916366,0.0021983056673586057
numerai28_6,CatBoost,9632,0.00035483117713662227,0.011971280148927357,0.011971280148927357,0.0,-0.0004541083372479735,0.0,-9.634640869347579e-05,0.0,-0.0005582232402652536,0.0,-0.0003695593287355676,0.0,-0.0003750370846337258,0.011272980983174124,0.011272980983174124,0.0,-0.00870160976319614,0.003757660327724708,0.0007321113784480859,0.0,-0.0003750370846337258,0.011272980983174124,0.011272980983174124,0.0,-0.00870160976319614,0.003757660327724708,0.0007321113784480859,0.004805278000276303
numerai28_6,ExtraTrees,9632,0.0001826482708778305,0.01051235737656537,0.01051235737656537,0.0,-0.0005405084541175868,0.0,-0.0006873368639220618,0.0,-0.00011306488494556512,0.0,-0.0004469700676617379,0.005589134322844471,0.005589134322844471,0.00317587996167796,0.00317587996167796,0.0004034101579375441,0.0004034101579375441,0.003056141480819992,0.003056141480819992,0.005589134322844471,0.005589134322844471,0.00317587996167796,0.00317587996167796,0.0004034101579375441,0.0004034101579375441,0.003056141480819992,0.003056141480819992,0.004700138666521525
numerai28_6,LightGBM,9632,0.0002515680942445501,0.011848843371823578,0.011848843371823578,0.0,-0.0001723308641841308,0.0,-0.0001667811813455719,0.0,-0.0005679887836586518,0.0,-0.00030236694306278486,0.003541781041040967,0.003541781041040967,0.00759853270721693,0.00759853270721693,0.011334410243577933,0.011334410243577933,0.007491574663945277,0.007491574663945277,0.003541781041040967,0.003541781041040967,0.00759853270721693,0.00759853270721693,0.011334410243577933,0.011334410243577933,0.007491574663945277,0.007491574663945277,0.004537513999821385
numerai28_6,LinearModel,9632,0.0002761142419707706,0.01254462680633975,0.01254462680633975,0.0,-0.0006012804605060914,0.0,-0.0003072089116439965,0.0,-0.0006727453212661404,0.0,-0.0005270782311387429,0.0,-0.0009641902416053404,0.013021428082323946,0.013021428082323946,0.0,-0.006326007622718019,0.004340476027441315,0.0019104100726668623,0.0,-0.0009641902416053404,0.013021428082323946,0.013021428082323946,0.0,-0.006326007622718019,0.004340476027441315,0.0019104100726668623,0.0045509166666306555
numerai28_6,NeuralNetFastAI,9632,0.0002771364253259482,0.013133332572654633,0.013133332572654633,0.0,-0.0006750421512977836,0.0,-0.00017626490652336715,0.0,-0.0003283431337594631,0.0,-0.0003932167305268713,0.0009869904446096912,0.0009869904446096912,0.0052139871781599085,0.0052139871781599085,0.006197281927489165,0.006197281927489165,0.004132753183419588,0.004132753183419588,0.0009869904446096912,0.0009869904446096912,0.0052139871781599085,0.0052139871781599085,0.006197281927489165,0.006197281927489165,0.004132753183419588,0.004132753183419588,0.004702013999728176
numerai28_6,NeuralNetTorch,9632,0.0002644595391366567,0.012526102667284567,0.012526102667284567,0.0,-0.00043939383014012634,0.0,-0.00040316903749752325,0.0,-0.00024763003470896155,0.0,-0.00036339763411553705,0.0014237487515391305,0.0014237487515391305,0.0066721060737175404,0.0066721060737175404,0.011863882758614431,0.011863882758614431,0.0066532458612903675,0.0066532458612903675,0.0014237487515391305,0.0014237487515391305,0.0066721060737175404,0.0066721060737175404,0.011863882758614431,0.011863882758614431,0.0066532458612903675,0.0066532458612903675,0.004484166666467597
numerai28_6,RandomForest,9632,0.00012645464047984857,0.0071427804631400745,0.0071427804631400745,0.0,-0.0004125322695332958,0.0,-0.00010206036784512052,0.0,-0.0003888622757572984,0.0,-0.0003011516377119049,0.0036291622733109416,0.0036291622733109416,0.001944980800671633,0.001944980800671633,0.0010883980074841715,0.0010883980074841715,0.002220847027155582,0.002220847027155582,0.0036291622733109416,0.0036291622733109416,0.001944980800671633,0.001944980800671633,0.0010883980074841715,0.0010883980074841715,0.002220847027155582,0.002220847027155582,0.004665208332880866
numerai28_6,XGBoost,9632,0.0003256287364334502,0.01252303114377482,0.01252303114377482,0.0,-0.00038712302893145165,3.9983336129838745e-05,3.9983336129838745e-05,0.0,-3.636584905936116e-05,1.3327778709946248e-05,-0.00012783518062032468,0.006306501021887179,0.006306501021887179,0.019606224910984207,0.019606224910984207,0.0106364302739402,0.0106364302739402,0.012183052068937194,0.012183052068937194,0.006306501021887179,0.006306501021887179,0.019606224910984207,0.019606224910984207,0.0106364302739402,0.0106364302739402,0.012183052068937194,0.012183052068937194,0.004576472332701087
