dataset,model,test_size,true_brier,true_l1,true_l2,Smooth-ECE_brier_draw0,Smooth-ECE_brier_draw0_unclipped,Smooth-ECE_brier_draw1,Smooth-ECE_brier_draw1_unclipped,Smooth-ECE_brier_draw2,Smooth-ECE_brier_draw2_unclipped,Smooth-ECE_brier,Smooth-ECE_brier_unclipped,Smooth-ECE_l1_draw0,Smooth-ECE_l1_draw0_unclipped,Smooth-ECE_l1_draw1,Smooth-ECE_l1_draw1_unclipped,Smooth-ECE_l1_draw2,Smooth-ECE_l1_draw2_unclipped,Smooth-ECE_l1,Smooth-ECE_l1_unclipped,Smooth-ECE_l2_draw0,Smooth-ECE_l2_draw0_unclipped,Smooth-ECE_l2_draw1,Smooth-ECE_l2_draw1_unclipped,Smooth-ECE_l2_draw2,Smooth-ECE_l2_draw2_unclipped,Smooth-ECE_l2,Smooth-ECE_l2_unclipped,Smooth-ECE_time
2dplanes,CatBoost,4077,0.0010357467002906422,0.016759806470045092,0.016759806470045092,,,,,,,,,0.017175407423015692,0.017175407423015692,0.019110965662872726,0.019110965662872726,0.014205682349192887,0.014205682349192887,0.016830685145027103,0.016830685145027103,0.017175407423015692,0.017175407423015692,0.019110965662872726,0.019110965662872726,0.014205682349192887,0.014205682349192887,0.016830685145027103,0.016830685145027103,0.0020999583333226233
2dplanes,ExtraTrees,4077,0.00060943821379165,0.013471089267672749,0.013471089267672749,,,,,,,,,0.013300580920043057,0.013300580920043057,0.016286048252584565,0.016286048252584565,0.012503104784435339,0.012503104784435339,0.014029911319020988,0.014029911319020988,0.013300580920043057,0.013300580920043057,0.016286048252584565,0.016286048252584565,0.012503104784435339,0.012503104784435339,0.014029911319020988,0.014029911319020988,0.0016363750000891741
2dplanes,LightGBM,4077,0.0006452912859289947,0.014063984582822505,0.014063984582822505,,,,,,,,,0.01546455195789954,0.01546455195789954,0.0146651429577292,0.0146651429577292,0.014991062667709212,0.014991062667709212,0.015040252527779317,0.015040252527779317,0.01546455195789954,0.01546455195789954,0.0146651429577292,0.0146651429577292,0.014991062667709212,0.014991062667709212,0.015040252527779317,0.015040252527779317,0.001713514000584837
2dplanes,LinearModel,4077,0.006020850286611491,0.05546835795935246,0.05546835795935246,,,,,,,,,0.021624457393512844,0.021624457393512844,0.021249832732318903,0.021249832732318903,0.019753371733758407,0.019753371733758407,0.02087588728653005,0.02087588728653005,0.021624457393512844,0.021624457393512844,0.021249832732318903,0.021249832732318903,0.019753371733758407,0.019753371733758407,0.02087588728653005,0.02087588728653005,0.0024052499999622037
2dplanes,NeuralNetFastAI,4077,0.0003691270459463433,0.010036207619855754,0.010036207619855754,,,,,,,,,0.010953105060437392,0.010953105060437392,0.013834458663133854,0.013834458663133854,0.01043074793324789,0.01043074793324789,0.011739437218939712,0.011739437218939712,0.010953105060437392,0.010953105060437392,0.013834458663133854,0.013834458663133854,0.01043074793324789,0.01043074793324789,0.011739437218939712,0.011739437218939712,0.0014119166662567295
2dplanes,NeuralNetTorch,4077,0.0003406932270880549,0.009938694772379074,0.009938694772379074,,,,,,,,,0.011131981552365892,0.011131981552365892,0.011142426101408543,0.011142426101408543,0.012634782685208297,0.012634782685208297,0.01163639677966091,0.01163639677966091,0.011131981552365892,0.011131981552365892,0.011142426101408543,0.011142426101408543,0.012634782685208297,0.012634782685208297,0.01163639677966091,0.01163639677966091,0.0014241113337144877
2dplanes,RandomForest,4077,0.000662710189717478,0.012572317079092885,0.012572317079092885,,,,,,,,,0.012480390342596081,0.012480390342596081,0.014329553239782829,0.014329553239782829,0.01490459031632697,0.01490459031632697,0.013904844632901961,0.013904844632901961,0.012480390342596081,0.012480390342596081,0.014329553239782829,0.014329553239782829,0.01490459031632697,0.01490459031632697,0.013904844632901961,0.013904844632901961,0.001598208332628322
2dplanes,XGBoost,4077,0.0007391555875778144,0.013616694989012785,0.013616694989012785,,,,,,,,,0.015237313846012958,0.015237313846012958,0.015694880451965244,0.015694880451965244,0.014700881991397094,0.014700881991397094,0.015211025429791766,0.015211025429791766,0.015237313846012958,0.015237313846012958,0.015694880451965244,0.015694880451965244,0.014700881991397094,0.014700881991397094,0.015211025429791766,0.015211025429791766,0.0016904306673192575
APSFailure,CatBoost,7600,0.00023072929039153674,0.0018584471185175446,0.0018584471185175446,,,,,,,,,0.004333186527375443,0.004333186527375443,0.004520723968609412,0.004520723968609412,0.004897129440363163,0.004897129440363163,0.004583679978782672,0.004583679978782672,0.004333186527375443,0.004333186527375443,0.004520723968609412,0.004520723968609412,0.004897129440363163,0.004897129440363163,0.004583679978782672,0.004583679978782672,0.0010638473334741623
APSFailure,ExtraTrees,7600,0.0006226824370906533,0.0051914377608753915,0.0051914377608753915,,,,,,,,,0.0068960734146470935,0.0068960734146470935,0.0068724395309763195,0.0068724395309763195,0.006629300718483618,0.006629300718483618,0.00679927122136901,0.00679927122136901,0.0068960734146470935,0.0068960734146470935,0.0068724395309763195,0.0068724395309763195,0.006629300718483618,0.006629300718483618,0.00679927122136901,0.00679927122136901,0.0011012083329357363
APSFailure,LightGBM,7600,0.00045686417862927437,0.0026085678974425864,0.0026085678974425864,,,,,,,,,0.00447546575730423,0.00447546575730423,0.004919893211566046,0.004919893211566046,0.005127939415931766,0.005127939415931766,0.00484109946160068,0.00484109946160068,0.00447546575730423,0.00447546575730423,0.004919893211566046,0.004919893211566046,0.005127939415931766,0.005127939415931766,0.00484109946160068,0.00484109946160068,0.0009369860005487377
APSFailure,LinearModel,7600,0.0003803322741956466,0.0034943082985187082,0.0034943082985187082,,,,,,,,,0.00589743651589577,0.00589743651589577,0.006346701175860274,0.006346701175860274,0.005619962323006258,0.005619962323006258,0.005954700004920768,0.005954700004920768,0.00589743651589577,0.00589743651589577,0.006346701175860274,0.006346701175860274,0.005619962323006258,0.005619962323006258,0.005954700004920768,0.005954700004920768,0.0010885276666764792
APSFailure,NeuralNetFastAI,7600,0.0005370516703016731,0.002903728571302389,0.002903728571302389,,,,,,,,,0.0048150978772665606,0.0048150978772665606,0.004948333721616778,0.004948333721616778,0.004644509070245605,0.004644509070245605,0.004802646889709648,0.004802646889709648,0.0048150978772665606,0.0048150978772665606,0.004948333721616778,0.004948333721616778,0.004644509070245605,0.004644509070245605,0.004802646889709648,0.004802646889709648,0.0009348333333036862
APSFailure,NeuralNetTorch,7600,0.0003528082933513664,0.0026576990019937415,0.0026576990019937415,,,,,,,,,0.005578396232385649,0.005578396232385649,0.006100858857441962,0.006100858857441962,0.006124838379280307,0.006124838379280307,0.005934697823035973,0.005934697823035973,0.005578396232385649,0.005578396232385649,0.006100858857441962,0.006100858857441962,0.006124838379280307,0.006124838379280307,0.005934697823035973,0.005934697823035973,0.0010301250003976747
APSFailure,RandomForest,7600,0.0007705903281132056,0.0069554844467050935,0.0069554844467050935,,,,,,,,,0.007896279254445549,0.007896279254445549,0.007119958911840258,0.007119958911840258,0.008227364326090197,0.008227364326090197,0.0077478674974586674,0.0077478674974586674,0.007896279254445549,0.007896279254445549,0.007119958911840258,0.007119958911840258,0.008227364326090197,0.008227364326090197,0.0077478674974586674,0.0077478674974586674,0.001238096998955977
APSFailure,XGBoost,7600,0.0004522037960324727,0.00276524990062937,0.00276524990062937,,,,,,,,,0.00422335204754059,0.00422335204754059,0.004268756829419084,0.004268756829419084,0.004981806538721904,0.004981806538721904,0.004491305138560526,0.004491305138560526,0.00422335204754059,0.00422335204754059,0.004268756829419084,0.004268756829419084,0.004981806538721904,0.004981806538721904,0.004491305138560526,0.004491305138560526,0.0009090833336813375
Amazon_employee_access,CatBoost,3277,6.587767880525423e-05,0.007047274838570309,0.007047274838570309,,,,,,,,,0.014941377768845512,0.014941377768845512,0.014460282716221394,0.014460282716221394,0.015027651782141022,0.015027651782141022,0.014809770755735975,0.014809770755735975,0.014941377768845512,0.014941377768845512,0.014460282716221394,0.014460282716221394,0.015027651782141022,0.015027651782141022,0.014809770755735975,0.014809770755735975,0.0016530833333187427
Amazon_employee_access,ExtraTrees,3277,0.0011848128098959204,0.021936008014946693,0.021936008014946693,,,,,,,,,0.025171320871590876,0.025171320871590876,0.027487066562406987,0.027487066562406987,0.025209101237279704,0.025209101237279704,0.025955829557092525,0.025955829557092525,0.025171320871590876,0.025171320871590876,0.027487066562406987,0.027487066562406987,0.025209101237279704,0.025209101237279704,0.025955829557092525,0.025955829557092525,0.0028489443332849382
Amazon_employee_access,LightGBM,3277,0.00011584613744030146,0.006122729817486624,0.006122729817486624,,,,,,,,,0.011688752083993077,0.011688752083993077,0.009235854311889138,0.009235854311889138,0.014478194202516278,0.014478194202516278,0.011800933532799499,0.011800933532799499,0.011688752083993077,0.011688752083993077,0.009235854311889138,0.009235854311889138,0.014478194202516278,0.014478194202516278,0.011800933532799499,0.011800933532799499,0.0013951250002719462
Amazon_employee_access,LinearModel,3277,0.000577567983805529,0.015529851627251633,0.015529851627251633,,,,,,,,,0.020611329943556255,0.020611329943556255,0.02271201673532554,0.02271201673532554,0.01960206380153174,0.01960206380153174,0.02097513682680451,0.02097513682680451,0.020611329943556255,0.020611329943556255,0.02271201673532554,0.02271201673532554,0.01960206380153174,0.01960206380153174,0.02097513682680451,0.02097513682680451,0.0024083193335779165
Amazon_employee_access,NeuralNetFastAI,3277,0.0003750018116364677,0.009594039574861163,0.009594039574861163,,,,,,,,,0.011094658296682606,0.011094658296682606,0.014681184056296698,0.014681184056296698,0.014815320043280716,0.014815320043280716,0.013530387465420008,0.013530387465420008,0.011094658296682606,0.011094658296682606,0.014681184056296698,0.014681184056296698,0.014815320043280716,0.014815320043280716,0.013530387465420008,0.013530387465420008,0.001557471999452294
Amazon_employee_access,NeuralNetTorch,3277,0.001192830126488589,0.0172959970043751,0.0172959970043751,,,,,,,,,0.01586427804643173,0.01586427804643173,0.01751181799336714,0.01751181799336714,0.018499734986358107,0.018499734986358107,0.017291943675385658,0.017291943675385658,0.01586427804643173,0.01586427804643173,0.01751181799336714,0.01751181799336714,0.018499734986358107,0.018499734986358107,0.017291943675385658,0.017291943675385658,0.0019230696671002079
Amazon_employee_access,RandomForest,3277,0.0010407990874690906,0.019401031244190358,0.019401031244190358,,,,,,,,,0.021996187120079357,0.021996187120079357,0.024718708299453322,0.024718708299453322,0.021682151466839706,0.021682151466839706,0.022799015628790793,0.022799015628790793,0.021996187120079357,0.021996187120079357,0.024718708299453322,0.024718708299453322,0.021682151466839706,0.021682151466839706,0.022799015628790793,0.022799015628790793,0.0025737500000104774
Amazon_employee_access,XGBoost,3277,6.127144786686918e-05,0.006959118745905035,0.006959118745905035,,,,,,,,,0.014890835957173816,0.014890835957173816,0.014751857907912074,0.014751857907912074,0.014719914467225113,0.014719914467225113,0.014787536110770334,0.014787536110770334,0.014890835957173816,0.014890835957173816,0.014751857907912074,0.014751857907912074,0.014719914467225113,0.014719914467225113,0.014787536110770334,0.014787536110770334,0.0016515416658270017
Click_prediction_small,CatBoost,3995,0.00038633628898235186,0.01768859708588454,0.01768859708588454,,,,,,,,,0.026862243959319968,0.026862243959319968,0.019237945307165036,0.019237945307165036,0.016461235085674136,0.016461235085674136,0.02085380811738638,0.02085380811738638,0.026862243959319968,0.026862243959319968,0.019237945307165036,0.019237945307165036,0.016461235085674136,0.016461235085674136,0.02085380811738638,0.02085380811738638,0.002346471999771893
Click_prediction_small,ExtraTrees,3995,0.0008215564260373532,0.023610837407146718,0.023610837407146718,,,,,,,,,0.028360305715149223,0.028360305715149223,0.02542907561448012,0.02542907561448012,0.028467929562039994,0.028467929562039994,0.027419103630556444,0.027419103630556444,0.028360305715149223,0.028360305715149223,0.02542907561448012,0.02542907561448012,0.028467929562039994,0.028467929562039994,0.027419103630556444,0.027419103630556444,0.0029889029998836727
Click_prediction_small,LightGBM,3995,0.0004458847215889114,0.01815457796381882,0.01815457796381882,,,,,,,,,0.026688105891694135,0.026688105891694135,0.021827103339796212,0.021827103339796212,0.016991303347425893,0.016991303347425893,0.021835504192972078,0.021835504192972078,0.026688105891694135,0.026688105891694135,0.021827103339796212,0.021827103339796212,0.016991303347425893,0.016991303347425893,0.021835504192972078,0.021835504192972078,0.002561624999846875
Click_prediction_small,LinearModel,3995,0.003433357252839177,0.038138102764381475,0.038138102764381475,,,,,,,,,0.03697790835277514,0.03697790835277514,0.03433155380673205,0.03433155380673205,0.03101160739077253,0.03101160739077253,0.03410702318342657,0.03410702318342657,0.03697790835277514,0.03697790835277514,0.03433155380673205,0.03433155380673205,0.03101160739077253,0.03101160739077253,0.03410702318342657,0.03410702318342657,0.004190264000499155
Click_prediction_small,NeuralNetFastAI,3995,0.0006152494557119272,0.02168230629401941,0.02168230629401941,,,,,,,,,0.03243417390250504,0.03243417390250504,0.022368441456226004,0.022368441456226004,0.01777746465335115,0.01777746465335115,0.024193360004027397,0.024193360004027397,0.03243417390250504,0.03243417390250504,0.022368441456226004,0.022368441456226004,0.01777746465335115,0.01777746465335115,0.024193360004027397,0.024193360004027397,0.002959749999718042
Click_prediction_small,NeuralNetTorch,3995,0.000906484864703196,0.025087184047802014,0.025087184047802014,,,,,,,,,0.029202187331284067,0.029202187331284067,0.023500899058109852,0.023500899058109852,0.02360273046300764,0.02360273046300764,0.025435272284133854,0.025435272284133854,0.029202187331284067,0.029202187331284067,0.023500899058109852,0.023500899058109852,0.02360273046300764,0.02360273046300764,0.025435272284133854,0.025435272284133854,0.0028024306666338816
Click_prediction_small,RandomForest,3995,0.0011413213978873715,0.02535429986824517,0.02535429986824517,,,,,,,,,0.03134662488098244,0.03134662488098244,0.02708555433585291,0.02708555433585291,0.02410098906289528,0.02410098906289528,0.027511056093243544,0.027511056093243544,0.03134662488098244,0.03134662488098244,0.02708555433585291,0.02708555433585291,0.02410098906289528,0.02410098906289528,0.027511056093243544,0.027511056093243544,0.003332930666753479
Click_prediction_small,XGBoost,3995,0.00047790328474461684,0.018971117007725632,0.018971117007725632,,,,,,,,,0.026870874306903506,0.026870874306903506,0.020643424352664527,0.020643424352664527,0.018912741427263693,0.018912741427263693,0.022142346695610576,0.022142346695610576,0.026870874306903506,0.026870874306903506,0.020643424352664527,0.020643424352664527,0.018912741427263693,0.018912741427263693,0.022142346695610576,0.022142346695610576,0.002502222333229535
PhishingWebsites,CatBoost,1106,0.00011501653449411958,0.003910267557744939,0.003910267557744939,,,,,,,,,0.013351735581233728,0.013351735581233728,0.015186702483859999,0.015186702483859999,0.015336880692465523,0.015336880692465523,0.014625106252519749,0.014625106252519749,0.013351735581233728,0.013351735581233728,0.015186702483859999,0.015186702483859999,0.015336880692465523,0.015336880692465523,0.014625106252519749,0.014625106252519749,0.0016513613336428534
PhishingWebsites,ExtraTrees,1106,0.0066681586143801565,0.05625384704162044,0.05625384704162044,,,,,,,,,0.0534941662138094,0.0534941662138094,0.05529885919762,0.05529885919762,0.05732617637537159,0.05732617637537159,0.055373067262267005,0.055373067262267005,0.0534941662138094,0.0534941662138094,0.05529885919762,0.05529885919762,0.05732617637537159,0.05732617637537159,0.055373067262267005,0.055373067262267005,0.006946430666478894
PhishingWebsites,LightGBM,1106,9.452185636811948e-05,0.0038107923112926127,0.0038107923112926127,,,,,,,,,0.01551595982575186,0.01551595982575186,0.014613373574657232,0.014613373574657232,0.014195129888823675,0.014195129888823675,0.014774821096410923,0.014774821096410923,0.01551595982575186,0.01551595982575186,0.014613373574657232,0.014613373574657232,0.014195129888823675,0.014195129888823675,0.014774821096410923,0.014774821096410923,0.0016042223336019863
PhishingWebsites,LinearModel,1106,0.00021872736660312296,0.00902476140604523,0.00902476140604523,,,,,,,,,0.019074631219118104,0.019074631219118104,0.020801420215888825,0.020801420215888825,0.02170977924232996,0.02170977924232996,0.020528610225778964,0.020528610225778964,0.019074631219118104,0.019074631219118104,0.020801420215888825,0.020801420215888825,0.02170977924232996,0.02170977924232996,0.020528610225778964,0.020528610225778964,0.0023163609997330545
PhishingWebsites,NeuralNetFastAI,1106,4.744237505240245e-05,0.003141969719634052,0.003141969719634052,,,,,,,,,0.013758111583031946,0.013758111583031946,0.01606851554855426,0.01606851554855426,0.01440974081748305,0.01440974081748305,0.014745455983023084,0.014745455983023084,0.013758111583031946,0.013758111583031946,0.01606851554855426,0.01606851554855426,0.01440974081748305,0.01440974081748305,0.014745455983023084,0.014745455983023084,0.0016067916658357717
PhishingWebsites,NeuralNetTorch,1106,0.00011321565322257829,0.004358799474228134,0.004358799474228134,,,,,,,,,0.01381285793828415,0.01381285793828415,0.013478316927277996,0.013478316927277996,0.014042553396961628,0.014042553396961628,0.013777909420841257,0.013777909420841257,0.01381285793828415,0.01381285793828415,0.013478316927277996,0.013478316927277996,0.014042553396961628,0.014042553396961628,0.013777909420841257,0.013777909420841257,0.0015197780000259324
PhishingWebsites,RandomForest,1106,0.005133421861791541,0.04618638428999584,0.04618638428999584,,,,,,,,,0.042885128545391595,0.042885128545391595,0.04655386308105637,0.04655386308105637,0.04617859833909446,0.04617859833909446,0.04520586332184748,0.04520586332184748,0.042885128545391595,0.042885128545391595,0.04655386308105637,0.04655386308105637,0.04617859833909446,0.04617859833909446,0.04520586332184748,0.04520586332184748,0.005541500000011486
PhishingWebsites,XGBoost,1106,8.611671452407753e-05,0.0031778621042838112,0.0031778621042838112,,,,,,,,,0.01616433628842998,0.01616433628842998,0.014167546734091313,0.014167546734091313,0.014816875129674514,0.014816875129674514,0.015049586050731936,0.015049586050731936,0.01616433628842998,0.01616433628842998,0.014167546734091313,0.014167546734091313,0.014816875129674514,0.014816875129674514,0.015049586050731936,0.015049586050731936,0.001636000000871718
Run_or_walk_information,CatBoost,8859,0.00010483370935025374,0.001972443140557718,0.001972443140557718,,,,,,,,,0.004789481249767871,0.004789481249767871,0.00471913411956041,0.00471913411956041,0.004847428121451763,0.004847428121451763,0.004785347830260015,0.004785347830260015,0.004789481249767871,0.004789481249767871,0.00471913411956041,0.00471913411956041,0.004847428121451763,0.004847428121451763,0.004785347830260015,0.004785347830260015,0.0009400556664331816
Run_or_walk_information,ExtraTrees,8859,0.002147695508629922,0.02022570610150847,0.02022570610150847,,,,,,,,,0.019250895919337693,0.019250895919337693,0.01882848628223172,0.01882848628223172,0.020517321446559714,0.020517321446559714,0.019532234549376373,0.019532234549376373,0.019250895919337693,0.019250895919337693,0.01882848628223172,0.01882848628223172,0.020517321446559714,0.020517321446559714,0.019532234549376373,0.019532234549376373,0.002352791666150248
Run_or_walk_information,LightGBM,8859,0.00010954628564335039,0.0022700646441504158,0.0022700646441504158,,,,,,,,,0.00503575612042725,0.00503575612042725,0.004957013608444994,0.004957013608444994,0.004924912375188843,0.004924912375188843,0.004972560701353696,0.004972560701353696,0.00503575612042725,0.00503575612042725,0.004957013608444994,0.004957013608444994,0.004924912375188843,0.004924912375188843,0.004972560701353696,0.004972560701353696,0.0009610416673240252
Run_or_walk_information,LinearModel,8859,0.046580505774797464,0.15507859029528043,0.15507859029528043,,,,,,,,,0.08039724476680916,0.08039724476680916,0.08103476792724297,0.08103476792724297,0.08136780522567687,0.08136780522567687,0.08093327263990967,0.08093327263990967,0.08039724476680916,0.08039724476680916,0.08103476792724297,0.08103476792724297,0.08136780522567687,0.08136780522567687,0.08093327263990967,0.08093327263990967,0.010864402667114822
Run_or_walk_information,NeuralNetFastAI,8859,0.0001224129144028694,0.003099597334877249,0.003099597334877249,,,,,,,,,0.0054746882843618935,0.0054746882843618935,0.005845391538617288,0.005845391538617288,0.005959999562847408,0.005959999562847408,0.005760026461942197,0.005760026461942197,0.0054746882843618935,0.0054746882843618935,0.005845391538617288,0.005845391538617288,0.005959999562847408,0.005959999562847408,0.005760026461942197,0.005760026461942197,0.0010187499998816445
Run_or_walk_information,NeuralNetTorch,8859,7.932355281150218e-05,0.0019208274511967615,0.0019208274511967615,,,,,,,,,0.005380361791218478,0.005380361791218478,0.004876905409671253,0.004876905409671253,0.005384971017279225,0.005384971017279225,0.005214079406056318,0.005214079406056318,0.005380361791218478,0.005380361791218478,0.004876905409671253,0.004876905409671253,0.005384971017279225,0.005384971017279225,0.005214079406056318,0.005214079406056318,0.0009735280000313651
Run_or_walk_information,RandomForest,8859,0.0007853873470846317,0.010882730248931247,0.010882730248931247,,,,,,,,,0.011368229489929212,0.011368229489929212,0.012261963291229286,0.012261963291229286,0.011384390236718452,0.011384390236718452,0.01167152767262565,0.01167152767262565,0.011368229489929212,0.011368229489929212,0.012261963291229286,0.012261963291229286,0.011384390236718452,0.011384390236718452,0.01167152767262565,0.01167152767262565,0.001498528000714335
Run_or_walk_information,XGBoost,8859,9.801705724564982e-06,0.0010685539641082551,0.0010685539641082551,,,,,,,,,0.0052144502909213745,0.0052144502909213745,0.004550569340210323,0.004550569340210323,0.004784004631494542,0.004784004631494542,0.004849674754208747,0.004849674754208747,0.0052144502909213745,0.0052144502909213745,0.004550569340210323,0.004550569340210323,0.004784004631494542,0.004784004631494542,0.004849674754208747,0.004849674754208747,0.0009441113337137116
adult,CatBoost,4885,0.0006152181577692995,0.01687512706217434,0.01687512706217434,,,,,,,,,0.01977142515022818,0.01977142515022818,0.021069174066109135,0.021069174066109135,0.020481058116977847,0.020481058116977847,0.020440552444438386,0.020440552444438386,0.01977142515022818,0.01977142515022818,0.021069174066109135,0.021069174066109135,0.020481058116977847,0.020481058116977847,0.020440552444438386,0.020440552444438386,0.0023698056659971676
adult,ExtraTrees,4885,0.0011370991685457355,0.025229521107036034,0.025229521107036034,,,,,,,,,0.027449223793953533,0.027449223793953533,0.029388718431566974,0.029388718431566974,0.022900370666701426,0.022900370666701426,0.026579437630740648,0.026579437630740648,0.027449223793953533,0.027449223793953533,0.029388718431566974,0.029388718431566974,0.022900370666701426,0.022900370666701426,0.026579437630740648,0.026579437630740648,0.0028927779991742377
adult,LightGBM,4885,0.0004237835510739854,0.013610577703054249,0.013610577703054249,,,,,,,,,0.01832669238957024,0.01832669238957024,0.018234858739391062,0.018234858739391062,0.01802188082019032,0.01802188082019032,0.018194477316383875,0.018194477316383875,0.01832669238957024,0.01832669238957024,0.018234858739391062,0.018234858739391062,0.01802188082019032,0.01802188082019032,0.018194477316383875,0.018194477316383875,0.0020841250006924383
adult,LinearModel,4885,0.00027479023834166164,0.01382074661413434,0.01382074661413434,,,,,,,,,0.01962430064823458,0.01962430064823458,0.020122881715862212,0.020122881715862212,0.016691297638624838,0.016691297638624838,0.018812826667573876,0.018812826667573876,0.01962430064823458,0.01962430064823458,0.020122881715862212,0.020122881715862212,0.016691297638624838,0.016691297638624838,0.018812826667573876,0.018812826667573876,0.0021158749999206825
adult,NeuralNetFastAI,4885,0.0007270421928356895,0.019435569401433525,0.019435569401433525,,,,,,,,,0.02361233734153997,0.02361233734153997,0.02478710290450276,0.02478710290450276,0.022478154870242073,0.022478154870242073,0.0236258650387616,0.0236258650387616,0.02361233734153997,0.02361233734153997,0.02478710290450276,0.02478710290450276,0.022478154870242073,0.022478154870242073,0.0236258650387616,0.0236258650387616,0.0026830693326094965
adult,NeuralNetTorch,4885,0.0009504127682872356,0.020245912457373255,0.020245912457373255,,,,,,,,,0.019420165725028103,0.019420165725028103,0.023365524549614936,0.023365524549614936,0.020718512435129906,0.020718512435129906,0.021168067569924315,0.021168067569924315,0.019420165725028103,0.019420165725028103,0.023365524549614936,0.023365524549614936,0.020718512435129906,0.020718512435129906,0.021168067569924315,0.021168067569924315,0.002478805666517777
adult,RandomForest,4885,0.0012868164993794738,0.026970672527330302,0.026970672527330302,,,,,,,,,0.027277709254081833,0.027277709254081833,0.033854319723573306,0.033854319723573306,0.02521858710688547,0.02521858710688547,0.028783538694846872,0.028783538694846872,0.027277709254081833,0.027277709254081833,0.033854319723573306,0.033854319723573306,0.02521858710688547,0.02521858710688547,0.028783538694846872,0.028783538694846872,0.0034488056674793675
adult,XGBoost,4885,0.0005345494552161558,0.016391190786140295,0.016391190786140295,,,,,,,,,0.017324428950897752,0.017324428950897752,0.022038862611719865,0.022038862611719865,0.01806487399446934,0.01806487399446934,0.019142721852362318,0.019142721852362318,0.017324428950897752,0.017324428950897752,0.022038862611719865,0.022038862611719865,0.01806487399446934,0.01806487399446934,0.019142721852362318,0.019142721852362318,0.002198611000494566
ailerons,CatBoost,1375,0.00027630217784780714,0.011567778694020077,0.011567778694020077,,,,,,,,,0.021740288902923847,0.021740288902923847,0.02040086484415892,0.02040086484415892,0.02527138137892196,0.02527138137892196,0.022470845042001576,0.022470845042001576,0.021740288902923847,0.021740288902923847,0.02040086484415892,0.02040086484415892,0.02527138137892196,0.02527138137892196,0.022470845042001576,0.022470845042001576,0.0025470416658208705
ailerons,ExtraTrees,1375,0.0013176445909882613,0.0290793574283598,0.0290793574283598,,,,,,,,,0.0316987469825239,0.0316987469825239,0.030648672419374943,0.030648672419374943,0.029894729081076994,0.029894729081076994,0.030747382827658615,0.030747382827658615,0.0316987469825239,0.0316987469825239,0.030648672419374943,0.030648672419374943,0.029894729081076994,0.029894729081076994,0.030747382827658615,0.030747382827658615,0.0035548609994293656
ailerons,LightGBM,1375,0.00011693810695666074,0.008554613836744631,0.008554613836744631,,,,,,,,,0.02115477874084399,0.02115477874084399,0.022899585092143376,0.022899585092143376,0.027623760072366024,0.027623760072366024,0.023892707968451127,0.023892707968451127,0.02115477874084399,0.02115477874084399,0.022899585092143376,0.022899585092143376,0.027623760072366024,0.027623760072366024,0.023892707968451127,0.023892707968451127,0.0026723890005087014
ailerons,LinearModel,1375,0.0001836785291027428,0.010391804801025004,0.010391804801025004,,,,,,,,,0.018345903564037987,0.018345903564037987,0.021332861513900892,0.021332861513900892,0.022294232320313953,0.022294232320313953,0.02065766579941761,0.02065766579941761,0.018345903564037987,0.018345903564037987,0.021332861513900892,0.021332861513900892,0.022294232320313953,0.022294232320313953,0.02065766579941761,0.02065766579941761,0.0023414166668468774
ailerons,NeuralNetFastAI,1375,0.0001645495308457295,0.009278845729904126,0.009278845729904126,,,,,,,,,0.02093156430896216,0.02093156430896216,0.024703263115802978,0.024703263115802978,0.02405061268908949,0.02405061268908949,0.023228480037951544,0.023228480037951544,0.02093156430896216,0.02093156430896216,0.024703263115802978,0.024703263115802978,0.02405061268908949,0.02405061268908949,0.023228480037951544,0.023228480037951544,0.002613097333475404
ailerons,NeuralNetTorch,1375,0.0002283116865340639,0.010233639353312108,0.010233639353312108,,,,,,,,,0.021963312432409603,0.021963312432409603,0.02221478456101619,0.02221478456101619,0.02462823714444436,0.02462823714444436,0.022935444712623387,0.022935444712623387,0.021963312432409603,0.021963312432409603,0.02221478456101619,0.02221478456101619,0.02462823714444436,0.02462823714444436,0.022935444712623387,0.022935444712623387,0.002574930667227212
ailerons,RandomForest,1375,0.0006854447630043796,0.0203316415928791,0.0203316415928791,,,,,,,,,0.024502209867661627,0.024502209867661627,0.02710328226264242,0.02710328226264242,0.02898197679530022,0.02898197679530022,0.02686248964186809,0.02686248964186809,0.024502209867661627,0.024502209867661627,0.02710328226264242,0.02710328226264242,0.02898197679530022,0.02898197679530022,0.02686248964186809,0.02686248964186809,0.002918555666838074
ailerons,XGBoost,1375,7.454605353151486e-05,0.0065705054893200705,0.0065705054893200705,,,,,,,,,0.019531822732401446,0.019531822732401446,0.023355097938107715,0.023355097938107715,0.023245999579161757,0.023245999579161757,0.022044306749890302,0.022044306749890302,0.019531822732401446,0.019531822732401446,0.023355097938107715,0.023355097938107715,0.023245999579161757,0.023245999579161757,0.022044306749890302,0.022044306749890302,0.0024362223327140478
bank-marketing,CatBoost,4522,0.0005132235775827006,0.01307845357417823,0.01307845357417823,,,,,,,,,0.01602199091351457,0.01602199091351457,0.017524232678618544,0.017524232678618544,0.019105751850888836,0.019105751850888836,0.017550658481007318,0.017550658481007318,0.01602199091351457,0.01602199091351457,0.017524232678618544,0.017524232678618544,0.019105751850888836,0.019105751850888836,0.017550658481007318,0.017550658481007318,0.0019820556675161547
bank-marketing,ExtraTrees,4522,0.00027389379500799627,0.011776435399688001,0.011776435399688001,,,,,,,,,0.013983279649312693,0.013983279649312693,0.014979987866508594,0.014979987866508594,0.016529468903176105,0.016529468903176105,0.015164245472999133,0.015164245472999133,0.013983279649312693,0.013983279649312693,0.014979987866508594,0.014979987866508594,0.016529468903176105,0.016529468903176105,0.015164245472999133,0.015164245472999133,0.0017496943328296766
bank-marketing,LightGBM,4522,0.00020177039456570074,0.008544793628403111,0.008544793628403111,,,,,,,,,0.015064504680111524,0.015064504680111524,0.01568424512590868,0.01568424512590868,0.013682497000765402,0.013682497000765402,0.014810415602261867,0.014810415602261867,0.015064504680111524,0.015064504680111524,0.01568424512590868,0.01568424512590868,0.013682497000765402,0.013682497000765402,0.014810415602261867,0.014810415602261867,0.001682402666726072
bank-marketing,LinearModel,4522,0.001231073646633584,0.01771170175477092,0.01771170175477092,,,,,,,,,0.02291691651399179,0.02291691651399179,0.020090846262816223,0.020090846262816223,0.022187047106580537,0.022187047106580537,0.02173160329446285,0.02173160329446285,0.02291691651399179,0.02291691651399179,0.020090846262816223,0.020090846262816223,0.022187047106580537,0.022187047106580537,0.02173160329446285,0.02173160329446285,0.002472555666220918
bank-marketing,NeuralNetFastAI,4522,0.0001663844076763581,0.006980738153360599,0.006980738153360599,,,,,,,,,0.014216114116562184,0.014216114116562184,0.012770100772656,0.012770100772656,0.012231686321130609,0.012231686321130609,0.013072633736782932,0.013072633736782932,0.014216114116562184,0.014216114116562184,0.012770100772656,0.012770100772656,0.012231686321130609,0.012231686321130609,0.013072633736782932,0.013072633736782932,0.0014942639997267786
bank-marketing,NeuralNetTorch,4522,0.0001924682271929433,0.006890143246673141,0.006890143246673141,,,,,,,,,0.014396139343429027,0.014396139343429027,0.013101861739915954,0.013101861739915954,0.011749995918041323,0.011749995918041323,0.013082665667128767,0.013082665667128767,0.014396139343429027,0.014396139343429027,0.013101861739915954,0.013101861739915954,0.011749995918041323,0.011749995918041323,0.013082665667128767,0.013082665667128767,0.0014995970001715857
bank-marketing,RandomForest,4522,0.0002454993245856833,0.011252096679536966,0.011252096679536966,,,,,,,,,0.014958938221119652,0.014958938221119652,0.01625548494555069,0.01625548494555069,0.017164608880216526,0.017164608880216526,0.016126344015628957,0.016126344015628957,0.014958938221119652,0.014958938221119652,0.01625548494555069,0.01625548494555069,0.017164608880216526,0.017164608880216526,0.016126344015628957,0.016126344015628957,0.0018034166666135814
bank-marketing,XGBoost,4522,0.00047387595942246255,0.011958409853437551,0.011958409853437551,,,,,,,,,0.014753464218870815,0.014753464218870815,0.017378809660914055,0.017378809660914055,0.01918748486886623,0.01918748486886623,0.01710658624955037,0.01710658624955037,0.014753464218870815,0.014753464218870815,0.017378809660914055,0.017378809660914055,0.01918748486886623,0.01918748486886623,0.01710658624955037,0.01710658624955037,0.0019497499997669365
delta_elevators,CatBoost,952,0.00020880514056423636,0.012558266367032505,0.012558266367032505,,,,,,,,,0.02669643520772573,0.02669643520772573,0.02689976768433795,0.02689976768433795,0.030139666519979565,0.030139666519979565,0.027911956470681083,0.027911956470681083,0.02669643520772573,0.02669643520772573,0.02689976768433795,0.02689976768433795,0.030139666519979565,0.030139666519979565,0.027911956470681083,0.027911956470681083,0.0029890416675092033
delta_elevators,ExtraTrees,952,0.0034708040120754553,0.054296452067342404,0.054296452067342404,,,,,,,,,0.05692368062664234,0.05692368062664234,0.055318849509787056,0.055318849509787056,0.04613472399181105,0.04613472399181105,0.052792418042746814,0.052792418042746814,0.05692368062664234,0.05692368062664234,0.055318849509787056,0.055318849509787056,0.04613472399181105,0.04613472399181105,0.052792418042746814,0.052792418042746814,0.006551263667158007
delta_elevators,LightGBM,952,0.00031472046437343364,0.016041899277503845,0.016041899277503845,,,,,,,,,0.03428774057053941,0.03428774057053941,0.027031799648150442,0.027031799648150442,0.03409431832073434,0.03409431832073434,0.0318046195131414,0.0318046195131414,0.03428774057053941,0.03428774057053941,0.027031799648150442,0.027031799648150442,0.03409431832073434,0.03409431832073434,0.0318046195131414,0.0318046195131414,0.00392090266662611
delta_elevators,LinearModel,952,0.0006587720091662157,0.01935168200737685,0.01935168200737685,,,,,,,,,0.032300537455999034,0.032300537455999034,0.030958067240569632,0.030958067240569632,0.02689484053658111,0.02689484053658111,0.030051148411049926,0.030051148411049926,0.032300537455999034,0.032300537455999034,0.030958067240569632,0.030958067240569632,0.02689484053658111,0.02689484053658111,0.030051148411049926,0.030051148411049926,0.0034613610005180817
delta_elevators,NeuralNetFastAI,952,0.000379645069313219,0.01539118967758907,0.01539118967758907,,,,,,,,,0.03657817432969597,0.03657817432969597,0.031194619287583717,0.031194619287583717,0.023843281229355945,0.023843281229355945,0.03053869161554521,0.03053869161554521,0.03657817432969597,0.03657817432969597,0.031194619287583717,0.031194619287583717,0.023843281229355945,0.023843281229355945,0.03053869161554521,0.03053869161554521,0.003489611333255501
delta_elevators,NeuralNetTorch,952,0.00040540976264224343,0.016273342592552687,0.016273342592552687,,,,,,,,,0.027897760179403645,0.027897760179403645,0.025563370029236504,0.025563370029236504,0.029288049952560794,0.029288049952560794,0.02758306005373365,0.02758306005373365,0.027897760179403645,0.027897760179403645,0.025563370029236504,0.025563370029236504,0.029288049952560794,0.029288049952560794,0.02758306005373365,0.02758306005373365,0.0029100000004594526
delta_elevators,RandomForest,952,0.0011662909718192576,0.028698917492630326,0.028698917492630326,,,,,,,,,0.029815223572674188,0.029815223572674188,0.034122553529071196,0.034122553529071196,0.030329935372209772,0.030329935372209772,0.03142257082465172,0.03142257082465172,0.029815223572674188,0.029815223572674188,0.034122553529071196,0.034122553529071196,0.030329935372209772,0.030329935372209772,0.03142257082465172,0.03142257082465172,0.0035596249993735305
delta_elevators,XGBoost,952,0.00020807751953127272,0.013166452370370747,0.013166452370370747,,,,,,,,,0.02802022211993019,0.02802022211993019,0.025239137828756808,0.025239137828756808,0.029552605960071567,0.029552605960071567,0.027603988636252852,0.027603988636252852,0.02802022211993019,0.02802022211993019,0.025239137828756808,0.025239137828756808,0.029552605960071567,0.029552605960071567,0.027603988636252852,0.027603988636252852,0.0029313333325262647
eeg-eye-state,CatBoost,1498,0.0006470860356479212,0.010574178733270599,0.010574178733270599,,,,,,,,,0.018080901400217293,0.018080901400217293,0.0167766517110158,0.0167766517110158,0.013954025385886805,0.013954025385886805,0.016270526165706633,0.016270526165706633,0.018080901400217293,0.018080901400217293,0.0167766517110158,0.0167766517110158,0.013954025385886805,0.013954025385886805,0.016270526165706633,0.016270526165706633,0.0017889583335393884
eeg-eye-state,ExtraTrees,1498,0.025988050043628134,0.1408774455347409,0.1408774455347409,,,,,,,,,0.12291035935113634,0.12291035935113634,0.12317337912103243,0.12317337912103243,0.1220666738101434,0.1220666738101434,0.12271680409410406,0.12271680409410406,0.12291035935113634,0.12291035935113634,0.12317337912103243,0.12317337912103243,0.1220666738101434,0.1220666738101434,0.12271680409410406,0.12271680409410406,0.016604472333710873
eeg-eye-state,LightGBM,1498,0.0003252814603870711,0.007621748294114375,0.007621748294114375,,,,,,,,,0.014583837889783817,0.014583837889783817,0.014873909894564472,0.014873909894564472,0.017397371575314274,0.017397371575314274,0.015618373119887521,0.015618373119887521,0.014583837889783817,0.014583837889783817,0.014873909894564472,0.014873909894564472,0.017397371575314274,0.017397371575314274,0.015618373119887521,0.015618373119887521,0.0017250416664561878
eeg-eye-state,LinearModel,1498,0.001906843841220247,0.034798441667082375,0.034798441667082375,,,,,,,,,0.030195224422046144,0.030195224422046144,0.03582622252542393,0.03582622252542393,0.02439031326139569,0.02439031326139569,0.030137253402955255,0.030137253402955255,0.030195224422046144,0.030195224422046144,0.03582622252542393,0.03582622252542393,0.02439031326139569,0.02439031326139569,0.030137253402955255,0.030137253402955255,0.0034896803323742156
eeg-eye-state,NeuralNetFastAI,1498,0.00014542071119450184,0.008729747439853074,0.008729747439853074,,,,,,,,,0.03364011431555005,0.03364011431555005,0.02689536066988631,0.02689536066988631,0.02612950415722051,0.02612950415722051,0.028888326380885624,0.028888326380885624,0.03364011431555005,0.03364011431555005,0.02689536066988631,0.02689536066988631,0.02612950415722051,0.02612950415722051,0.028888326380885624,0.028888326380885624,0.0033559026657409654
eeg-eye-state,NeuralNetTorch,1498,0.00032580937256434893,0.00407839503036282,0.00407839503036282,,,,,,,,,0.01137401819421758,0.01137401819421758,0.010767681524942067,0.010767681524942067,0.01169870949176314,0.01169870949176314,0.01128013640364093,0.01128013640364093,0.01137401819421758,0.01137401819421758,0.010767681524942067,0.010767681524942067,0.01169870949176314,0.01169870949176314,0.01128013640364093,0.01128013640364093,0.0013279999996787712
eeg-eye-state,RandomForest,1498,0.02405895088331239,0.1358734397884756,0.1358734397884756,,,,,,,,,0.12272114054093683,0.12272114054093683,0.12059841982525743,0.12059841982525743,0.1196547048556968,0.1196547048556968,0.12099142174063036,0.12099142174063036,0.12272114054093683,0.12272114054093683,0.12059841982525743,0.12059841982525743,0.1196547048556968,0.1196547048556968,0.12099142174063036,0.12099142174063036,0.01638045833290865
eeg-eye-state,XGBoost,1498,0.0003079101549047496,0.00688104010978535,0.00688104010978535,,,,,,,,,0.014948904329910641,0.014948904329910641,0.016934739301900075,0.016934739301900075,0.01697516844809629,0.01697516844809629,0.016286270693302338,0.016286270693302338,0.014948904329910641,0.014948904329910641,0.016934739301900075,0.016934739301900075,0.01697516844809629,0.01697516844809629,0.016286270693302338,0.016286270693302338,0.0017751389993160653
electricity,CatBoost,4532,0.00010843761911822794,0.004937411736887804,0.004937411736887804,,,,,,,,,0.011500673274177203,0.011500673274177203,0.01123493489797696,0.01123493489797696,0.012667785706990549,0.012667785706990549,0.011801131293048238,0.011801131293048238,0.011500673274177203,0.011500673274177203,0.01123493489797696,0.01123493489797696,0.012667785706990549,0.012667785706990549,0.011801131293048238,0.011801131293048238,0.001439416665865186
electricity,ExtraTrees,4532,0.007086258880093106,0.06942670523509689,0.06942670523509689,,,,,,,,,0.07080164640633332,0.07080164640633332,0.07093166117484885,0.07093166117484885,0.06413406036514871,0.06413406036514871,0.0686224559821103,0.0686224559821103,0.07080164640633332,0.07080164640633332,0.07093166117484885,0.07093166117484885,0.06413406036514871,0.06413406036514871,0.0686224559821103,0.0686224559821103,0.008768680666738268
electricity,LightGBM,4532,0.00012710323371788613,0.005676105174072797,0.005676105174072797,,,,,,,,,0.011936347076041876,0.011936347076041876,0.010895424637752765,0.010895424637752765,0.01121473731244367,0.01121473731244367,0.011348836342079437,0.011348836342079437,0.011936347076041876,0.011936347076041876,0.010895424637752765,0.010895424637752765,0.01121473731244367,0.01121473731244367,0.011348836342079437,0.011348836342079437,0.0013941249999334104
electricity,LinearModel,4532,0.0004035558214285251,0.017008395915046364,0.017008395915046364,,,,,,,,,0.028748679630014772,0.028748679630014772,0.021458218825246744,0.021458218825246744,0.01881204389613497,0.01881204389613497,0.02300631411713216,0.02300631411713216,0.028748679630014772,0.028748679630014772,0.021458218825246744,0.021458218825246744,0.01881204389613497,0.01881204389613497,0.02300631411713216,0.02300631411713216,0.002576930333210233
electricity,NeuralNetFastAI,4532,0.00033354277197180797,0.012777430792358987,0.012777430792358987,,,,,,,,,0.019499873501910684,0.019499873501910684,0.01955806705599893,0.01955806705599893,0.01808202339162975,0.01808202339162975,0.019046654649846454,0.019046654649846454,0.019499873501910684,0.019499873501910684,0.01955806705599893,0.01955806705599893,0.01808202339162975,0.01808202339162975,0.019046654649846454,0.019046654649846454,0.00214849999974831
electricity,NeuralNetTorch,4532,0.0002008343004878142,0.012690960519868476,0.012690960519868476,,,,,,,,,0.02143161114291599,0.02143161114291599,0.02115560813388882,0.02115560813388882,0.02024513830959278,0.02024513830959278,0.020944119195465863,0.020944119195465863,0.02143161114291599,0.02143161114291599,0.02115560813388882,0.02115560813388882,0.02024513830959278,0.02024513830959278,0.020944119195465863,0.020944119195465863,0.0024117916667213044
electricity,RandomForest,4532,0.004441776453166886,0.0496580173616181,0.0496580173616181,,,,,,,,,0.04661051580403356,0.04661051580403356,0.04727802957211545,0.04727802957211545,0.0434543344854483,0.0434543344854483,0.045780959953865774,0.045780959953865774,0.04661051580403356,0.04661051580403356,0.04727802957211545,0.04727802957211545,0.0434543344854483,0.0434543344854483,0.045780959953865774,0.045780959953865774,0.005565305333827079
electricity,XGBoost,4532,4.8861021365858896e-05,0.0031008525334646356,0.0031008525334646356,,,,,,,,,0.01270773372297921,0.01270773372297921,0.01274794565984309,0.01274794565984309,0.011601497626785588,0.011601497626785588,0.012352392336535963,0.012352392336535963,0.01270773372297921,0.01270773372297921,0.01274794565984309,0.01274794565984309,0.011601497626785588,0.011601497626785588,0.012352392336535963,0.012352392336535963,0.001465333332210624
fried,CatBoost,4077,0.001154454166467346,0.022346031385042747,0.022346031385042747,,,,,,,,,0.025706297292245404,0.025706297292245404,0.025020319875776173,0.025020319875776173,0.025144092279369222,0.025144092279369222,0.0252902364824636,0.0252902364824636,0.025706297292245404,0.025706297292245404,0.025020319875776173,0.025020319875776173,0.025144092279369222,0.025144092279369222,0.0252902364824636,0.0252902364824636,0.0027766943336852514
fried,ExtraTrees,4077,0.006903059541016786,0.06332892553083012,0.06332892553083012,,,,,,,,,0.06420416328358763,0.06420416328358763,0.05939138057222456,0.05939138057222456,0.062466485806819724,0.062466485806819724,0.06202067655421064,0.06202067655421064,0.06420416328358763,0.06420416328358763,0.05939138057222456,0.05939138057222456,0.062466485806819724,0.062466485806819724,0.06202067655421064,0.06202067655421064,0.007926611000584671
fried,LightGBM,4077,0.00026798282706437396,0.010261553242490265,0.010261553242490265,,,,,,,,,0.016540621527804316,0.016540621527804316,0.016578575250117928,0.016578575250117928,0.015162712812487482,0.015162712812487482,0.01609396986346991,0.01609396986346991,0.016540621527804316,0.016540621527804316,0.016578575250117928,0.016578575250117928,0.015162712812487482,0.015162712812487482,0.01609396986346991,0.01609396986346991,0.001811472332822935
fried,LinearModel,4077,0.001254826499521398,0.029152005908696158,0.029152005908696158,,,,,,,,,0.02887944567931834,0.02887944567931834,0.026747542063261843,0.026747542063261843,0.03386497862980927,0.03386497862980927,0.029830655457463152,0.029830655457463152,0.02887944567931834,0.02887944567931834,0.026747542063261843,0.026747542063261843,0.03386497862980927,0.03386497862980927,0.029830655457463152,0.029830655457463152,0.003494791667132328
fried,NeuralNetFastAI,4077,0.00012129928235200947,0.007206099160809135,0.007206099160809135,,,,,,,,,0.015413477643875191,0.015413477643875191,0.015503465177093724,0.015503465177093724,0.014543058949990778,0.014543058949990778,0.01515333392365323,0.01515333392365323,0.015413477643875191,0.015413477643875191,0.015503465177093724,0.015503465177093724,0.014543058949990778,0.014543058949990778,0.01515333392365323,0.01515333392365323,0.001724638666928513
fried,NeuralNetTorch,4077,0.0007219724496050008,0.01778407569967757,0.01778407569967757,,,,,,,,,0.02234116997886101,0.02234116997886101,0.02059728655362801,0.02059728655362801,0.02185875687124818,0.02185875687124818,0.021599071134579068,0.021599071134579068,0.02234116997886101,0.02234116997886101,0.02059728655362801,0.02059728655362801,0.02185875687124818,0.02185875687124818,0.021599071134579068,0.021599071134579068,0.0024598749999616607
fried,RandomForest,4077,0.0036032137281073865,0.04565656378096693,0.04565656378096693,,,,,,,,,0.04332547868526144,0.04332547868526144,0.04422814103074778,0.04422814103074778,0.04592147659820169,0.04592147659820169,0.04449169877140364,0.04449169877140364,0.04332547868526144,0.04332547868526144,0.04422814103074778,0.04422814103074778,0.04592147659820169,0.04592147659820169,0.04449169877140364,0.04449169877140364,0.005369097000463323
fried,XGBoost,4077,0.0002778545380507471,0.010808944365157695,0.010808944365157695,,,,,,,,,0.01619059698574792,0.01619059698574792,0.018034835932325927,0.018034835932325927,0.017216712428437492,0.017216712428437492,0.017147381782170446,0.017147381782170446,0.01619059698574792,0.01619059698574792,0.018034835932325927,0.018034835932325927,0.017216712428437492,0.017216712428437492,0.017147381782170446,0.017147381782170446,0.0019186113337733939
houses,CatBoost,2064,1.4204701228638996e-05,0.001192008610834639,0.001192008610834639,,,,,,,,,0.00898702506818845,0.00898702506818845,0.00836374921213691,0.00836374921213691,0.009814829528415595,0.009814829528415595,0.009055201269580317,0.009055201269580317,0.00898702506818845,0.00898702506818845,0.00836374921213691,0.00836374921213691,0.009814829528415595,0.009814829528415595,0.009055201269580317,0.009055201269580317,0.0011378196662311286
houses,ExtraTrees,2064,0.00037951987919955944,0.007923446218264624,0.007923446218264624,,,,,,,,,0.01049433210612991,0.01049433210612991,0.013374959616174025,0.013374959616174025,0.011956064241299783,0.011956064241299783,0.01194178532120124,0.01194178532120124,0.01049433210612991,0.01049433210612991,0.013374959616174025,0.013374959616174025,0.011956064241299783,0.011956064241299783,0.01194178532120124,0.01194178532120124,0.0014172500001829273
houses,LightGBM,2064,1.3250593926179e-05,0.000957850827254587,0.000957850827254587,,,,,,,,,0.00910407018894153,0.00910407018894153,0.009320192243070114,0.009320192243070114,0.00909343732531643,0.00909343732531643,0.009172566585776025,0.009172566585776025,0.00910407018894153,0.00910407018894153,0.009320192243070114,0.009320192243070114,0.00909343732531643,0.00909343732531643,0.009172566585776025,0.009172566585776025,0.0011566806667057488
houses,LinearModel,2064,0.001905403901629658,0.018221830937356798,0.018221830937356798,,,,,,,,,0.017180243074911825,0.017180243074911825,0.015679003480355672,0.015679003480355672,0.016902652455169632,0.016902652455169632,0.016587299670145706,0.016587299670145706,0.017180243074911825,0.017180243074911825,0.015679003480355672,0.015679003480355672,0.016902652455169632,0.016902652455169632,0.016587299670145706,0.016587299670145706,0.00184850000005099
houses,NeuralNetFastAI,2064,5.755704362879802e-05,0.0019120419770464242,0.0019120419770464242,,,,,,,,,0.010419825787053676,0.010419825787053676,0.009620975256027408,0.009620975256027408,0.009616423087469298,0.009616423087469298,0.009885741376850127,0.009885741376850127,0.010419825787053676,0.010419825787053676,0.009620975256027408,0.009620975256027408,0.009616423087469298,0.009616423087469298,0.009885741376850127,0.009885741376850127,0.00123743066675767
houses,NeuralNetTorch,2064,0.000413800447970954,0.006170077965516859,0.006170077965516859,,,,,,,,,0.011244550364782736,0.011244550364782736,0.0120930731721465,0.0120930731721465,0.011346634463217226,0.011346634463217226,0.011561419333382153,0.011561419333382153,0.011244550364782736,0.011244550364782736,0.0120930731721465,0.0120930731721465,0.011346634463217226,0.011346634463217226,0.011561419333382153,0.011561419333382153,0.0013802223329548724
houses,RandomForest,2064,0.0002291509747290798,0.005750992408290283,0.005750992408290283,,,,,,,,,0.011081149347794793,0.011081149347794793,0.010754143712926014,0.010754143712926014,0.011371122640313428,0.011371122640313428,0.011068805233678078,0.011068805233678078,0.011081149347794793,0.011081149347794793,0.010754143712926014,0.010754143712926014,0.011371122640313428,0.011371122640313428,0.011068805233678078,0.011068805233678078,0.001337722000850287
houses,XGBoost,2064,1.4119616642225715e-05,0.001111732412486931,0.001111732412486931,,,,,,,,,0.010346964494722055,0.010346964494722055,0.00997193637564526,0.00997193637564526,0.00963548927561155,0.00963548927561155,0.009984796715326288,0.009984796715326288,0.010346964494722055,0.010346964494722055,0.00997193637564526,0.00997193637564526,0.00963548927561155,0.00963548927561155,0.009984796715326288,0.009984796715326288,0.0012490556667520043
jm1,CatBoost,1089,0.0004593651716264114,0.016492085288474602,0.016492085288474602,,,,,,,,,0.025703103310805473,0.025703103310805473,0.025612354960398705,0.025612354960398705,0.029245426184232336,0.029245426184232336,0.026853628151812175,0.026853628151812175,0.025703103310805473,0.025703103310805473,0.025612354960398705,0.025612354960398705,0.029245426184232336,0.029245426184232336,0.026853628151812175,0.026853628151812175,0.0028820416664530057
jm1,ExtraTrees,1089,0.0010491897673640903,0.02842682492911783,0.02842682492911783,,,,,,,,,0.032567106566324715,0.032567106566324715,0.028183967485077042,0.028183967485077042,0.026655560094483895,0.026655560094483895,0.029135544715295215,0.029135544715295215,0.032567106566324715,0.032567106566324715,0.028183967485077042,0.028183967485077042,0.026655560094483895,0.026655560094483895,0.029135544715295215,0.029135544715295215,0.003406903000723105
jm1,LightGBM,1089,0.0002128138158242075,0.013651963000085728,0.013651963000085728,,,,,,,,,0.022459911026303563,0.022459911026303563,0.024232173415074023,0.024232173415074023,0.02585830001668604,0.02585830001668604,0.02418346148602121,0.02418346148602121,0.022459911026303563,0.022459911026303563,0.024232173415074023,0.024232173415074023,0.02585830001668604,0.02585830001668604,0.02418346148602121,0.02418346148602121,0.002653499999723863
jm1,LinearModel,1089,0.0004755464473911734,0.01843881275491144,0.01843881275491144,,,,,,,,,0.027493941431193138,0.027493941431193138,0.0285665870512334,0.0285665870512334,0.02309688436751549,0.02309688436751549,0.02638580428331401,0.02638580428331401,0.027493941431193138,0.027493941431193138,0.0285665870512334,0.0285665870512334,0.02309688436751549,0.02309688436751549,0.02638580428331401,0.02638580428331401,0.002868180666458405
jm1,NeuralNetFastAI,1089,0.0008481313064926765,0.019026765100404797,0.019026765100404797,,,,,,,,,0.024997139006994417,0.024997139006994417,0.02539675348349102,0.02539675348349102,0.025848500311194962,0.025848500311194962,0.02541413093389347,0.02541413093389347,0.024997139006994417,0.024997139006994417,0.02539675348349102,0.02539675348349102,0.025848500311194962,0.025848500311194962,0.02541413093389347,0.02541413093389347,0.0027793886668708487
jm1,NeuralNetTorch,1089,0.0005744025831623151,0.021173878675078694,0.021173878675078694,,,,,,,,,0.028070603569456034,0.028070603569456034,0.031188324662681913,0.031188324662681913,0.02047300113199217,0.02047300113199217,0.026577309788043374,0.026577309788043374,0.028070603569456034,0.028070603569456034,0.031188324662681913,0.031188324662681913,0.02047300113199217,0.02047300113199217,0.026577309788043374,0.026577309788043374,0.0028643473330400107
jm1,RandomForest,1089,0.0009024565193582983,0.02430348862947116,0.02430348862947116,,,,,,,,,0.03692807991325073,0.03692807991325073,0.02115475861163072,0.02115475861163072,0.025191076642397357,0.025191076642397357,0.027757971722426267,0.027757971722426267,0.03692807991325073,0.03692807991325073,0.02115475861163072,0.02115475861163072,0.025191076642397357,0.025191076642397357,0.027757971722426267,0.027757971722426267,0.003292611333260235
jm1,XGBoost,1089,0.00032598756892539385,0.015437645146655752,0.015437645146655752,,,,,,,,,0.027559016038076964,0.027559016038076964,0.0314731893573944,0.0314731893573944,0.0221366311803531,0.0221366311803531,0.027056278858608156,0.027056278858608156,0.027559016038076964,0.027559016038076964,0.0314731893573944,0.0314731893573944,0.0221366311803531,0.0221366311803531,0.027056278858608156,0.027056278858608156,0.0031916110007538614
kdd_internet_usage,CatBoost,1011,0.00011989314943202964,0.008030440630033128,0.008030440630033128,,,,,,,,,0.026709017810255566,0.026709017810255566,0.02682267864311572,0.02682267864311572,0.026398521295466434,0.026398521295466434,0.026643405916279242,0.026643405916279242,0.026709017810255566,0.026709017810255566,0.02682267864311572,0.02682267864311572,0.026398521295466434,0.026398521295466434,0.026643405916279242,0.026643405916279242,0.002923110999593822
kdd_internet_usage,ExtraTrees,1011,0.002305234841809879,0.034895905272840685,0.034895905272840685,,,,,,,,,0.02920229314110842,0.02920229314110842,0.03659297679280332,0.03659297679280332,0.051890637716556595,0.051890637716556595,0.039228635883489446,0.039228635883489446,0.02920229314110842,0.02920229314110842,0.03659297679280332,0.03659297679280332,0.051890637716556595,0.051890637716556595,0.039228635883489446,0.039228635883489446,0.004773028000878791
kdd_internet_usage,LightGBM,1011,0.00019709012292062653,0.011555293486926854,0.011555293486926854,,,,,,,,,0.02408872793641451,0.02408872793641451,0.027167326795855276,0.027167326795855276,0.02421092918290974,0.02421092918290974,0.025155661305059838,0.025155661305059838,0.02408872793641451,0.02408872793641451,0.027167326795855276,0.027167326795855276,0.02421092918290974,0.02421092918290974,0.025155661305059838,0.025155661305059838,0.0027588056667203396
kdd_internet_usage,LinearModel,1011,0.0005205022132861698,0.013718643449135908,0.013718643449135908,,,,,,,,,0.018435714173913997,0.018435714173913997,0.028859558145078134,0.028859558145078134,0.02407722894221778,0.02407722894221778,0.023790833753736636,0.023790833753736636,0.018435714173913997,0.018435714173913997,0.028859558145078134,0.028859558145078134,0.02407722894221778,0.02407722894221778,0.023790833753736636,0.023790833753736636,0.0025951526658900548
kdd_internet_usage,NeuralNetFastAI,1011,0.0006063670016805417,0.013139750460642008,0.013139750460642008,,,,,,,,,0.023776610058662828,0.023776610058662828,0.024437395757170813,0.024437395757170813,0.022475344879521048,0.022475344879521048,0.02356311689845156,0.02356311689845156,0.023776610058662828,0.023776610058662828,0.024437395757170813,0.024437395757170813,0.022475344879521048,0.022475344879521048,0.02356311689845156,0.02356311689845156,0.0025987916669691913
kdd_internet_usage,NeuralNetTorch,1011,0.0004818589126725466,0.01775397100298975,0.01775397100298975,,,,,,,,,0.024282901428669214,0.024282901428669214,0.028419018008809478,0.028419018008809478,0.027698806756708078,0.027698806756708078,0.026800242064728922,0.026800242064728922,0.024282901428669214,0.024282901428669214,0.028419018008809478,0.028419018008809478,0.027698806756708078,0.027698806756708078,0.026800242064728922,0.026800242064728922,0.002870764000059959
kdd_internet_usage,RandomForest,1011,0.0014103647049324539,0.026669656403356303,0.026669656403356303,,,,,,,,,0.031059506799730716,0.031059506799730716,0.026378284944291713,0.026378284944291713,0.03789542593488485,0.03789542593488485,0.03177773922630243,0.03177773922630243,0.031059506799730716,0.031059506799730716,0.026378284944291713,0.026378284944291713,0.03789542593488485,0.03789542593488485,0.03177773922630243,0.03177773922630243,0.00360126399997777
kdd_internet_usage,XGBoost,1011,0.0002602774634580257,0.011638285660769415,0.011638285660769415,,,,,,,,,0.024065196973240183,0.024065196973240183,0.02600415906416771,0.02600415906416771,0.035062670976794504,0.035062670976794504,0.028377342338067463,0.028377342338067463,0.024065196973240183,0.024065196973240183,0.02600415906416771,0.02600415906416771,0.035062670976794504,0.035062670976794504,0.028377342338067463,0.028377342338067463,0.00331497200022568
kick,CatBoost,7299,0.0003284324724235084,0.01568537063988908,0.01568537063988908,,,,,,,,,0.017071013868360154,0.017071013868360154,0.019753791279502372,0.019753791279502372,0.015520833002170553,0.015520833002170553,0.01744854605001103,0.01744854605001103,0.017071013868360154,0.017071013868360154,0.019753791279502372,0.019753791279502372,0.015520833002170553,0.015520833002170553,0.01744854605001103,0.01744854605001103,0.0020178609993308783
kick,ExtraTrees,7299,0.0007693803283363651,0.022206391086151307,0.022206391086151307,,,,,,,,,0.02388575197438485,0.02388575197438485,0.026040930240284543,0.026040930240284543,0.020385330278934036,0.020385330278934036,0.02343733749786781,0.02343733749786781,0.02388575197438485,0.02388575197438485,0.026040930240284543,0.026040930240284543,0.020385330278934036,0.020385330278934036,0.02343733749786781,0.02343733749786781,0.00269533333266736
kick,LightGBM,7299,0.000758403691047608,0.0190159195066514,0.0190159195066514,,,,,,,,,0.019131750869661974,0.019131750869661974,0.022811204573113725,0.022811204573113725,0.020131941274801463,0.020131941274801463,0.020691632239192386,0.020691632239192386,0.019131750869661974,0.019131750869661974,0.022811204573113725,0.022811204573113725,0.020131941274801463,0.020131941274801463,0.020691632239192386,0.020691632239192386,0.002408235999610042
kick,LinearModel,7299,0.0005939979673438714,0.01760061161563192,0.01760061161563192,,,,,,,,,0.017769393359204924,0.017769393359204924,0.020010970649521235,0.020010970649521235,0.017814849421431175,0.017814849421431175,0.018531737810052445,0.018531737810052445,0.017769393359204924,0.017769393359204924,0.020010970649521235,0.020010970649521235,0.017814849421431175,0.017814849421431175,0.018531737810052445,0.018531737810052445,0.0021234999997735335
kick,NeuralNetFastAI,7299,0.0005771733416787403,0.017684241476468614,0.017684241476468614,,,,,,,,,0.019440500252352513,0.019440500252352513,0.019625200028568907,0.019625200028568907,0.020041867785738448,0.020041867785738448,0.019702522688886625,0.019702522688886625,0.019440500252352513,0.019440500252352513,0.019625200028568907,0.019625200028568907,0.020041867785738448,0.020041867785738448,0.019702522688886625,0.019702522688886625,0.0022756109998833076
kick,NeuralNetTorch,7299,0.00023458592068901205,0.013487245802634747,0.013487245802634747,,,,,,,,,0.017923503416603884,0.017923503416603884,0.017211994239966704,0.017211994239966704,0.015898824401183665,0.015898824401183665,0.017011440685918085,0.017011440685918085,0.017923503416603884,0.017923503416603884,0.017211994239966704,0.017211994239966704,0.015898824401183665,0.015898824401183665,0.017011440685918085,0.017011440685918085,0.001923944666486932
kick,RandomForest,7299,0.002828115379297646,0.03225391854775516,0.03225391854775516,,,,,,,,,0.03334495247559195,0.03334495247559195,0.036451601116565716,0.036451601116565716,0.03245028244398898,0.03245028244398898,0.03408227867871555,0.03408227867871555,0.03334495247559195,0.03334495247559195,0.036451601116565716,0.036451601116565716,0.03245028244398898,0.03245028244398898,0.03408227867871555,0.03408227867871555,0.004476055666600587
kick,XGBoost,7299,0.00046227426086040705,0.018060586153021627,0.018060586153021627,,,,,,,,,0.018924001079024158,0.018924001079024158,0.020534187599149885,0.020534187599149885,0.018352697807739717,0.018352697807739717,0.019270295495304585,0.019270295495304585,0.018924001079024158,0.018924001079024158,0.020534187599149885,0.020534187599149885,0.018352697807739717,0.018352697807739717,0.019270295495304585,0.019270295495304585,0.002260694333623784
mammography,CatBoost,1119,0.0003067871709737866,0.002987250300573251,0.002987250300573251,,,,,,,,,0.008953656461385923,0.008953656461385923,0.006182827846894875,0.006182827846894875,0.008267095873733279,0.008267095873733279,0.007801193394004692,0.007801193394004692,0.008953656461385923,0.008953656461385923,0.006182827846894875,0.006182827846894875,0.008267095873733279,0.008267095873733279,0.007801193394004692,0.007801193394004692,0.0010185693330034458
mammography,ExtraTrees,1119,0.0009083719555935277,0.00982183899564482,0.00982183899564482,,,,,,,,,0.014071548684106632,0.014071548684106632,0.012956670171149697,0.012956670171149697,0.010226332136809927,0.010226332136809927,0.012418183664022087,0.012418183664022087,0.014071548684106632,0.014071548684106632,0.012956670171149697,0.012956670171149697,0.010226332136809927,0.010226332136809927,0.012418183664022087,0.012418183664022087,0.001453736000257777
mammography,LightGBM,1119,0.00031100477806888605,0.004549416189807716,0.004549416189807716,,,,,,,,,0.010875959734109764,0.010875959734109764,0.012096322459926569,0.012096322459926569,0.008450513234753737,0.008450513234753737,0.010474265142930024,0.010474265142930024,0.010875959734109764,0.010875959734109764,0.012096322459926569,0.012096322459926569,0.008450513234753737,0.008450513234753737,0.010474265142930024,0.010474265142930024,0.0012781943332811352
mammography,LinearModel,1119,0.00047097862035540007,0.0075422727862264815,0.0075422727862264815,,,,,,,,,0.013184161807339763,0.013184161807339763,0.010815615876174347,0.010815615876174347,0.011538186867635988,0.011538186867635988,0.011845988183716698,0.011845988183716698,0.013184161807339763,0.013184161807339763,0.010815615876174347,0.010815615876174347,0.011538186867635988,0.011538186867635988,0.011845988183716698,0.011845988183716698,0.0013817916660627816
mammography,NeuralNetFastAI,1119,0.00021599745896071988,0.0038140064351425873,0.0038140064351425873,,,,,,,,,0.010812220227890605,0.010812220227890605,0.00927827362644284,0.00927827362644284,0.010067072485757165,0.010067072485757165,0.010052522113363537,0.010052522113363537,0.010812220227890605,0.010812220227890605,0.00927827362644284,0.00927827362644284,0.010067072485757165,0.010067072485757165,0.010052522113363537,0.010052522113363537,0.0012146249997992224
mammography,NeuralNetTorch,1119,0.0002914973659975757,0.004787277400137917,0.004787277400137917,,,,,,,,,0.012873206190544299,0.012873206190544299,0.011554713871268527,0.011554713871268527,0.009450100883204355,0.009450100883204355,0.011292673648339059,0.011292673648339059,0.012873206190544299,0.012873206190544299,0.011554713871268527,0.011554713871268527,0.009450100883204355,0.009450100883204355,0.011292673648339059,0.011292673648339059,0.0013249303337943275
mammography,RandomForest,1119,0.0009077515840056415,0.010416327105699756,0.010416327105699756,,,,,,,,,0.013723801974075984,0.013723801974075984,0.013599966974946195,0.013599966974946195,0.012147758408497794,0.012147758408497794,0.01315717578583999,0.01315717578583999,0.013723801974075984,0.013723801974075984,0.013599966974946195,0.013599966974946195,0.012147758408497794,0.012147758408497794,0.01315717578583999,0.01315717578583999,0.0014670136661152355
mammography,XGBoost,1119,0.00038680258371852957,0.004986199969852342,0.004986199969852342,,,,,,,,,0.011892071412761976,0.011892071412761976,0.008451781453111472,0.008451781453111472,0.009611374431331355,0.009611374431331355,0.009985075765734935,0.009985075765734935,0.011892071412761976,0.011892071412761976,0.008451781453111472,0.008451781453111472,0.009611374431331355,0.009611374431331355,0.009985075765734935,0.009985075765734935,0.0011978473327568888
mc1,CatBoost,947,8.474567040156436e-05,0.001448690264707574,0.001448690264707574,,,,,,,,,0.0036869440448341626,0.0036869440448341626,0.007359177643116428,0.007359177643116428,0.0036228500489480127,0.0036228500489480127,0.004889657245632868,0.004889657245632868,0.0036869440448341626,0.0036869440448341626,0.007359177643116428,0.007359177643116428,0.0036228500489480127,0.0036228500489480127,0.004889657245632868,0.004889657245632868,0.0008493473324051592
mc1,ExtraTrees,947,0.00010842411057971378,0.00240776792749526,0.00240776792749526,,,,,,,,,0.0059640755654740895,0.0059640755654740895,0.006910155011425379,0.006910155011425379,0.006525755519672688,0.006525755519672688,0.0064666620321907195,0.0064666620321907195,0.0059640755654740895,0.0059640755654740895,0.006910155011425379,0.006910155011425379,0.006525755519672688,0.006525755519672688,0.0064666620321907195,0.0064666620321907195,0.0009146946661833985
mc1,LightGBM,947,9.440718488325625e-05,0.002233540501656573,0.002233540501656573,,,,,,,,,0.0033477783944064225,0.0033477783944064225,0.007690732236964727,0.007690732236964727,0.0031938538737303446,0.0031938538737303446,0.0047441215017004984,0.0047441215017004984,0.0033477783944064225,0.0033477783944064225,0.007690732236964727,0.007690732236964727,0.0031938538737303446,0.0031938538737303446,0.0047441215017004984,0.0047441215017004984,0.0008358473338982245
mc1,LinearModel,947,0.00014638436646146276,0.0026338506459625682,0.0026338506459625682,,,,,,,,,0.00648045770573148,0.00648045770573148,0.007077437258714678,0.007077437258714678,0.005871969637746193,0.005871969637746193,0.006476621534064118,0.006476621534064118,0.00648045770573148,0.00648045770573148,0.007077437258714678,0.007077437258714678,0.005871969637746193,0.005871969637746193,0.006476621534064118,0.006476621534064118,0.0009233609998773318
mc1,NeuralNetFastAI,947,0.0002510707807121435,0.0026250846864085877,0.0026250846864085877,,,,,,,,,0.005216932558930303,0.005216932558930303,0.006129536118829467,0.006129536118829467,0.0061939344022571285,0.0061939344022571285,0.005846801026672299,0.005846801026672299,0.005216932558930303,0.005216932558930303,0.006129536118829467,0.006129536118829467,0.0061939344022571285,0.0061939344022571285,0.005846801026672299,0.005846801026672299,0.000857847332857394
mc1,NeuralNetTorch,947,0.00010110961490308469,0.002626690070216347,0.002626690070216347,,,,,,,,,0.006217338974939443,0.006217338974939443,0.007573050670056963,0.007573050670056963,0.006226033386732693,0.006226033386732693,0.006672141010576366,0.006672141010576366,0.006217338974939443,0.006217338974939443,0.007573050670056963,0.007573050670056963,0.006226033386732693,0.006226033386732693,0.006672141010576366,0.006672141010576366,0.0009255553328936609
mc1,RandomForest,947,5.816639252468534e-05,0.002580967733421892,0.002580967733421892,,,,,,,,,0.00569524573455033,0.00569524573455033,0.005932207614626947,0.005932207614626947,0.0056305542854640026,0.0056305542854640026,0.005752669211547093,0.005752669211547093,0.00569524573455033,0.00569524573455033,0.005932207614626947,0.005932207614626947,0.0056305542854640026,0.0056305542854640026,0.005752669211547093,0.005752669211547093,0.0008850276669060501
mc1,XGBoost,947,6.719166348136656e-05,0.0017722229712900024,0.0017722229712900024,,,,,,,,,0.0045883635966561765,0.0045883635966561765,0.007003538962881773,0.007003538962881773,0.004463033348617939,0.004463033348617939,0.005351645302718629,0.005351645302718629,0.0045883635966561765,0.0045883635966561765,0.007003538962881773,0.007003538962881773,0.004463033348617939,0.004463033348617939,0.005351645302718629,0.005351645302718629,0.0008523333332656572
mozilla4,CatBoost,1555,0.00010475732649914228,0.004283992180305419,0.004283992180305419,,,,,,,,,0.014678694444377052,0.014678694444377052,0.015378967355783264,0.015378967355783264,0.013173093446236961,0.013173093446236961,0.014410251748799091,0.014410251748799091,0.014678694444377052,0.014678694444377052,0.015378967355783264,0.015378967355783264,0.013173093446236961,0.013173093446236961,0.014410251748799091,0.014410251748799091,0.001609764000022551
mozilla4,ExtraTrees,1555,0.0009227105781339121,0.019337496672612108,0.019337496672612108,,,,,,,,,0.020377054352043972,0.020377054352043972,0.021389937402962585,0.021389937402962585,0.023387869854423052,0.023387869854423052,0.021718287203143203,0.021718287203143203,0.020377054352043972,0.020377054352043972,0.021389937402962585,0.021389937402962585,0.023387869854423052,0.023387869854423052,0.021718287203143203,0.021718287203143203,0.002432250000614052
mozilla4,LightGBM,1555,0.000159472009788727,0.00936400598354699,0.00936400598354699,,,,,,,,,0.016176426275391186,0.016176426275391186,0.017679773877382902,0.017679773877382902,0.013974678871346895,0.013974678871346895,0.01594362634137366,0.01594362634137366,0.016176426275391186,0.016176426275391186,0.017679773877382902,0.017679773877382902,0.013974678871346895,0.013974678871346895,0.01594362634137366,0.01594362634137366,0.0017353056670496396
mozilla4,LinearModel,1555,0.00220445800765884,0.015876230313230686,0.015876230313230686,,,,,,,,,0.01792428560721866,0.01792428560721866,0.017932716050801992,0.017932716050801992,0.021393347795618196,0.021393347795618196,0.019083449817879617,0.019083449817879617,0.01792428560721866,0.01792428560721866,0.017932716050801992,0.017932716050801992,0.021393347795618196,0.021393347795618196,0.019083449817879617,0.019083449817879617,0.002084583333877769
mozilla4,NeuralNetFastAI,1555,0.0010055261190156874,0.020562476577339065,0.020562476577339065,,,,,,,,,0.02632188895885325,0.02632188895885325,0.029853237686838882,0.029853237686838882,0.0286773341688231,0.0286773341688231,0.028284153604838408,0.028284153604838408,0.02632188895885325,0.02632188895885325,0.029853237686838882,0.029853237686838882,0.0286773341688231,0.0286773341688231,0.028284153604838408,0.028284153604838408,0.0030139583335161055
mozilla4,NeuralNetTorch,1555,0.0007979974933060649,0.013448329768381714,0.013448329768381714,,,,,,,,,0.018781275654466942,0.018781275654466942,0.015851395797979985,0.015851395797979985,0.014103860206111441,0.014103860206111441,0.016245510552852793,0.016245510552852793,0.018781275654466942,0.018781275654466942,0.015851395797979985,0.015851395797979985,0.014103860206111441,0.014103860206111441,0.016245510552852793,0.016245510552852793,0.0017705833330789271
mozilla4,RandomForest,1555,0.0006578447157407265,0.014748294860964668,0.014748294860964668,,,,,,,,,0.019405047199165693,0.019405047199165693,0.0187133856071337,0.0187133856071337,0.02190970685805483,0.02190970685805483,0.020009379888118076,0.020009379888118076,0.019405047199165693,0.019405047199165693,0.0187133856071337,0.0187133856071337,0.02190970685805483,0.02190970685805483,0.020009379888118076,0.020009379888118076,0.002238499999900038
mozilla4,XGBoost,1555,0.00013384213959910505,0.004527395625543843,0.004527395625543843,,,,,,,,,0.013957329272484893,0.013957329272484893,0.01297286912094854,0.01297286912094854,0.015168083130770432,0.015168083130770432,0.014032760508067954,0.014032760508067954,0.013957329272484893,0.013957329272484893,0.01297286912094854,0.01297286912094854,0.015168083130770432,0.015168083130770432,0.014032760508067954,0.014032760508067954,0.001534569333064913
nomao,CatBoost,3447,0.00014470361669024728,0.003625955038653568,0.003625955038653568,,,,,,,,,0.010065282713053467,0.010065282713053467,0.009271859522030737,0.009271859522030737,0.01038928631006153,0.01038928631006153,0.009908809515048578,0.009908809515048578,0.010065282713053467,0.010065282713053467,0.009271859522030737,0.009271859522030737,0.01038928631006153,0.01038928631006153,0.009908809515048578,0.009908809515048578,0.0012447083342218928
nomao,ExtraTrees,3447,0.0017768789407561548,0.022720582999909377,0.022720582999909377,,,,,,,,,0.02328918234954491,0.02328918234954491,0.02313687934605108,0.02313687934605108,0.022176248650001687,0.022176248650001687,0.022867436781865893,0.022867436781865893,0.02328918234954491,0.02328918234954491,0.02313687934605108,0.02313687934605108,0.022176248650001687,0.022176248650001687,0.022867436781865893,0.022867436781865893,0.0025764026662121373
nomao,LightGBM,3447,2.7357595544002276e-05,0.002103834546971972,0.002103834546971972,,,,,,,,,0.009642208562377595,0.009642208562377595,0.010605505673580262,0.010605505673580262,0.009571828247098188,0.009571828247098188,0.009939847494352014,0.009939847494352014,0.009642208562377595,0.009642208562377595,0.010605505673580262,0.010605505673580262,0.009571828247098188,0.009571828247098188,0.009939847494352014,0.009939847494352014,0.0012556943329400383
nomao,LinearModel,3447,7.56566533120852e-05,0.004612081453781588,0.004612081453781588,,,,,,,,,0.012867997342914191,0.012867997342914191,0.01277140278156473,0.01277140278156473,0.012917436224851636,0.012917436224851636,0.012852278783110184,0.012852278783110184,0.012867997342914191,0.012867997342914191,0.01277140278156473,0.01277140278156473,0.012917436224851636,0.012917436224851636,0.012852278783110184,0.012852278783110184,0.0014619443330351107
nomao,NeuralNetFastAI,3447,8.557584359431473e-05,0.004501180151485815,0.004501180151485815,,,,,,,,,0.012295310581132946,0.012295310581132946,0.011222710696788412,0.011222710696788412,0.01076524076214722,0.01076524076214722,0.011427754013356195,0.011427754013356195,0.012295310581132946,0.012295310581132946,0.011222710696788412,0.011222710696788412,0.01076524076214722,0.01076524076214722,0.011427754013356195,0.011427754013356195,0.0013679026657579623
nomao,NeuralNetTorch,3447,9.360997247336185e-05,0.00656317371732796,0.00656317371732796,,,,,,,,,0.013342934996141092,0.013342934996141092,0.01192059337605137,0.01192059337605137,0.01353198422180413,0.01353198422180413,0.012931837531332197,0.012931837531332197,0.013342934996141092,0.013342934996141092,0.01192059337605137,0.01192059337605137,0.01353198422180413,0.01353198422180413,0.012931837531332197,0.012931837531332197,0.0015076666665360487
nomao,RandomForest,3447,0.00211467999050397,0.025183486880836287,0.025183486880836287,,,,,,,,,0.02564081906508844,0.02564081906508844,0.023029903218178802,0.023029903218178802,0.02378912589644477,0.02378912589644477,0.024153282726570673,0.024153282726570673,0.02564081906508844,0.02564081906508844,0.023029903218178802,0.023029903218178802,0.02378912589644477,0.02378912589644477,0.024153282726570673,0.024153282726570673,0.0026724166673375294
nomao,XGBoost,3447,9.556992200958155e-06,0.0014441128888325516,0.0014441128888325516,,,,,,,,,0.009949114515120133,0.009949114515120133,0.009826065052118943,0.009826065052118943,0.008924221932294018,0.008924221932294018,0.009566467166511031,0.009566467166511031,0.009949114515120133,0.009949114515120133,0.009826065052118943,0.009826065052118943,0.008924221932294018,0.008924221932294018,0.009566467166511031,0.009566467166511031,0.0012019719991561335
numerai28_6,CatBoost,9632,0.00035483117713662227,0.011971280148927357,0.011971280148927357,,,,,,,,,0.009517855990852489,0.009517855990852489,0.015833582106018478,0.015833582106018478,0.011385918718501243,0.011385918718501243,0.012245785605124071,0.012245785605124071,0.009517855990852489,0.009517855990852489,0.015833582106018478,0.015833582106018478,0.011385918718501243,0.011385918718501243,0.012245785605124071,0.012245785605124071,0.0015570556667322915
numerai28_6,ExtraTrees,9632,0.0001826482708778305,0.01051235737656537,0.01051235737656537,,,,,,,,,0.008918612115066754,0.008918612115066754,0.013096632546180108,0.013096632546180108,0.007968254435471727,0.007968254435471727,0.009994499698906196,0.009994499698906196,0.008918612115066754,0.008918612115066754,0.013096632546180108,0.013096632546180108,0.007968254435471727,0.007968254435471727,0.009994499698906196,0.009994499698906196,0.0013472360005835071
numerai28_6,LightGBM,9632,0.0002515680942445501,0.011848843371823578,0.011848843371823578,,,,,,,,,0.009005850400683267,0.009005850400683267,0.014577930283399213,0.014577930283399213,0.009676945343711576,0.009676945343711576,0.011086908675931352,0.011086908675931352,0.009005850400683267,0.009005850400683267,0.014577930283399213,0.014577930283399213,0.009676945343711576,0.009676945343711576,0.011086908675931352,0.011086908675931352,0.0014593889997437752
numerai28_6,LinearModel,9632,0.0002761142419707706,0.01254462680633975,0.01254462680633975,,,,,,,,,0.008365199638864217,0.008365199638864217,0.010844342936754245,0.010844342936754245,0.008134895565261497,0.008134895565261497,0.009114812713626652,0.009114812713626652,0.008365199638864217,0.008365199638864217,0.010844342936754245,0.010844342936754245,0.008134895565261497,0.008134895565261497,0.009114812713626652,0.009114812713626652,0.0012742916672626354
numerai28_6,NeuralNetFastAI,9632,0.0002771364253259482,0.013133332572654633,0.013133332572654633,,,,,,,,,0.008631765912982281,0.008631765912982281,0.01331828353586518,0.01331828353586518,0.009922826658677377,0.009922826658677377,0.010624292035841613,0.010624292035841613,0.008631765912982281,0.008631765912982281,0.01331828353586518,0.01331828353586518,0.009922826658677377,0.009922826658677377,0.010624292035841613,0.010624292035841613,0.0014394306660202953
numerai28_6,NeuralNetTorch,9632,0.0002644595391366567,0.012526102667284567,0.012526102667284567,,,,,,,,,0.009855212388605254,0.009855212388605254,0.008970137242985225,0.008970137242985225,0.01104405537398803,0.01104405537398803,0.009956468335192837,0.009956468335192837,0.009855212388605254,0.009855212388605254,0.008970137242985225,0.008970137242985225,0.01104405537398803,0.01104405537398803,0.009956468335192837,0.009956468335192837,0.001378305667458335
numerai28_6,RandomForest,9632,0.00012645464047984857,0.0071427804631400745,0.0071427804631400745,,,,,,,,,0.009071360318384186,0.009071360318384186,0.011527935972009821,0.011527935972009821,0.010097950002814065,0.010097950002814065,0.010232415431069357,0.010232415431069357,0.009071360318384186,0.009071360318384186,0.011527935972009821,0.011527935972009821,0.010097950002814065,0.010097950002814065,0.010232415431069357,0.010232415431069357,0.0013989583336903404
numerai28_6,XGBoost,9632,0.0003256287364334502,0.01252303114377482,0.01252303114377482,,,,,,,,,0.00919512169630804,0.00919512169630804,0.0167878423556457,0.0167878423556457,0.010276442982111687,0.010276442982111687,0.012086469011355142,0.012086469011355142,0.00919512169630804,0.00919512169630804,0.0167878423556457,0.0167878423556457,0.010276442982111687,0.010276442982111687,0.012086469011355142,0.012086469011355142,0.0015802223327530858
