dataset,model,test_size,true_brier,true_l1,true_l2,Uniform-CV_brier_draw0,Uniform-CV_brier_draw0_unclipped,Uniform-CV_brier_draw1,Uniform-CV_brier_draw1_unclipped,Uniform-CV_brier_draw2,Uniform-CV_brier_draw2_unclipped,Uniform-CV_brier,Uniform-CV_brier_unclipped,Uniform-CV_l1_draw0,Uniform-CV_l1_draw0_unclipped,Uniform-CV_l1_draw1,Uniform-CV_l1_draw1_unclipped,Uniform-CV_l1_draw2,Uniform-CV_l1_draw2_unclipped,Uniform-CV_l1,Uniform-CV_l1_unclipped,Uniform-CV_l2_draw0,Uniform-CV_l2_draw0_unclipped,Uniform-CV_l2_draw1,Uniform-CV_l2_draw1_unclipped,Uniform-CV_l2_draw2,Uniform-CV_l2_draw2_unclipped,Uniform-CV_l2,Uniform-CV_l2_unclipped,Uniform-CV_time
2dplanes,CatBoost,4077,0.0010357467002906422,0.016759806470045092,0.016759806470045092,0.0,-0.0002668687882426971,0.0007545638436895713,0.0007545638436895713,0.00024549242465000536,0.00024549242465000536,0.0003333520894465256,0.00024439582669895984,0.006946849072289118,0.006946849072289118,0.01486380630945636,0.01486380630945636,0.00826988411670791,0.00826988411670791,0.010026846499484461,0.010026846499484461,0.006946849072289118,0.006946849072289118,0.01486380630945636,0.01486380630945636,0.00826988411670791,0.00826988411670791,0.010026846499484461,0.010026846499484461,0.0019405139998222392
2dplanes,ExtraTrees,4077,0.00060943821379165,0.013471089267672749,0.013471089267672749,0.0,-0.000307533491550002,4.475104430815192e-05,4.475104430815192e-05,0.0,-0.0001735987334931614,1.4917014769383973e-05,-0.00014546039357833716,0.008195553747657378,0.008195553747657378,0.012059464178124497,0.012059464178124497,0.00663505823445684,0.00663505823445684,0.008963358720079572,0.008963358720079572,0.008195553747657378,0.008195553747657378,0.012059464178124497,0.012059464178124497,0.00663505823445684,0.00663505823445684,0.008963358720079572,0.008963358720079572,0.001624888999989101
2dplanes,LightGBM,4077,0.0006452912859289947,0.014063984582822505,0.014063984582822505,0.0,-0.00023513114857765275,0.0,-0.00044746623596838534,0.0,-3.463603238596672e-07,0.0,-0.00022764791495663258,0.011210927374724415,0.011210927374724415,0.007566249760120834,0.007566249760120834,0.01037946525685299,0.01037946525685299,0.009718880797232746,0.009718880797232746,0.011210927374724415,0.011210927374724415,0.007566249760120834,0.007566249760120834,0.01037946525685299,0.01037946525685299,0.009718880797232746,0.009718880797232746,0.001530430666510559
2dplanes,LinearModel,4077,0.006020850286611491,0.05546835795935246,0.05546835795935246,0.0,-0.00010659234634488678,0.0,-0.0001815919979302207,0.0,-0.00032173555205513297,0.0,-0.00020330663211008017,0.0040076826857553685,0.0040076826857553685,0.01131138449218051,0.01131138449218051,0.005214896977745245,0.005214896977745245,0.006844654718560376,0.006844654718560376,0.0040076826857553685,0.0040076826857553685,0.01131138449218051,0.01131138449218051,0.005214896977745245,0.005214896977745245,0.006844654718560376,0.006844654718560376,0.0016096943339410548
2dplanes,NeuralNetFastAI,4077,0.0003691270459463433,0.010036207619855754,0.010036207619855754,0.0,-0.0007833813350568093,0.0,-0.00030784150058384895,0.0,-0.0010754364818368026,0.0,-0.0007222197724924868,0.0010986228920833662,0.0010986228920833662,0.011324476536443221,0.011324476536443221,0.0,-0.0008950642203327821,0.004141033142842196,0.0038426784027312685,0.0010986228920833662,0.0010986228920833662,0.011324476536443221,0.011324476536443221,0.0,-0.0008950642203327821,0.004141033142842196,0.0038426784027312685,0.001645152666848541
2dplanes,NeuralNetTorch,4077,0.0003406932270880549,0.009938694772379074,0.009938694772379074,0.0,-0.0005000422632815954,0.0,-0.0007322420117537503,0.0,-0.000506458033627524,0.0,-0.0005795807695542899,0.0018843802798283646,0.0018843802798283646,0.0042855550805569655,0.0042855550805569655,0.0044152801519084005,0.0044152801519084005,0.0035284051707645766,0.0035284051707645766,0.0018843802798283646,0.0018843802798283646,0.0042855550805569655,0.0042855550805569655,0.0044152801519084005,0.0044152801519084005,0.0035284051707645766,0.0035284051707645766,0.0015793473333663617
2dplanes,RandomForest,4077,0.000662710189717478,0.012572317079092885,0.012572317079092885,0.0,-0.0014339316226147172,0.0,-0.00020273741087269216,1.6967689693596287e-05,1.6967689693596287e-05,5.655896564532095e-06,-0.000539900447931271,0.005978178116160985,0.005978178116160985,0.013360983820528362,0.013360983820528362,0.008739410231965353,0.008739410231965353,0.009359524056218234,0.009359524056218234,0.005978178116160985,0.005978178116160985,0.013360983820528362,0.013360983820528362,0.008739410231965353,0.008739410231965353,0.009359524056218234,0.009359524056218234,0.0015917636665108148
2dplanes,XGBoost,4077,0.0007391555875778144,0.013616694989012785,0.013616694989012785,0.0001040075535658844,0.0001040075535658844,0.0,-0.00019996837902768193,0.0,-0.00019120196594976955,3.466918452196147e-05,-9.572093047052235e-05,0.007779495120877165,0.007779495120877165,0.009472677318926039,0.009472677318926039,0.004151585992758165,0.004151585992758165,0.007134586144187123,0.007134586144187123,0.007779495120877165,0.007779495120877165,0.009472677318926039,0.009472677318926039,0.004151585992758165,0.004151585992758165,0.007134586144187123,0.007134586144187123,0.0015442639996763319
APSFailure,CatBoost,7600,0.00023072929039153674,0.0018584471185175446,0.0018584471185175446,0.0,-0.0002568887648522988,0.0,-0.0008588300554797044,0.0,-0.0002737367545742053,0.0,-0.0004631518583020695,0.0006489041375516535,0.0006489041375516535,0.0006062109744978347,0.0006062109744978347,0.0018890968352537273,0.0018890968352537273,0.0010480706491010718,0.0010480706491010718,0.0006489041375516535,0.0006489041375516535,0.0006062109744978347,0.0006062109744978347,0.0018890968352537273,0.0018890968352537273,0.0010480706491010718,0.0010480706491010718,0.0023989443325262982
APSFailure,ExtraTrees,7600,0.0006226824370906533,0.0051914377608753915,0.0051914377608753915,0.0008694191159214292,0.0008694191159214292,0.00014929291907860384,0.00014929291907860384,0.000572742598986657,0.000572742598986657,0.0005304848779955633,0.0005304848779955633,0.005833176913470915,0.005833176913470915,0.0042328194509421956,0.0042328194509421956,0.005284378431390091,0.005284378431390091,0.005116791598601068,0.005116791598601068,0.005833176913470915,0.005833176913470915,0.0042328194509421956,0.0042328194509421956,0.005284378431390091,0.005284378431390091,0.005116791598601068,0.005116791598601068,0.0023749443328900575
APSFailure,LightGBM,7600,0.00045686417862927437,0.0026085678974425864,0.0026085678974425864,0.0001236532147342828,0.0001236532147342828,0.0,-0.00021629964851770477,3.5851117891401366e-06,3.5851117891401366e-06,4.241277550780765e-05,-2.9687107331427277e-05,0.0008117999780334254,0.0008117999780334254,0.0006367130410679142,0.0006367130410679142,0.0018089401327753014,0.0018089401327753014,0.0010858177172922137,0.0010858177172922137,0.0008117999780334254,0.0008117999780334254,0.0006367130410679142,0.0006367130410679142,0.0018089401327753014,0.0018089401327753014,0.0010858177172922137,0.0010858177172922137,0.0024127359999207934
APSFailure,LinearModel,7600,0.0003803322741956466,0.0034943082985187082,0.0034943082985187082,0.0,-0.0001368312561904595,0.0004804006438321816,0.0004804006438321816,0.0,-0.0005804561976899717,0.00016013354794406053,-7.89622700160832e-05,0.0027427210605757628,0.0027427210605757628,0.0036430267277019705,0.0036430267277019705,0.003068966900690769,0.003068966900690769,0.003151571562989501,0.003151571562989501,0.0027427210605757628,0.0027427210605757628,0.0036430267277019705,0.0036430267277019705,0.003068966900690769,0.003068966900690769,0.003151571562989501,0.003151571562989501,0.002298250000118666
APSFailure,NeuralNetFastAI,7600,0.0005370516703016731,0.002903728571302389,0.002903728571302389,9.050111800159594e-05,9.050111800159594e-05,0.00013862248738756884,0.00013862248738756884,0.0,-0.00017188504544738887,7.637453512972159e-05,1.9079519980591965e-05,0.0010335543479535964,0.0010335543479535964,0.002620575583195396,0.002620575583195396,0.002891877331423386,0.002891877331423386,0.0021820024208574593,0.0021820024208574593,0.0010335543479535964,0.0010335543479535964,0.002620575583195396,0.002620575583195396,0.002891877331423386,0.002891877331423386,0.0021820024208574593,0.0021820024208574593,0.0024353193330171052
APSFailure,NeuralNetTorch,7600,0.0003528082933513664,0.0026576990019937415,0.0026576990019937415,9.330314376507081e-05,9.330314376507081e-05,0.00010880434251662986,0.00010880434251662986,0.0,-0.00018795077893734026,6.736916209390022e-05,4.71890244812013e-06,0.0009963356326665904,0.0009963356326665904,0.0022074076913546187,0.0022074076913546187,0.0006240214809960028,0.0006240214809960028,0.0012759216016724041,0.0012759216016724041,0.0009963356326665904,0.0009963356326665904,0.0022074076913546187,0.0022074076913546187,0.0006240214809960028,0.0006240214809960028,0.0012759216016724041,0.0012759216016724041,0.0022677916664785394
APSFailure,RandomForest,7600,0.0007705903281132056,0.0069554844467050935,0.0069554844467050935,0.0003910435849395063,0.0003910435849395063,0.0005504722361735177,0.0005504722361735177,0.0008346663846406571,0.0008346663846406571,0.000592060735251227,0.000592060735251227,0.0037394737026433607,0.0037394737026433607,0.00361052631271856,0.00361052631271856,0.004474561415600443,0.004474561415600443,0.003941520476987454,0.003941520476987454,0.0037394737026433607,0.0037394737026433607,0.00361052631271856,0.00361052631271856,0.004474561415600443,0.004474561415600443,0.003941520476987454,0.003941520476987454,0.002322319667049063
APSFailure,XGBoost,7600,0.0004522037960324727,0.00276524990062937,0.00276524990062937,0.0,-0.0001313137866262754,0.0,-0.00035391002041630556,0.0002093756994053985,0.0002093756994053985,6.97918998017995e-05,-9.194936921239415e-05,0.0008513724082704836,0.0008513724082704836,0.0,-0.0003471801969231149,0.0029856402099559137,0.0029856402099559137,0.0012790042060754658,0.0011632774737677608,0.0008513724082704836,0.0008513724082704836,0.0,-0.0003471801969231149,0.0029856402099559137,0.0029856402099559137,0.0012790042060754658,0.0011632774737677608,0.0023029720008101626
Amazon_employee_access,CatBoost,3277,6.587767880525423e-05,0.007047274838570309,0.007047274838570309,0.00011563531523343452,0.00011563531523343452,0.0,-0.0010633899821280558,0.0,-0.001523762405715609,3.854510507781151e-05,-0.00082383902420341,0.010664010557425906,0.010664010557425906,0.008052040960072452,0.008052040960072452,0.0008944983824037145,0.0008944983824037145,0.006536849966634024,0.006536849966634024,0.010664010557425906,0.010664010557425906,0.008052040960072452,0.008052040960072452,0.0008944983824037145,0.0008944983824037145,0.006536849966634024,0.006536849966634024,0.0013158333337438914
Amazon_employee_access,ExtraTrees,3277,0.0011848128098959204,0.021936008014946693,0.021936008014946693,0.000551158397539841,0.000551158397539841,0.0008123197940114943,0.0008123197940114943,0.00013983286686872489,0.00013983286686872489,0.00050110368614002,0.00050110368614002,0.021369830919796277,0.021369830919796277,0.02008287383992024,0.02008287383992024,0.022598134555538725,0.022598134555538725,0.021350279771751746,0.021350279771751746,0.021369830919796277,0.021369830919796277,0.02008287383992024,0.02008287383992024,0.022598134555538725,0.022598134555538725,0.021350279771751746,0.021350279771751746,0.0013244719993963372
Amazon_employee_access,LightGBM,3277,0.00011584613744030146,0.006122729817486624,0.006122729817486624,0.0,-9.219632818020793e-05,0.0,-0.001607675083545679,0.0,-0.0005119950051142786,0.0,-0.0007372888056133885,0.003346179191081088,0.003346179191081088,0.0,-0.004618735542321372,0.011349500196442795,0.011349500196442795,0.004898559795841294,0.00335898128173417,0.003346179191081088,0.003346179191081088,0.0,-0.004618735542321372,0.011349500196442795,0.011349500196442795,0.004898559795841294,0.00335898128173417,0.0012873473327393488
Amazon_employee_access,LinearModel,3277,0.000577567983805529,0.015529851627251633,0.015529851627251633,0.0005826602609917751,0.0005826602609917751,0.0003581471952570345,0.0003581471952570345,0.0004126152233555512,0.0004126152233555512,0.0004511408932014536,0.0004511408932014536,0.010728827626795386,0.010728827626795386,0.0210551656884939,0.0210551656884939,0.015465407633712316,0.015465407633712316,0.01574980031633387,0.01574980031633387,0.010728827626795386,0.010728827626795386,0.0210551656884939,0.0210551656884939,0.015465407633712316,0.015465407633712316,0.01574980031633387,0.01574980031633387,0.0012919999996180802
Amazon_employee_access,NeuralNetFastAI,3277,0.0003750018116364677,0.009594039574861163,0.009594039574861163,0.0,-0.0019099166189394624,0.0,-0.0005479617149354556,0.00030699212039335974,0.00030699212039335974,0.00010233070679778658,-0.0007169620711605195,3.183896144352419e-05,3.183896144352419e-05,0.0038667170556536674,0.0038667170556536674,0.00916186136500225,0.00916186136500225,0.004353472460699813,0.004353472460699813,3.183896144352419e-05,3.183896144352419e-05,0.0038667170556536674,0.0038667170556536674,0.00916186136500225,0.00916186136500225,0.004353472460699813,0.004353472460699813,0.0013916110001446214
Amazon_employee_access,NeuralNetTorch,3277,0.001192830126488589,0.0172959970043751,0.0172959970043751,0.0,-0.0013709579871102632,0.0,-0.0006026833613383227,0.0,-0.001089066775360883,0.0,-0.0010209027079364896,0.006422644454348113,0.006422644454348113,0.012024844192061658,0.012024844192061658,0.01575006177176562,0.01575006177176562,0.01139918347272513,0.01139918347272513,0.006422644454348113,0.006422644454348113,0.012024844192061658,0.012024844192061658,0.01575006177176562,0.01575006177176562,0.01139918347272513,0.01139918347272513,0.0013448886663051478
Amazon_employee_access,RandomForest,3277,0.0010407990874690906,0.019401031244190358,0.019401031244190358,0.00058022371287512,0.00058022371287512,0.0008958579088120904,0.0008958579088120904,0.0,-0.0005268727775344023,0.0004920272072290701,0.000316402948050936,0.019066344679475086,0.019066344679475086,0.023998708646945702,0.023998708646945702,0.01959406895302111,0.01959406895302111,0.020886374093147298,0.020886374093147298,0.019066344679475086,0.019066344679475086,0.023998708646945702,0.023998708646945702,0.01959406895302111,0.01959406895302111,0.020886374093147298,0.020886374093147298,0.0013078333334609245
Amazon_employee_access,XGBoost,3277,6.127144786686918e-05,0.006959118745905035,0.006959118745905035,0.0,-0.0011309699026576722,0.0,-0.0005617376256983328,0.0,-0.0006486700843171157,0.0,-0.0007804592042243737,0.001532147862733338,0.001532147862733338,0.007905229222430737,0.007905229222430737,0.005657088013776818,0.005657088013776818,0.00503148836631363,0.00503148836631363,0.001532147862733338,0.001532147862733338,0.007905229222430737,0.007905229222430737,0.005657088013776818,0.005657088013776818,0.00503148836631363,0.00503148836631363,0.0012874999993073288
Click_prediction_small,CatBoost,3995,0.00038633628898235186,0.01768859708588454,0.01768859708588454,0.0,-0.00044574012411590817,0.0,-0.0019208967841405702,0.0,-0.0013572039691619481,0.0,-0.0012412802924728088,0.016794394505780203,0.016794394505780203,0.0,-0.0030814852189034857,0.0,-0.0022278600845611813,0.005598131501926735,0.003828349734105179,0.016794394505780203,0.016794394505780203,0.0,-0.0030814852189034857,0.0,-0.0022278600845611813,0.005598131501926735,0.003828349734105179,0.0015649583328922745
Click_prediction_small,ExtraTrees,3995,0.0008215564260373532,0.023610837407146718,0.023610837407146718,0.0,-0.0003913348508217483,0.00026872336597547644,0.00026872336597547644,0.00010073304304572208,0.00010073304304572208,0.00012315213634039952,-7.292813933516594e-06,0.021140314202385026,0.021140314202385026,0.025001281096270127,0.025001281096270127,0.01615478161912416,0.01615478161912416,0.020765458972593104,0.020765458972593104,0.021140314202385026,0.021140314202385026,0.025001281096270127,0.025001281096270127,0.01615478161912416,0.01615478161912416,0.020765458972593104,0.020765458972593104,0.0015349026665110916
Click_prediction_small,LightGBM,3995,0.0004458847215889114,0.01815457796381882,0.01815457796381882,0.0,-9.882579249656957e-05,0.0,-0.0003266771215378512,0.0,-0.0013462515816631418,0.0,-0.0005905848318991876,0.023838590912040655,0.023838590912040655,0.01348159115735875,0.01348159115735875,0.00357586405506924,0.00357586405506924,0.01363201537482288,0.01363201537482288,0.023838590912040655,0.023838590912040655,0.01348159115735875,0.01348159115735875,0.00357586405506924,0.00357586405506924,0.01363201537482288,0.01363201537482288,0.001523610999962936
Click_prediction_small,LinearModel,3995,0.003433357252839177,0.038138102764381475,0.038138102764381475,0.002309878837668523,0.002309878837668523,0.0015719715073578245,0.0015719715073578245,0.0012289181488676552,0.0012289181488676552,0.0017035894979646677,0.0017035894979646677,0.031062603822194775,0.031062603822194775,0.031780318193282184,0.031780318193282184,0.028213291061466306,0.028213291061466306,0.030352071025647756,0.030352071025647756,0.031062603822194775,0.031062603822194775,0.031780318193282184,0.031780318193282184,0.028213291061466306,0.028213291061466306,0.030352071025647756,0.030352071025647756,0.0015130000004622464
Click_prediction_small,NeuralNetFastAI,3995,0.0006152494557119272,0.02168230629401941,0.02168230629401941,0.0,-0.00049708280721077,0.0,-0.000982913286624363,0.0,-0.0013130571647986724,0.0,-0.0009310177528779351,0.029112912343933862,0.029112912343933862,0.017271872644938614,0.017271872644938614,0.0,-0.00047878802267925464,0.015461594996290825,0.015301998988731073,0.029112912343933862,0.029112912343933862,0.017271872644938614,0.017271872644938614,0.0,-0.00047878802267925464,0.015461594996290825,0.015301998988731073,0.0014898473333839017
Click_prediction_small,NeuralNetTorch,3995,0.000906484864703196,0.025087184047802014,0.025087184047802014,0.00023634575559714898,0.00023634575559714898,0.0,-0.0011398552794301682,0.0,-0.0008867772633229797,7.8781918532383e-05,-0.000596762262385333,0.018854667864639654,0.018854667864639654,0.01184414823327414,0.01184414823327414,0.015433410793899538,0.015433410793899538,0.015377408963937777,0.015377408963937777,0.018854667864639654,0.018854667864639654,0.01184414823327414,0.01184414823327414,0.015433410793899538,0.015433410793899538,0.015377408963937777,0.015377408963937777,0.0014964583327431076
Click_prediction_small,RandomForest,3995,0.0011413213978873715,0.02535429986824517,0.02535429986824517,0.0005273805272879174,0.0005273805272879174,0.0010424183609996486,0.0010424183609996486,0.0,-0.0008710148128969543,0.0005232662960958553,0.00023292802513020388,0.03484539907313889,0.03484539907313889,0.02125655294420607,0.02125655294420607,0.010944506749652095,0.010944506749652095,0.02234881958899902,0.02234881958899902,0.03484539907313889,0.03484539907313889,0.02125655294420607,0.02125655294420607,0.010944506749652095,0.010944506749652095,0.02234881958899902,0.02234881958899902,0.0014935833338919717
Click_prediction_small,XGBoost,3995,0.00047790328474461684,0.018971117007725632,0.018971117007725632,7.347337100718527e-05,7.347337100718527e-05,0.0,-0.0012460879125022128,0.0,-0.0014743081068103571,2.4491123669061757e-05,-0.0008823075494351282,0.018408002432823898,0.018408002432823898,0.0058179590284873324,0.0058179590284873324,0.0,-0.006942370721577283,0.008075320487103743,0.005761196913244649,0.018408002432823898,0.018408002432823898,0.0058179590284873324,0.0058179590284873324,0.0,-0.006942370721577283,0.008075320487103743,0.005761196913244649,0.001534249999773844
PhishingWebsites,CatBoost,1106,0.00011501653449411958,0.003910267557744939,0.003910267557744939,0.0,-0.008878433738691117,0.0,-0.00404122389165511,0.0,-0.00018440331530181344,0.0,-0.004368020315216014,0.0,-0.006565302944020832,0.0011939301976127848,0.0011939301976127848,0.008194084519903203,0.008194084519903203,0.0031293382391719957,0.0009409039244983852,0.0,-0.006565302944020832,0.0011939301976127848,0.0011939301976127848,0.008194084519903203,0.008194084519903203,0.0031293382391719957,0.0009409039244983852,0.000853930666683785
PhishingWebsites,ExtraTrees,1106,0.0066681586143801565,0.05625384704162044,0.05625384704162044,0.0023708869582246307,0.0023708869582246307,0.002103239699601313,0.002103239699601313,0.005227822641174663,0.005227822641174663,0.003233983099666869,0.003233983099666869,0.047303518029767684,0.047303518029767684,0.05068615372837934,0.05068615372837934,0.05529709429988321,0.05529709429988321,0.05109558868601007,0.05109558868601007,0.047303518029767684,0.047303518029767684,0.05068615372837934,0.05068615372837934,0.05529709429988321,0.05529709429988321,0.05109558868601007,0.05109558868601007,0.0007972636655419288
PhishingWebsites,LightGBM,1106,9.452185636811948e-05,0.0038107923112926127,0.0038107923112926127,0.0,-0.004429052348069381,0.0,-0.005406569780444684,0.0,-0.0008738841368232052,0.0,-0.00356983542177909,0.0005004132853918389,0.0005004132853918389,0.0,-0.00406978307062995,0.0,-0.0006058662748904217,0.00016680442846394629,-0.0013917453533761777,0.0005004132853918389,0.0005004132853918389,0.0,-0.00406978307062995,0.0,-0.0006058662748904217,0.00016680442846394629,-0.0013917453533761777,0.0007793610008472266
PhishingWebsites,LinearModel,1106,0.00021872736660312296,0.00902476140604523,0.00902476140604523,0.0,-0.0027113850064973007,0.0,-0.0035703699732065864,0.0,-0.0024627478584566035,0.0,-0.00291483427938683,0.009949726822727739,0.009949726822727739,0.0,-0.004114534910312142,0.008682216004154983,0.008682216004154983,0.006210647608960907,0.004839135972190193,0.009949726822727739,0.009949726822727739,0.0,-0.004114534910312142,0.008682216004154983,0.008682216004154983,0.006210647608960907,0.004839135972190193,0.0007640556674838687
PhishingWebsites,NeuralNetFastAI,1106,4.744237505240245e-05,0.003141969719634052,0.003141969719634052,0.0,-0.005069193144943053,0.0,-0.0030767440591282042,0.0,-0.004612963228869031,0.0,-0.004252966810980096,0.0,-0.0014062864581438348,0.008791862573559904,0.008791862573559904,0.0,-0.002036882555008711,0.002930620857853301,0.0017828978534691192,0.0,-0.0014062864581438348,0.008791862573559904,0.008791862573559904,0.0,-0.002036882555008711,0.002930620857853301,0.0017828978534691192,0.0007260833335749339
PhishingWebsites,NeuralNetTorch,1106,0.00011321565322257829,0.004358799474228134,0.004358799474228134,0.0,-0.0034244760501502118,0.0,-0.004967846647184195,0.0,-0.002911286369079798,0.0,-0.0037678696888047342,0.00451356424836573,0.00451356424836573,0.0,-0.006281999281970142,0.0,-0.0008792584934497241,0.0015045214161219101,-0.0008825645090180452,0.00451356424836573,0.00451356424836573,0.0,-0.006281999281970142,0.0,-0.0008792584934497241,0.0015045214161219101,-0.0008825645090180452,0.0007418749992211815
PhishingWebsites,RandomForest,1106,0.005133421861791541,0.04618638428999584,0.04618638428999584,0.0013475985720322102,0.0013475985720322102,0.004359371282831529,0.004359371282831529,0.002382018583193745,0.002382018583193745,0.0026963294793524947,0.0026963294793524947,0.0313461794631534,0.0313461794631534,0.041777903667877314,0.041777903667877314,0.04758754360377605,0.04758754360377605,0.040237208911602255,0.040237208911602255,0.0313461794631534,0.0313461794631534,0.041777903667877314,0.041777903667877314,0.04758754360377605,0.04758754360377605,0.040237208911602255,0.040237208911602255,0.0008413469998534614
PhishingWebsites,XGBoost,1106,8.611671452407753e-05,0.0031778621042838112,0.0031778621042838112,0.0,-0.0028379231513740236,0.0,-0.00612464020933187,0.0,-0.006300786207137063,0.0,-0.005087783189280985,0.0,-0.004592330573379574,0.0,-0.00905136471187906,0.0037478477570004843,0.0037478477570004843,0.0012492825856668282,-0.003298615842752716,0.0,-0.004592330573379574,0.0,-0.00905136471187906,0.0037478477570004843,0.0037478477570004843,0.0012492825856668282,-0.003298615842752716,0.0007700416669346547
Run_or_walk_information,CatBoost,8859,0.00010483370935025374,0.001972443140557718,0.001972443140557718,0.0,-0.0005179627673970927,0.0,-0.00018456513497042994,0.0,-0.0003292413064823019,0.0,-0.00034392306961660815,3.875496311529595e-06,3.875496311529595e-06,0.0008441370931569814,0.0008441370931569814,0.0004315524770317362,0.0004315524770317362,0.0004265216888334157,0.0004265216888334157,3.875496311529595e-06,3.875496311529595e-06,0.0008441370931569814,0.0008441370931569814,0.0004315524770317362,0.0004315524770317362,0.0004265216888334157,0.0004265216888334157,0.002652430333303831
Run_or_walk_information,ExtraTrees,8859,0.002147695508629922,0.02022570610150847,0.02022570610150847,0.0019393716003868594,0.0019393716003868594,0.0020970438938494105,0.0020970438938494105,0.002372962744277075,0.002372962744277075,0.0021364594128377816,0.0021364594128377816,0.01924408173642927,0.01924408173642927,0.018870826645443418,0.018870826645443418,0.020679909711213133,0.020679909711213133,0.019598272697695273,0.019598272697695273,0.01924408173642927,0.01924408173642927,0.018870826645443418,0.018870826645443418,0.020679909711213133,0.020679909711213133,0.019598272697695273,0.019598272697695273,0.002683680665844198
Run_or_walk_information,LightGBM,8859,0.00010954628564335039,0.0022700646441504158,0.0022700646441504158,0.0,-0.00041497881064654895,0.0,-0.00013511688608788418,0.0,-0.0003242163217117425,0.0,-0.0002914373394820586,0.0006972649697582882,0.0006972649697582882,0.0012755439138367674,0.0012755439138367674,0.0025300135259996174,0.0025300135259996174,0.0015009408031982242,0.0015009408031982242,0.0006972649697582882,0.0006972649697582882,0.0012755439138367674,0.0012755439138367674,0.0025300135259996174,0.0025300135259996174,0.0015009408031982242,0.0015009408031982242,0.002586721999250585
Run_or_walk_information,LinearModel,8859,0.046580505774797464,0.15507859029528043,0.15507859029528043,0.035978588166033054,0.035978588166033054,0.03831368706491098,0.03831368706491098,0.03837831144982214,0.03837831144982214,0.03755686222692206,0.03755686222692206,0.13675876951718316,0.13675876951718316,0.13806300582777778,0.13806300582777778,0.14099411575370302,0.14099411575370302,0.138605297032888,0.138605297032888,0.13675876951718316,0.13675876951718316,0.13806300582777778,0.13806300582777778,0.14099411575370302,0.14099411575370302,0.138605297032888,0.138605297032888,0.0028541943332432615
Run_or_walk_information,NeuralNetFastAI,8859,0.0001224129144028694,0.003099597334877249,0.003099597334877249,0.0,-0.0004120638310413528,0.0,-0.00027846206369155376,0.0,-0.00044111855930900384,0.0,-0.00037721481801397016,0.000967231376186287,0.000967231376186287,0.0018393055591152873,0.0018393055591152873,0.0005585964252874945,0.0005585964252874945,0.0011217111201963562,0.0011217111201963562,0.000967231376186287,0.000967231376186287,0.0018393055591152873,0.0018393055591152873,0.0005585964252874945,0.0005585964252874945,0.0011217111201963562,0.0011217111201963562,0.0026120140003816537
Run_or_walk_information,NeuralNetTorch,8859,7.932355281150218e-05,0.0019208274511967615,0.0019208274511967615,0.0,-0.0004190438623639392,0.0,-0.0002579224412797181,0.0,-0.00045810198276304936,0.0,-0.0003783560954689022,0.0,-0.0006988195832854099,0.001145251591547266,0.001145251591547266,0.0011608577316297407,0.0011608577316297407,0.0007687031077256689,0.0005357632466305323,0.0,-0.0006988195832854099,0.001145251591547266,0.001145251591547266,0.0011608577316297407,0.0011608577316297407,0.0007687031077256689,0.0005357632466305323,0.0028804723333450966
Run_or_walk_information,RandomForest,8859,0.0007853873470846317,0.010882730248931247,0.010882730248931247,0.0003274016272990666,0.0003274016272990666,0.0008360962915802987,0.0008360962915802987,0.000553440362174195,0.000553440362174195,0.0005723127603511868,0.0005723127603511868,0.009948833459649963,0.009948833459649963,0.011025397321612606,0.011025397321612606,0.010633035976887584,0.010633035976887584,0.01053575558605005,0.01053575558605005,0.009948833459649963,0.009948833459649963,0.011025397321612606,0.011025397321612606,0.010633035976887584,0.010633035976887584,0.01053575558605005,0.01053575558605005,0.0028002499990786114
Run_or_walk_information,XGBoost,8859,9.801705724564982e-06,0.0010685539641082551,0.0010685539641082551,0.0,-0.0003247816113537024,0.0,-8.391207670585492e-05,0.0,-0.0006999039169548049,0.0,-0.0003695325350047874,0.0009403590956699533,0.0009403590956699533,0.0024587905122884605,0.0024587905122884605,0.0009357245881597448,0.0009357245881597448,0.0014449580653727197,0.0014449580653727197,0.0009403590956699533,0.0009403590956699533,0.0024587905122884605,0.0024587905122884605,0.0009357245881597448,0.0009357245881597448,0.0014449580653727197,0.0014449580653727197,0.002685860999918077
adult,CatBoost,4885,0.0006152181577692995,0.01687512706217434,0.01687512706217434,0.0,-0.00020741258162320527,0.0,-0.00041855498195013304,0.0,-0.00030846279148301223,0.0,-0.0003114767850187835,0.007045974270407759,0.007045974270407759,0.006893071868622296,0.006893071868622296,0.00575905290163507,0.00575905290163507,0.006566033013555041,0.006566033013555041,0.007045974270407759,0.007045974270407759,0.006893071868622296,0.006893071868622296,0.00575905290163507,0.00575905290163507,0.006566033013555041,0.006566033013555041,0.002149361333673975
adult,ExtraTrees,4885,0.0011370991685457355,0.025229521107036034,0.025229521107036034,0.0007491620131670743,0.0007491620131670743,0.0006479738873277685,0.0006479738873277685,0.0,-0.0002503359958024245,0.0004657119668316142,0.00038226663489747273,0.030315705774932214,0.030315705774932214,0.01875557397141122,0.01875557397141122,0.01297045172035511,0.01297045172035511,0.02068057715556618,0.02068057715556618,0.030315705774932214,0.030315705774932214,0.01875557397141122,0.01875557397141122,0.01297045172035511,0.01297045172035511,0.02068057715556618,0.02068057715556618,0.002030111000446292
adult,LightGBM,4885,0.0004237835510739854,0.013610577703054249,0.013610577703054249,0.0,-0.0003521379665812179,0.0,-0.0005753608120882027,0.0,-0.0007830508577715642,0.0,-0.0005701832121469949,0.005450775450313411,0.005450775450313411,0.00796444127996417,0.00796444127996417,0.009175439614984252,0.009175439614984252,0.0075302187817539445,0.0075302187817539445,0.005450775450313411,0.005450775450313411,0.00796444127996417,0.00796444127996417,0.009175439614984252,0.009175439614984252,0.0075302187817539445,0.0075302187817539445,0.0018566250000731088
adult,LinearModel,4885,0.00027479023834166164,0.01382074661413434,0.01382074661413434,0.0,-0.0008253930052226616,0.0,-0.001404107794299332,0.0,-0.0007548810079596538,0.0,-0.0009947939358272157,0.0028417686618676984,0.0028417686618676984,0.004946276916769722,0.004946276916769722,0.0027165178017493695,0.0027165178017493695,0.0035015211267955967,0.0035015211267955967,0.0028417686618676984,0.0028417686618676984,0.004946276916769722,0.004946276916769722,0.0027165178017493695,0.0027165178017493695,0.0035015211267955967,0.0035015211267955967,0.0019626109994230014
adult,NeuralNetFastAI,4885,0.0007270421928356895,0.019435569401433525,0.019435569401433525,0.0,-2.3173045334646715e-05,0.0,-4.318067060252343e-05,0.0,-0.0001164789933561227,0.0,-6.094423643109761e-05,0.019843670078306487,0.019843670078306487,0.017932548978607247,0.017932548978607247,0.018380927629202737,0.018380927629202737,0.018719048895372157,0.018719048895372157,0.019843670078306487,0.019843670078306487,0.017932548978607247,0.017932548978607247,0.018380927629202737,0.018380927629202737,0.018719048895372157,0.018719048895372157,0.001817569334283083
adult,NeuralNetTorch,4885,0.0009504127682872356,0.020245912457373255,0.020245912457373255,0.0,-7.726179773635548e-05,0.0001303712194225603,0.0001303712194225603,0.0,-0.00027931645540957175,4.3457073140853435e-05,-7.540234457445565e-05,0.01232195296555568,0.01232195296555568,0.018010654671332116,0.018010654671332116,0.00843761843429092,0.00843761843429092,0.012923408690392907,0.012923408690392907,0.01232195296555568,0.01232195296555568,0.018010654671332116,0.018010654671332116,0.00843761843429092,0.00843761843429092,0.012923408690392907,0.012923408690392907,0.001812722332639775
adult,RandomForest,4885,0.0012868164993794738,0.026970672527330302,0.026970672527330302,0.0006897055577675321,0.0006897055577675321,0.0011880563676189215,0.0011880563676189215,0.00017199159723373694,0.00017199159723373694,0.0006832511742067303,0.0006832511742067303,0.021158719247483988,0.021158719247483988,0.030285166003542596,0.030285166003542596,0.021140647653006554,0.021140647653006554,0.024194844301344377,0.024194844301344377,0.021158719247483988,0.021158719247483988,0.030285166003542596,0.030285166003542596,0.021140647653006554,0.021140647653006554,0.024194844301344377,0.024194844301344377,0.0018208749994907218
adult,XGBoost,4885,0.0005345494552161558,0.016391190786140295,0.016391190786140295,0.0,-0.00026527692444683316,0.0,-0.00027797584399204305,0.0,-0.0002551869605794215,0.0,-0.0002661465763394326,0.00701672529756395,0.00701672529756395,0.011289029652190311,0.011289029652190311,0.007986178990236573,0.007986178990236573,0.008763977979996946,0.008763977979996946,0.00701672529756395,0.00701672529756395,0.011289029652190311,0.011289029652190311,0.007986178990236573,0.007986178990236573,0.008763977979996946,0.008763977979996946,0.0019613886664349898
ailerons,CatBoost,1375,0.00027630217784780714,0.011567778694020077,0.011567778694020077,0.0,-0.0029675570230787898,0.0,-0.005255034467120635,0.00010063729781820306,0.00010063729781820306,3.354576593940102e-05,-0.0027073180641270737,0.0,-0.012874577225143598,0.0,-0.004527856298002669,0.010458743645851924,0.010458743645851924,0.003486247881950641,-0.002314563292431448,0.0,-0.012874577225143598,0.0,-0.004527856298002669,0.010458743645851924,0.010458743645851924,0.003486247881950641,-0.002314563292431448,0.000887791667385803
ailerons,ExtraTrees,1375,0.0013176445909882613,0.0290793574283598,0.0290793574283598,0.0,-0.0011354418034741963,0.0,-0.0019083164598410294,0.0,-0.0015931362005373198,0.0,-0.0015456314879508486,0.012238486598806709,0.012238486598806709,0.015245335731263781,0.015245335731263781,0.01753825385939457,0.01753825385939457,0.015007358729821688,0.015007358729821688,0.012238486598806709,0.012238486598806709,0.015245335731263781,0.015245335731263781,0.01753825385939457,0.01753825385939457,0.015007358729821688,0.015007358729821688,0.0008620833335347319
ailerons,LightGBM,1375,0.00011693810695666074,0.008554613836744631,0.008554613836744631,0.0,-0.003276081096350357,0.0,-0.004107467149817641,0.0,-0.002908411390259524,0.0,-0.003430653212142507,0.0,-0.0032370037804781036,0.0,-0.006909379949369891,0.004620562131855298,0.004620562131855298,0.0015401873772850994,-0.0018419405326642322,0.0,-0.0032370037804781036,0.0,-0.006909379949369891,0.004620562131855298,0.004620562131855298,0.0015401873772850994,-0.0018419405326642322,0.0009143056668108329
ailerons,LinearModel,1375,0.0001836785291027428,0.010391804801025004,0.010391804801025004,0.0,-0.0026478934828233903,0.0,-0.0024137676627626584,0.0,-0.0011863816803544308,0.0,-0.00208268094198016,0.0,-0.002944184095429426,0.0,-0.004669193893078376,0.009324168648147448,0.009324168648147448,0.003108056216049149,0.000570263553213215,0.0,-0.002944184095429426,0.0,-0.004669193893078376,0.009324168648147448,0.009324168648147448,0.003108056216049149,0.000570263553213215,0.0008585139997497512
ailerons,NeuralNetFastAI,1375,0.0001645495308457295,0.009278845729904126,0.009278845729904126,0.0,-0.0030901885376004795,0.0,-0.0008550927692927685,0.0,-0.002724144528277764,0.0,-0.002223141945057004,0.0,-0.004671936683901963,0.011511941301006532,0.011511941301006532,0.0,-0.0005394404278593522,0.0038373137670021772,0.002100188063081739,0.0,-0.004671936683901963,0.011511941301006532,0.011511941301006532,0.0,-0.0005394404278593522,0.0038373137670021772,0.002100188063081739,0.0008598333333793562
ailerons,NeuralNetTorch,1375,0.0002283116865340639,0.010233639353312108,0.010233639353312108,0.0,-0.002714832395433207,0.0,-0.0029234646036669872,0.0,-0.002159265837212196,0.0,-0.00259918761210413,0.0,-0.0005225048044468911,0.0,-0.0066268926987196955,0.01201987263699729,0.01201987263699729,0.00400662421233243,0.0016234917112769008,0.0,-0.0005225048044468911,0.0,-0.0066268926987196955,0.01201987263699729,0.01201987263699729,0.00400662421233243,0.0016234917112769008,0.0008498056668031495
ailerons,RandomForest,1375,0.0006854447630043796,0.0203316415928791,0.0203316415928791,0.0,-0.000502548380569688,0.0,-0.0023629215932899467,0.0,-0.002201692520014673,0.0,-0.0016890541646247693,0.02196938374502034,0.02196938374502034,0.011041160704049452,0.011041160704049452,0.011350391355417246,0.011350391355417246,0.014786978601495679,0.014786978601495679,0.02196938374502034,0.02196938374502034,0.011041160704049452,0.011041160704049452,0.011350391355417246,0.011350391355417246,0.014786978601495679,0.014786978601495679,0.0008679723335565844
ailerons,XGBoost,1375,7.454605353151486e-05,0.0065705054893200705,0.0065705054893200705,0.0,-0.004645621534009303,0.0,-0.0017926310950798793,0.0,-0.0013194961997219006,0.0,-0.002585916276270361,0.0,-0.012029846603833985,0.0,-0.00178899909875525,0.0051055587896526875,0.0051055587896526875,0.001701852929884229,-0.0029044289709788487,0.0,-0.012029846603833985,0.0,-0.00178899909875525,0.0051055587896526875,0.0051055587896526875,0.001701852929884229,-0.0029044289709788487,0.0008517639992836242
bank-marketing,CatBoost,4522,0.0005132235775827006,0.01307845357417823,0.01307845357417823,1.8309155950564955e-05,1.8309155950564955e-05,0.0,-8.175492741356179e-05,0.0001688389181537492,0.0001688389181537492,6.238269136810472e-05,3.513104889691745e-05,0.004953376980546713,0.004953376980546713,0.007975532940005718,0.007975532940005718,0.013527470918872004,0.013527470918872004,0.008818793613141479,0.008818793613141479,0.004953376980546713,0.004953376980546713,0.007975532940005718,0.007975532940005718,0.013527470918872004,0.013527470918872004,0.008818793613141479,0.008818793613141479,0.001620235999628979
bank-marketing,ExtraTrees,4522,0.00027389379500799627,0.011776435399688001,0.011776435399688001,0.0,-0.0005785488360472994,0.0,-0.0007599164138924901,0.0,-0.0011233856183083502,0.0,-0.0008206169560827132,0.006272293069253126,0.006272293069253126,0.0018715096984040032,0.0018715096984040032,0.0,-0.0003774712279655275,0.0027146009225523762,0.0025887771798972004,0.006272293069253126,0.006272293069253126,0.0018715096984040032,0.0018715096984040032,0.0,-0.0003774712279655275,0.0027146009225523762,0.0025887771798972004,0.0016556526667651876
bank-marketing,LightGBM,4522,0.00020177039456570074,0.008544793628403111,0.008544793628403111,0.0,-0.0009773004892911865,0.0,-0.0010427295286804144,0.0,-0.0010505919164960644,0.0,-0.001023540644822555,0.0,-0.0007647367971194073,0.0027413726189452797,0.0027413726189452797,0.0007426289467890884,0.0007426289467890884,0.0011613338552447893,0.0009064215895383203,0.0,-0.0007647367971194073,0.0027413726189452797,0.0027413726189452797,0.0007426289467890884,0.0007426289467890884,0.0011613338552447893,0.0009064215895383203,0.001628083333343966
bank-marketing,LinearModel,4522,0.001231073646633584,0.01771170175477092,0.01771170175477092,0.00032853627827468263,0.00032853627827468263,4.998254460476235e-05,4.998254460476235e-05,0.0005551600008011667,0.0005551600008011667,0.0003112262745602039,0.0003112262745602039,0.012589977823819513,0.012589977823819513,0.009003115714013708,0.009003115714013708,0.011009847347512664,0.011009847347512664,0.010867646961781963,0.010867646961781963,0.012589977823819513,0.012589977823819513,0.009003115714013708,0.009003115714013708,0.011009847347512664,0.011009847347512664,0.010867646961781963,0.010867646961781963,0.00166294433317186
bank-marketing,NeuralNetFastAI,4522,0.0001663844076763581,0.006980738153360599,0.006980738153360599,0.0,-0.0008823609758740554,0.0,-0.0005793606902452988,0.0,-0.0013437604259101746,0.0,-0.0009351606973431762,0.007008571629555192,0.007008571629555192,0.0,-0.0007332186289051385,0.0,-0.0016961139386117425,0.002336190543185064,0.001526413020679437,0.007008571629555192,0.007008571629555192,0.0,-0.0007332186289051385,0.0,-0.0016961139386117425,0.002336190543185064,0.001526413020679437,0.0016513196666589163
bank-marketing,NeuralNetTorch,4522,0.0001924682271929433,0.006890143246673141,0.006890143246673141,0.0,-0.0007156772505805396,0.0,-0.00045474075946912146,0.0,-0.0008895608652613898,0.0,-0.0006866596251036836,0.005675341246668059,0.005675341246668059,0.004196029743178343,0.004196029743178343,0.0,-0.00024201822264623423,0.0032904569966154674,0.003209784255733389,0.005675341246668059,0.005675341246668059,0.004196029743178343,0.004196029743178343,0.0,-0.00024201822264623423,0.0032904569966154674,0.003209784255733389,0.0016318196673334266
bank-marketing,RandomForest,4522,0.0002454993245856833,0.011252096679536966,0.011252096679536966,0.0,-0.0003278443589170621,0.0,-0.0003695829814905128,0.0,-0.0007789001684764829,0.0,-0.0004921091696280192,0.011487634499334088,0.011487634499334088,0.004757101614310397,0.004757101614310397,0.004784843379735053,0.004784843379735053,0.0070098598311265125,0.0070098598311265125,0.011487634499334088,0.011487634499334088,0.004757101614310397,0.004757101614310397,0.004784843379735053,0.004784843379735053,0.0070098598311265125,0.0070098598311265125,0.0016236109998620425
bank-marketing,XGBoost,4522,0.00047387595942246255,0.011958409853437551,0.011958409853437551,0.0,-0.0007518000480313729,0.0,-3.9598478522689915e-06,0.0,-0.0006096212628467674,0.0,-0.0004551270529101364,0.00600345501134312,0.00600345501134312,0.003491228199831403,0.003491228199831403,0.010390052523075278,0.010390052523075278,0.0066282452447499335,0.0066282452447499335,0.00600345501134312,0.00600345501134312,0.003491228199831403,0.003491228199831403,0.010390052523075278,0.010390052523075278,0.0066282452447499335,0.0066282452447499335,0.0016283889999613166
delta_elevators,CatBoost,952,0.00020880514056423636,0.012558266367032505,0.012558266367032505,0.0,-0.0026396960125171474,0.0,-0.004065661872529098,0.0,-0.002135208925364343,0.0,-0.002946855603470196,0.009549813542809501,0.009549813542809501,0.0,-0.000496779613371962,0.0021637450139861975,0.0021637450139861975,0.0039045195189318996,0.003738926314474579,0.009549813542809501,0.009549813542809501,0.0,-0.000496779613371962,0.0021637450139861975,0.0021637450139861975,0.0039045195189318996,0.003738926314474579,0.0007345556659856811
delta_elevators,ExtraTrees,952,0.0034708040120754553,0.054296452067342404,0.054296452067342404,0.0,-0.00017442880680336144,0.0006870574785629204,0.0006870574785629204,0.0,-0.0008034488725423862,0.00022901915952097348,-9.694006692760907e-05,0.050925615602642485,0.050925615602642485,0.053729852290722316,0.053729852290722316,0.03141864391431181,0.03141864391431181,0.04535803726922554,0.04535803726922554,0.050925615602642485,0.050925615602642485,0.053729852290722316,0.053729852290722316,0.03141864391431181,0.03141864391431181,0.04535803726922554,0.04535803726922554,0.0007586109992795779
delta_elevators,LightGBM,952,0.00031472046437343364,0.016041899277503845,0.016041899277503845,0.0,-0.0013554884004478962,0.0,-0.004716753253068728,0.0,-0.0010827649838522477,0.0,-0.0023850022124562906,0.030032276750166564,0.030032276750166564,0.0,-0.006856938993300022,0.0073226213977601725,0.0073226213977601725,0.01245163271597558,0.010165986384875573,0.030032276750166564,0.030032276750166564,0.0,-0.006856938993300022,0.0073226213977601725,0.0073226213977601725,0.01245163271597558,0.010165986384875573,0.0008685693331547858
delta_elevators,LinearModel,952,0.0006587720091662157,0.01935168200737685,0.01935168200737685,0.0,-0.004175967467512419,0.0,-0.0013133318586379603,0.00018933761161970105,0.00018933761161970105,6.311253720656702e-05,-0.0017666539048435592,0.01655831671912495,0.01655831671912495,0.0009984363431376092,0.0009984363431376092,0.009028346302169239,0.009028346302169239,0.008861699788143933,0.008861699788143933,0.01655831671912495,0.01655831671912495,0.0009984363431376092,0.0009984363431376092,0.009028346302169239,0.009028346302169239,0.008861699788143933,0.008861699788143933,0.0008161946655794358
delta_elevators,NeuralNetFastAI,952,0.000379645069313219,0.01539118967758907,0.01539118967758907,0.0,-0.0030412610180262298,0.0,-0.0006926877478684341,0.0,-0.002563430498496198,0.0,-0.0020991264214636207,0.019701668787643067,0.019701668787643067,0.015690619194885142,0.015690619194885142,0.0072612255609951605,0.0072612255609951605,0.014217837847841122,0.014217837847841122,0.019701668787643067,0.019701668787643067,0.015690619194885142,0.015690619194885142,0.0072612255609951605,0.0072612255609951605,0.014217837847841122,0.014217837847841122,0.0007180416675206894
delta_elevators,NeuralNetTorch,952,0.00040540976264224343,0.016273342592552687,0.016273342592552687,0.0,-0.002215189409230659,0.0,-0.003239280423456896,0.0,-0.0005076675141795114,0.0,-0.0019873791156223555,0.022502588135940648,0.022502588135940648,0.005861014912678751,0.005861014912678751,0.018175886534648446,0.018175886534648446,0.015513163194422613,0.015513163194422613,0.022502588135940648,0.022502588135940648,0.005861014912678751,0.005861014912678751,0.018175886534648446,0.018175886534648446,0.015513163194422613,0.015513163194422613,0.0007430973322091935
delta_elevators,RandomForest,952,0.0011662909718192576,0.028698917492630326,0.028698917492630326,0.0,-0.008406637544244564,0.0,-0.002758572715003318,0.0,-0.00324305507385038,0.0,-0.004802755111032754,0.0,-0.00677842139097678,0.009663226245437796,0.009663226245437796,0.0002780902915303556,0.0002780902915303556,0.0033137721789893836,0.0010542983819971238,0.0,-0.00677842139097678,0.009663226245437796,0.009663226245437796,0.0002780902915303556,0.0002780902915303556,0.0033137721789893836,0.0010542983819971238,0.0007280693328842366
delta_elevators,XGBoost,952,0.00020807751953127272,0.013166452370370747,0.013166452370370747,0.0,-0.005888588245032755,0.0,-0.004467065535037308,0.0,-0.005335004926624505,0.0,-0.005230219568898189,0.0033537472298411854,0.0033537472298411854,0.0012441757817443523,0.0012441757817443523,0.0,-0.005151462323715159,0.001532641003861846,-0.00018451310404320707,0.0033537472298411854,0.0033537472298411854,0.0012441757817443523,0.0012441757817443523,0.0,-0.005151462323715159,0.001532641003861846,-0.00018451310404320707,0.0008854723334176621
eeg-eye-state,CatBoost,1498,0.0006470860356479212,0.010574178733270599,0.010574178733270599,0.0,-0.00071943602410703,0.0,-0.000341172969969477,0.0,-0.0026730744444862188,0.0,-0.0012445611461875752,0.0082856747398917,0.0082856747398917,0.004703135038723852,0.004703135038723852,0.00041985516405716245,0.00041985516405716245,0.004469554980890905,0.004469554980890905,0.0082856747398917,0.0082856747398917,0.004703135038723852,0.004703135038723852,0.00041985516405716245,0.00041985516405716245,0.004469554980890905,0.004469554980890905,0.0009272083334508352
eeg-eye-state,ExtraTrees,1498,0.025988050043628134,0.1408774455347409,0.1408774455347409,0.02499905695394937,0.02499905695394937,0.02500867101346736,0.02500867101346736,0.023277193753146755,0.023277193753146755,0.024428307240187828,0.024428307240187828,0.13632843831370028,0.13632843831370028,0.13602136222655586,0.13602136222655586,0.1368402317259585,0.1368402317259585,0.13639667742207154,0.13639667742207154,0.13632843831370028,0.13632843831370028,0.13602136222655586,0.13602136222655586,0.1368402317259585,0.1368402317259585,0.13639667742207154,0.13639667742207154,0.0009089026668031389
eeg-eye-state,LightGBM,1498,0.0003252814603870711,0.007621748294114375,0.007621748294114375,0.0,-0.00040407118113002953,0.0,-0.0011033388391028067,0.0,-0.0017447277256676381,0.0,-0.0010840459153001582,0.00744165162878299,0.00744165162878299,0.0,-0.0005091047822117898,0.0,-0.002088720676484136,0.002480550542927663,0.0016146087233623544,0.00744165162878299,0.00744165162878299,0.0,-0.0005091047822117898,0.0,-0.002088720676484136,0.002480550542927663,0.0016146087233623544,0.0009002916655542018
eeg-eye-state,LinearModel,1498,0.001906843841220247,0.034798441667082375,0.034798441667082375,0.00020529976155277572,0.00020529976155277572,0.0,-0.0012183721311276729,0.0,-0.0012915805114586023,6.843325385092524e-05,-0.0007682176270111665,0.01696595349143917,0.01696595349143917,0.019399474898430313,0.019399474898430313,0.007225540002810462,0.007225540002810462,0.014530322797559982,0.014530322797559982,0.01696595349143917,0.01696595349143917,0.019399474898430313,0.019399474898430313,0.007225540002810462,0.007225540002810462,0.014530322797559982,0.014530322797559982,0.0009291806672990788
eeg-eye-state,NeuralNetFastAI,1498,0.00014542071119450184,0.008729747439853074,0.008729747439853074,0.0,-0.0012280792729453189,0.0,-0.0014472324846783065,0.0,-0.0007799018704554491,0.0,-0.0011517378760263581,0.0068119720537812315,0.0068119720537812315,0.015745718128175955,0.015745718128175955,0.018823205834398858,0.018823205834398858,0.013793632005452014,0.013793632005452014,0.0068119720537812315,0.0068119720537812315,0.015745718128175955,0.015745718128175955,0.018823205834398858,0.018823205834398858,0.013793632005452014,0.013793632005452014,0.000903374999325024
eeg-eye-state,NeuralNetTorch,1498,0.00032580937256434893,0.00407839503036282,0.00407839503036282,0.0,-0.003176364724842378,0.0,-0.005694181107149621,0.0,-0.0005844268846611286,0.0,-0.0031516575722177094,0.0009553797361794107,0.0009553797361794107,0.0,-0.0033884551849961025,0.0010938370677943442,0.0010938370677943442,0.0006830722679912518,-0.00044641279367411594,0.0009553797361794107,0.0009553797361794107,0.0,-0.0033884551849961025,0.0010938370677943442,0.0010938370677943442,0.0006830722679912518,-0.00044641279367411594,0.0009127083333927052
eeg-eye-state,RandomForest,1498,0.02405895088331239,0.1358734397884756,0.1358734397884756,0.026742582905669308,0.026742582905669308,0.024166295696702565,0.024166295696702565,0.021964556393723054,0.021964556393723054,0.02429114499869831,0.02429114499869831,0.136789052528037,0.136789052528037,0.1358589234389489,0.1358589234389489,0.1349421455913431,0.1349421455913431,0.13586337385277633,0.13586337385277633,0.136789052528037,0.136789052528037,0.1358589234389489,0.1358589234389489,0.1349421455913431,0.1349421455913431,0.13586337385277633,0.13586337385277633,0.0009390973330785831
eeg-eye-state,XGBoost,1498,0.0003079101549047496,0.00688104010978535,0.00688104010978535,0.0,-0.002581878938586368,0.0,-0.0030656405241501483,0.0,-0.002462077933367963,0.0,-0.002703199132034826,0.0,-0.003086130624646721,0.0,-0.0026007381917928824,0.0,-0.008287513546513605,0.0,-0.004658127454317736,0.0,-0.003086130624646721,0.0,-0.0026007381917928824,0.0,-0.008287513546513605,0.0,-0.004658127454317736,0.0008500280006652853
electricity,CatBoost,4532,0.00010843761911822794,0.004937411736887804,0.004937411736887804,0.0,-0.0008750906806075171,0.0,-0.0007171469047677053,0.0,-0.0007073278290416116,0.0,-0.0007665218048056114,0.001494145107546114,0.001494145107546114,0.001546508589633846,0.001546508589633846,0.005553875589686681,0.005553875589686681,0.002864843095622214,0.002864843095622214,0.001494145107546114,0.001494145107546114,0.001546508589633846,0.001546508589633846,0.005553875589686681,0.005553875589686681,0.002864843095622214,0.002864843095622214,0.0016582359991540823
electricity,ExtraTrees,4532,0.007086258880093106,0.06942670523509689,0.06942670523509689,0.006649785322184378,0.006649785322184378,0.006882517369032538,0.006882517369032538,0.005707215772090802,0.005707215772090802,0.006413172821102573,0.006413172821102573,0.07171079672436129,0.07171079672436129,0.0698425997578188,0.0698425997578188,0.06375845739178586,0.06375845739178586,0.06843728462465531,0.06843728462465531,0.07171079672436129,0.07171079672436129,0.0698425997578188,0.0698425997578188,0.06375845739178586,0.06375845739178586,0.06843728462465531,0.06843728462465531,0.0017334030004955518
electricity,LightGBM,4532,0.00012710323371788613,0.005676105174072797,0.005676105174072797,0.0,-0.0006340663024085012,0.0,-0.00183437509175642,0.0,-0.00149680131739242,0.0,-0.0013217475705191138,0.0,-0.00027959242983565486,0.0,-0.003667285277863775,0.0,-0.0033429145080355327,0.0,-0.0024299307385783207,0.0,-0.00027959242983565486,0.0,-0.003667285277863775,0.0,-0.0033429145080355327,0.0,-0.0024299307385783207,0.001774916666666589
electricity,LinearModel,4532,0.0004035558214285251,0.017008395915046364,0.017008395915046364,3.0351516293703412e-05,3.0351516293703412e-05,0.0,-0.0013711926182888854,0.0,-0.0012928383542708717,1.0117172097901137e-05,-0.0008778931520886845,0.024686722246517873,0.024686722246517873,0.002059531210817825,0.002059531210817825,0.001381305506402468,0.001381305506402468,0.009375852987912723,0.009375852987912723,0.024686722246517873,0.024686722246517873,0.002059531210817825,0.002059531210817825,0.001381305506402468,0.001381305506402468,0.009375852987912723,0.009375852987912723,0.0018223749999985255
electricity,NeuralNetFastAI,4532,0.00033354277197180797,0.012777430792358987,0.012777430792358987,0.0,-0.00020625894671898507,0.0,-0.000297412150522755,0.0,-0.0012419811335806186,0.0,-0.0005818840769407863,0.007150978917659712,0.007150978917659712,0.012153211853162902,0.012153211853162902,0.0,-0.0010982678829068917,0.006434730256940871,0.006068640962638573,0.007150978917659712,0.007150978917659712,0.012153211853162902,0.012153211853162902,0.0,-0.0010982678829068917,0.006434730256940871,0.006068640962638573,0.0017264166672248393
electricity,NeuralNetTorch,4532,0.0002008343004878142,0.012690960519868476,0.012690960519868476,0.0,-0.0011601651592317453,0.0,-0.0006067385728158995,0.0,-0.0011213676441457598,0.0,-0.0009627571253978017,0.005332761098238911,0.005332761098238911,0.006327024012597165,0.006327024012597165,0.003361433903224195,0.003361433903224195,0.005007073004686757,0.005007073004686757,0.005332761098238911,0.005332761098238911,0.006327024012597165,0.006327024012597165,0.003361433903224195,0.003361433903224195,0.005007073004686757,0.005007073004686757,0.003267472333391197
electricity,RandomForest,4532,0.004441776453166886,0.0496580173616181,0.0496580173616181,0.00312924557607528,0.00312924557607528,0.003452994084110283,0.003452994084110283,0.002797919889913098,0.002797919889913098,0.0031267198500328866,0.0031267198500328866,0.04439099630312575,0.04439099630312575,0.04459841029247103,0.04459841029247103,0.04205501541511352,0.04205501541511352,0.04368147400357011,0.04368147400357011,0.04439099630312575,0.04439099630312575,0.04459841029247103,0.04459841029247103,0.04205501541511352,0.04205501541511352,0.04368147400357011,0.04368147400357011,0.004356721999405029
electricity,XGBoost,4532,4.8861021365858896e-05,0.0031008525334646356,0.0031008525334646356,0.0,-0.0008619435058805425,0.0,-0.001196104185362875,0.0,-0.001575728091476673,0.0,-0.0012112585942400302,0.0003162410274470198,0.0003162410274470198,0.0033118971903616876,0.0033118971903616876,0.0,-0.001224353275461566,0.0012093794059362358,0.0008012616474490471,0.0003162410274470198,0.0003162410274470198,0.0033118971903616876,0.0033118971903616876,0.0,-0.001224353275461566,0.0012093794059362358,0.0008012616474490471,0.003399416666070465
fried,CatBoost,4077,0.001154454166467346,0.022346031385042747,0.022346031385042747,0.0010073893877929913,0.0010073893877929913,0.00021254579516214397,0.00021254579516214397,4.506177571415967e-06,4.506177571415967e-06,0.0004081471201755171,0.0004081471201755171,0.025676870670288378,0.025676870670288378,0.015887207723207408,0.015887207723207408,0.021016431782788468,0.021016431782788468,0.020860170058761413,0.020860170058761413,0.025676870670288378,0.025676870670288378,0.015887207723207408,0.015887207723207408,0.021016431782788468,0.021016431782788468,0.020860170058761413,0.020860170058761413,0.001930527666748579
fried,ExtraTrees,4077,0.006903059541016786,0.06332892553083012,0.06332892553083012,0.006428366816651214,0.006428366816651214,0.005323779296454364,0.005323779296454364,0.0060874421819100966,0.0060874421819100966,0.005946529431671892,0.005946529431671892,0.06745319137978373,0.06745319137978373,0.059929685559907735,0.059929685559907735,0.06517537314020351,0.06517537314020351,0.064186083359965,0.064186083359965,0.06745319137978373,0.06745319137978373,0.059929685559907735,0.059929685559907735,0.06517537314020351,0.06517537314020351,0.064186083359965,0.064186083359965,0.0016122359993460122
fried,LightGBM,4077,0.00026798282706437396,0.010261553242490265,0.010261553242490265,0.0,-0.00038826527611740655,0.0,-0.0005542604730344397,0.0,-0.0010851450687682884,0.0,-0.0006758902726400449,0.005880404544818342,0.005880404544818342,0.005676988948781435,0.005676988948781435,0.0018307154527345668,0.0018307154527345668,0.004462702982111448,0.004462702982111448,0.005880404544818342,0.005880404544818342,0.005676988948781435,0.005676988948781435,0.0018307154527345668,0.0018307154527345668,0.004462702982111448,0.004462702982111448,0.0015667220007647604
fried,LinearModel,4077,0.001254826499521398,0.029152005908696158,0.029152005908696158,0.00010111372433579278,0.00010111372433579278,0.0,-3.6983684277890964e-05,0.0004535460672426451,0.0004535460672426451,0.00018488659719281264,0.00017255870243351563,0.022371444490799378,0.022371444490799378,0.015582024614916413,0.015582024614916413,0.02626854120400062,0.02626854120400062,0.021407336769905472,0.021407336769905472,0.022371444490799378,0.022371444490799378,0.015582024614916413,0.015582024614916413,0.02626854120400062,0.02626854120400062,0.021407336769905472,0.021407336769905472,0.0016047223325585946
fried,NeuralNetFastAI,4077,0.00012129928235200947,0.007206099160809135,0.007206099160809135,0.0,-0.0006898791542989861,0.0,-0.0014668658529924997,0.0,-0.0005720298576975458,0.0,-0.0009095916216630105,0.007098781497340829,0.007098781497340829,0.0,-0.00038351415263488634,0.009501470788393404,0.009501470788393404,0.005533417428578078,0.005405579377699782,0.007098781497340829,0.007098781497340829,0.0,-0.00038351415263488634,0.009501470788393404,0.009501470788393404,0.005533417428578078,0.005405579377699782,0.0016170000005028367
fried,NeuralNetTorch,4077,0.0007219724496050008,0.01778407569967757,0.01778407569967757,0.0003268108860729144,0.0003268108860729144,0.0,-0.0006768166446822977,0.00017002844029071393,0.00017002844029071393,0.0001656131087878761,-5.999243943955645e-05,0.016654114340436076,0.016654114340436076,0.0117214122638383,0.0117214122638383,0.014999186754305881,0.014999186754305881,0.01445823778619342,0.01445823778619342,0.016654114340436076,0.016654114340436076,0.0117214122638383,0.0117214122638383,0.014999186754305881,0.014999186754305881,0.01445823778619342,0.01445823778619342,0.0015819723327391937
fried,RandomForest,4077,0.0036032137281073865,0.04565656378096693,0.04565656378096693,0.002459848955220458,0.002459848955220458,0.0026184407511496,0.0026184407511496,0.002502364198282462,0.002502364198282462,0.002526884634884173,0.002526884634884173,0.03981696498908621,0.03981696498908621,0.04250505814153724,0.04250505814153724,0.04604526190793201,0.04604526190793201,0.04278909501285182,0.04278909501285182,0.03981696498908621,0.03981696498908621,0.04250505814153724,0.04250505814153724,0.04604526190793201,0.04604526190793201,0.04278909501285182,0.04278909501285182,0.0015750000008362501
fried,XGBoost,4077,0.0002778545380507471,0.010808944365157695,0.010808944365157695,0.0,-0.0006010349841866479,0.0,-0.0007106773317122586,0.0,-0.00037596912625008084,0.0,-0.0005625604807163291,0.005212919483579014,0.005212919483579014,0.011194521377028312,0.011194521377028312,0.011154454002289378,0.011154454002289378,0.009187298287632236,0.009187298287632236,0.005212919483579014,0.005212919483579014,0.011194521377028312,0.011194521377028312,0.011154454002289378,0.011154454002289378,0.009187298287632236,0.009187298287632236,0.0015638193326594774
houses,CatBoost,2064,1.4204701228638996e-05,0.001192008610834639,0.001192008610834639,0.0,-0.0027184952554474453,0.0,-0.003907079218458991,0.0,-0.0009311685434618015,0.0,-0.002518914339122746,0.0014149724608170462,0.0014149724608170462,0.0,-0.0017301221407547548,0.0037718206493420523,0.0037718206493420523,0.0017289310367196995,0.0011522236564681144,0.0014149724608170462,0.0014149724608170462,0.0,-0.0017301221407547548,0.0037718206493420523,0.0037718206493420523,0.0017289310367196995,0.0011522236564681144,0.000984110999221836
houses,ExtraTrees,2064,0.00037951987919955944,0.007923446218264624,0.007923446218264624,0.0,-0.0009103812338680367,0.0,-0.0016156324486328087,0.0,-0.0017890280094676953,0.0,-0.0014383472306561803,0.006563307085280242,0.006563307085280242,0.004144057114843221,0.004144057114843221,0.0031395344918254443,0.0031395344918254443,0.004615632897316303,0.004615632897316303,0.006563307085280242,0.006563307085280242,0.004144057114843221,0.004144057114843221,0.0031395344918254443,0.0031395344918254443,0.004615632897316303,0.004615632897316303,0.0010200000009111438
houses,LightGBM,2064,1.3250593926179e-05,0.000957850827254587,0.000957850827254587,0.0,-0.001462042510743306,0.0,-0.004009197956784239,0.0,-0.0007996223019116493,0.0,-0.002090287589813065,0.00477521058509544,0.00477521058509544,0.0,-0.002318534239794087,0.0017699310768304797,0.0017699310768304797,0.00218171388730864,0.001408869140710611,0.00477521058509544,0.00477521058509544,0.0,-0.002318534239794087,0.0017699310768304797,0.0017699310768304797,0.00218171388730864,0.001408869140710611,0.0010414026667907212
houses,LinearModel,2064,0.001905403901629658,0.018221830937356798,0.018221830937356798,0.0,-0.0017043772352451235,0.0,-0.0021057704309066566,0.0,-0.0018010969179848007,0.0,-0.0018704148613788603,0.0019566077319568154,0.0019566077319568154,0.0,-0.0041359450170645245,0.004141403364160784,0.004141403364160784,0.0020326703653725333,0.000654022026351025,0.0019566077319568154,0.0019566077319568154,0.0,-0.0041359450170645245,0.004141403364160784,0.004141403364160784,0.0020326703653725333,0.000654022026351025,0.001005958332825685
houses,NeuralNetFastAI,2064,5.755704362879802e-05,0.0019120419770464242,0.0019120419770464242,0.0,-0.0023492476925543837,0.0,-0.0025084502243419016,0.0,-0.002097984607264461,0.0,-0.0023185608413869158,0.0001301824643306947,0.0001301824643306947,0.0,-0.004690938858777895,0.0,-0.0027223310753979576,4.339415477689823e-05,-0.002427695823281719,0.0001301824643306947,0.0001301824643306947,0.0,-0.004690938858777895,0.0,-0.0027223310753979576,4.339415477689823e-05,-0.002427695823281719,0.0011105416670034174
houses,NeuralNetTorch,2064,0.000413800447970954,0.006170077965516859,0.006170077965516859,0.0,-0.0004220210375519337,0.0,-0.0009770653638454412,0.0,-0.00028875612381638763,0.0,-0.0005626141750712542,0.0017610476875392328,0.0017610476875392328,0.005509142576354178,0.005509142576354178,0.006958693051884046,0.006958693051884046,0.0047429611052591525,0.0047429611052591525,0.0017610476875392328,0.0017610476875392328,0.005509142576354178,0.005509142576354178,0.006958693051884046,0.006958693051884046,0.0047429611052591525,0.0047429611052591525,0.0009596386674578147
houses,RandomForest,2064,0.0002291509747290798,0.005750992408290283,0.005750992408290283,0.0,-0.0004877396335587688,0.0,-0.0017641087455843414,0.0,-0.0015117535600482077,0.0,-0.0012545339797304393,0.0057081825061757185,0.0057081825061757185,0.0012338496894664095,0.0012338496894664095,0.003548574627917657,0.003548574627917657,0.0034968689411865954,0.0034968689411865954,0.0057081825061757185,0.0057081825061757185,0.0012338496894664095,0.0012338496894664095,0.003548574627917657,0.003548574627917657,0.0034968689411865954,0.0034968689411865954,0.0010063473321982503
houses,XGBoost,2064,1.4119616642225715e-05,0.001111732412486931,0.001111732412486931,0.0,-8.456438974027842e-05,0.0,-0.0005635183428429718,0.0,-0.0013733266834502341,0.0,-0.0006738031386778282,0.0013551100464042065,0.0013551100464042065,0.0016913636450437987,0.0016913636450437987,0.006174391553761166,0.006174391553761166,0.003073621748403057,0.003073621748403057,0.0013551100464042065,0.0013551100464042065,0.0016913636450437987,0.0016913636450437987,0.006174391553761166,0.006174391553761166,0.003073621748403057,0.003073621748403057,0.001019235999895803
jm1,CatBoost,1089,0.0004593651716264114,0.016492085288474602,0.016492085288474602,0.0,-0.002421871110790822,0.0,-0.003183318571843826,0.0,-0.005620257655300993,0.0,-0.00374181577931188,0.005319397982049142,0.005319397982049142,0.007072437729060486,0.007072437729060486,0.0,-0.0005786049601350825,0.004130611903703209,0.003937743583658181,0.005319397982049142,0.005319397982049142,0.007072437729060486,0.007072437729060486,0.0,-0.0005786049601350825,0.004130611903703209,0.003937743583658181,0.0008000696676996691
jm1,ExtraTrees,1089,0.0010491897673640903,0.02842682492911783,0.02842682492911783,0.0,-0.0007524067933241939,0.0,-0.003984911540130986,0.0,-0.004548620578564294,0.0,-0.003095312970673158,0.02522845563071047,0.02522845563071047,0.0,-0.003459000343760891,0.006338870160153804,0.006338870160153804,0.010522441930288092,0.009369441815701127,0.02522845563071047,0.02522845563071047,0.0,-0.003459000343760891,0.006338870160153804,0.006338870160153804,0.010522441930288092,0.009369441815701127,0.0008059583342401311
jm1,LightGBM,1089,0.0002128138158242075,0.013651963000085728,0.013651963000085728,0.0,-0.0018879495182998014,0.0,-0.002002276538968706,0.0,-0.0039003766649346795,0.0,-0.0025968675740677288,0.02053084177939141,0.02053084177939141,0.009858941777350161,0.009858941777350161,0.0,-0.004493597645185977,0.010129927852247192,0.008632061970518532,0.02053084177939141,0.02053084177939141,0.009858941777350161,0.009858941777350161,0.0,-0.004493597645185977,0.010129927852247192,0.008632061970518532,0.000756305666679206
jm1,LinearModel,1089,0.0004755464473911734,0.01843881275491144,0.01843881275491144,0.0,-0.0006016411271583178,0.0,-0.0011218578466758657,0.0,-0.0031770090121465396,0.0,-0.001633502661993574,0.022033837232208503,0.022033837232208503,0.004414576704419732,0.004414576704419732,0.007099164496761763,0.007099164496761763,0.011182526144463334,0.011182526144463334,0.022033837232208503,0.022033837232208503,0.004414576704419732,0.004414576704419732,0.007099164496761763,0.007099164496761763,0.011182526144463334,0.011182526144463334,0.0007919859999674372
jm1,NeuralNetFastAI,1089,0.0008481313064926765,0.019026765100404797,0.019026765100404797,0.0,-0.0023605563943432223,0.0,-0.0012400145245229036,0.0,-0.0020099651859508193,0.0,-0.0018701787016056485,0.006605223637105019,0.006605223637105019,0.005181816739224315,0.005181816739224315,0.018475021816331712,0.018475021816331712,0.01008735406422035,0.01008735406422035,0.006605223637105019,0.006605223637105019,0.005181816739224315,0.005181816739224315,0.018475021816331712,0.018475021816331712,0.01008735406422035,0.01008735406422035,0.0008142780000828983
jm1,NeuralNetTorch,1089,0.0005744025831623151,0.021173878675078694,0.021173878675078694,0.0,-0.002478398947303354,0.0,-0.00036399965919867063,0.0,-0.00433996402489016,0.0,-0.0023941208771307283,0.00432831066197915,0.00432831066197915,0.014835254009128903,0.014835254009128903,0.0,-0.009206387402080992,0.00638785489036935,0.0033190590896756867,0.00432831066197915,0.00432831066197915,0.014835254009128903,0.014835254009128903,0.0,-0.009206387402080992,0.00638785489036935,0.0033190590896756867,0.0007672083338547964
jm1,RandomForest,1089,0.0009024565193582983,0.02430348862947116,0.02430348862947116,0.0,-0.0013980584754505526,0.0,-0.004644520564923052,0.0,-0.003467385921851199,0.0,-0.0031699883207416016,0.014089516915059825,0.014089516915059825,0.0,-0.022593018937250044,0.0033012914599716506,0.0033012914599716506,0.0057969361250104915,-0.0017340701874061896,0.014089516915059825,0.014089516915059825,0.0,-0.022593018937250044,0.0033012914599716506,0.0033012914599716506,0.0057969361250104915,-0.0017340701874061896,0.0007674446666593818
jm1,XGBoost,1089,0.00032598756892539385,0.015437645146655752,0.015437645146655752,0.0,-0.003708978996954346,0.0,-0.002663575953805513,0.0,-0.005724803983749645,0.0,-0.004032452978169835,0.011365635217919166,0.011365635217919166,0.027903535424691477,0.027903535424691477,0.0,-0.03233835893564262,0.013089723547536881,0.0023102705689893427,0.011365635217919166,0.011365635217919166,0.027903535424691477,0.027903535424691477,0.0,-0.03233835893564262,0.013089723547536881,0.0023102705689893427,0.000838388999303182
kdd_internet_usage,CatBoost,1011,0.00011989314943202964,0.008030440630033128,0.008030440630033128,0.0,-0.0026593009173124828,0.0026728140156057458,0.0026728140156057458,0.0,-0.004127042798030356,0.0008909380052019153,-0.001371176566579031,0.01237734999453776,0.01237734999453776,0.02728151025894926,0.02728151025894926,0.0064758848748745585,0.0064758848748745585,0.015378248376120526,0.015378248376120526,0.01237734999453776,0.01237734999453776,0.02728151025894926,0.02728151025894926,0.0064758848748745585,0.0064758848748745585,0.015378248376120526,0.015378248376120526,0.0007436110002648396
kdd_internet_usage,ExtraTrees,1011,0.002305234841809879,0.034895905272840685,0.034895905272840685,0.0,-0.0024040256162791633,0.0006966092616659535,0.0006966092616659535,0.00148484094506138,0.00148484094506138,0.0007271500689091111,-7.419180318394326e-05,0.01941284103165959,0.01941284103165959,0.03680063875808169,0.03680063875808169,0.052660364052951526,0.052660364052951526,0.0362912812808976,0.0362912812808976,0.01941284103165959,0.01941284103165959,0.03680063875808169,0.03680063875808169,0.052660364052951526,0.052660364052951526,0.0362912812808976,0.0362912812808976,0.0007269999999455953
kdd_internet_usage,LightGBM,1011,0.00019709012292062653,0.011555293486926854,0.011555293486926854,0.0,-0.004299033979158635,0.0,-0.0016192454759939832,0.0,-0.0054668246052735295,0.0,-0.0037950346868087154,0.0,-0.002997787352872443,0.013830674861481323,0.013830674861481323,0.0,-0.009494738444192179,0.004610224953827108,0.0004460496881389005,0.0,-0.002997787352872443,0.013830674861481323,0.013830674861481323,0.0,-0.009494738444192179,0.004610224953827108,0.0004460496881389005,0.0007472640002864258
kdd_internet_usage,LinearModel,1011,0.0005205022132861698,0.013718643449135908,0.013718643449135908,0.0,-0.00812626581454347,0.0,-0.002585437982036712,0.0,-0.0025047901093471817,0.0,-0.004405497968642455,0.0,-0.02119289513129294,0.0,-0.004182176356546047,0.0038238213714171013,0.0038238213714171013,0.0012746071238057004,-0.007183750038807297,0.0,-0.02119289513129294,0.0,-0.004182176356546047,0.0038238213714171013,0.0038238213714171013,0.0012746071238057004,-0.007183750038807297,0.0008502776666621988
kdd_internet_usage,NeuralNetFastAI,1011,0.0006063670016805417,0.013139750460642008,0.013139750460642008,0.0,-0.006344953094306749,0.0,-0.004028906382734275,0.0,-0.001759407147957706,0.0,-0.00404442220833291,0.005194285776374934,0.005194285776374934,0.0055301033494013895,0.0055301033494013895,0.004370595713682163,0.004370595713682163,0.0050316616131528295,0.0050316616131528295,0.005194285776374934,0.005194285776374934,0.0055301033494013895,0.0055301033494013895,0.004370595713682163,0.004370595713682163,0.0050316616131528295,0.0050316616131528295,0.0007385833329559924
kdd_internet_usage,NeuralNetTorch,1011,0.0004818589126725466,0.01775397100298975,0.01775397100298975,0.0,-0.003506020647161032,0.0,-0.0027955011505154184,0.0,-0.0025776085882268525,0.0,-0.002959710128634434,0.0032314877753522758,0.0032314877753522758,0.02253429125280522,0.02253429125280522,0.02040133729939092,0.02040133729939092,0.01538903877584947,0.01538903877584947,0.0032314877753522758,0.0032314877753522758,0.02253429125280522,0.02253429125280522,0.02040133729939092,0.02040133729939092,0.01538903877584947,0.01538903877584947,0.0007376390009691628
kdd_internet_usage,RandomForest,1011,0.0014103647049324539,0.026669656403356303,0.026669656403356303,0.0,-0.0004904701016748734,0.0,-0.003193027027676008,0.0,-0.0005323084013933583,0.0,-0.00140526851024808,0.025067808518428485,0.025067808518428485,0.008007865363771592,0.008007865363771592,0.022219332264488495,0.022219332264488495,0.018431668715562857,0.018431668715562857,0.025067808518428485,0.025067808518428485,0.008007865363771592,0.008007865363771592,0.022219332264488495,0.022219332264488495,0.018431668715562857,0.018431668715562857,0.0007921110009192489
kdd_internet_usage,XGBoost,1011,0.0002602774634580257,0.011638285660769415,0.011638285660769415,0.0,-0.00337920600949208,0.0,-0.003699170800560152,4.416275449243553e-05,4.416275449243553e-05,1.4720918164145177e-05,-0.002344738018519932,0.0,-0.005034447493677375,0.0020140764561668773,0.0020140764561668773,0.02334587946250891,0.02334587946250891,0.008453318639558597,0.0067751694749994705,0.0,-0.005034447493677375,0.0020140764561668773,0.0020140764561668773,0.02334587946250891,0.02334587946250891,0.008453318639558597,0.0067751694749994705,0.0007934859992625812
kick,CatBoost,7299,0.0003284324724235084,0.01568537063988908,0.01568537063988908,0.0,-0.00023582313901246058,0.0,-0.000550470954861409,0.0,-0.0006975418313026046,0.0,-0.0004946119750588247,0.005961144240782306,0.005961144240782306,0.01076442662369144,0.01076442662369144,0.006908451040820357,0.006908451040820357,0.007878007301764701,0.007878007301764701,0.005961144240782306,0.005961144240782306,0.01076442662369144,0.01076442662369144,0.006908451040820357,0.006908451040820357,0.007878007301764701,0.007878007301764701,0.002438278000530166
kick,ExtraTrees,7299,0.0007693803283363651,0.022206391086151307,0.022206391086151307,0.0,-3.2765778676664986e-05,0.00016872569991337207,0.00016872569991337207,0.00017481666449289542,0.00017481666449289542,0.00011451412146875583,0.00010359219524320085,0.01723824937379529,0.01723824937379529,0.02180966720091822,0.02180966720091822,0.013791772901287542,0.013791772901287542,0.017613229825333684,0.017613229825333684,0.01723824937379529,0.01723824937379529,0.02180966720091822,0.02180966720091822,0.013791772901287542,0.013791772901287542,0.017613229825333684,0.017613229825333684,0.002369235999746403
kick,LightGBM,7299,0.000758403691047608,0.0190159195066514,0.0190159195066514,0.00046915556731431116,0.00046915556731431116,0.0004132884915696138,0.0004132884915696138,0.0001754720371327395,0.0001754720371327395,0.00035263869867222143,0.00035263869867222143,0.016857461543524837,0.016857461543524837,0.0189131111979555,0.0189131111979555,0.010356392317703795,0.010356392317703795,0.015375655019728042,0.015375655019728042,0.016857461543524837,0.016857461543524837,0.0189131111979555,0.0189131111979555,0.010356392317703795,0.010356392317703795,0.015375655019728042,0.015375655019728042,0.002422791666807219
kick,LinearModel,7299,0.0005939979673438714,0.01760061161563192,0.01760061161563192,0.0,-0.00038629918933080765,0.00034553277747066376,0.00034553277747066376,0.0003931919194651635,0.0003931919194651635,0.00024624156564527575,0.0001174751692016732,0.011832397551442175,0.011832397551442175,0.0165623683970431,0.0165623683970431,0.015173824144309,0.015173824144309,0.01452286336426476,0.01452286336426476,0.011832397551442175,0.011832397551442175,0.0165623683970431,0.0165623683970431,0.015173824144309,0.015173824144309,0.01452286336426476,0.01452286336426476,0.002399124999404497
kick,NeuralNetFastAI,7299,0.0005771733416787403,0.017684241476468614,0.017684241476468614,0.0001364337791961517,0.0001364337791961517,0.0,-0.00042473739109287695,0.000403282494937966,0.000403282494937966,0.00017990542471137258,3.832629434708026e-05,0.017285895490796108,0.017285895490796108,0.012947592679319303,0.012947592679319303,0.01747059980575784,0.01747059980575784,0.015901362658624418,0.015901362658624418,0.017285895490796108,0.017285895490796108,0.012947592679319303,0.012947592679319303,0.01747059980575784,0.01747059980575784,0.015901362658624418,0.015901362658624418,0.0023548473327537067
kick,NeuralNetTorch,7299,0.00023458592068901205,0.013487245802634747,0.013487245802634747,0.0,-0.0005029892788304268,0.0,-0.0004945213634868288,0.0,-0.00047542400442085903,0.0,-0.0004909782155793715,0.008689002241820131,0.008689002241820131,0.009828198887528996,0.009828198887528996,0.009308497962418238,0.009308497962418238,0.00927523303058912,0.00927523303058912,0.008689002241820131,0.008689002241820131,0.009828198887528996,0.009828198887528996,0.009308497962418238,0.009308497962418238,0.00927523303058912,0.00927523303058912,0.002353638999920804
kick,RandomForest,7299,0.002828115379297646,0.03225391854775516,0.03225391854775516,0.0018952318993955659,0.0018952318993955659,0.0022745918031973423,0.0022745918031973423,0.0021448865340856827,0.0021448865340856827,0.002104903412226197,0.002104903412226197,0.031680979928604525,0.031680979928604525,0.032926696604885876,0.032926696604885876,0.030624020096698807,0.030624020096698807,0.03174389887672973,0.03174389887672973,0.031680979928604525,0.031680979928604525,0.032926696604885876,0.032926696604885876,0.030624020096698807,0.030624020096698807,0.03174389887672973,0.03174389887672973,0.0024065553334366996
kick,XGBoost,7299,0.00046227426086040705,0.018060586153021627,0.018060586153021627,0.00030476029383039546,0.00030476029383039546,0.0,-0.00012244237379703966,0.0,-0.0002272333061853433,0.00010158676461013181,-1.4971795383995833e-05,0.013415153428492628,0.013415153428492628,0.010761043893492072,0.010761043893492072,0.009590593498398718,0.009590593498398718,0.011255596940127807,0.011255596940127807,0.013415153428492628,0.013415153428492628,0.010761043893492072,0.010761043893492072,0.009590593498398718,0.009590593498398718,0.011255596940127807,0.011255596940127807,0.0024225556662713643
mammography,CatBoost,1119,0.0003067871709737866,0.002987250300573251,0.002987250300573251,0.0,-0.00023320407480887338,0.0,-0.007059065136054373,0.0,-0.002084476106963781,0.0,-0.003125581772609009,0.0009812123440152472,0.0009812123440152472,0.0,-0.003520239760003053,0.00022837862049395274,0.00022837862049395274,0.0004031969881697333,-0.0007702162651646178,0.0009812123440152472,0.0009812123440152472,0.0,-0.003520239760003053,0.00022837862049395274,0.00022837862049395274,0.0004031969881697333,-0.0007702162651646178,0.0008242499995200584
mammography,ExtraTrees,1119,0.0009083719555935277,0.00982183899564482,0.00982183899564482,0.0,-0.005335721230026792,0.0,-0.006803908186199125,0.0,-0.005139393946342278,0.0,-0.005759674454189398,0.006171898258113878,0.006171898258113878,0.0005477432796795157,0.0005477432796795157,0.003879937119747379,0.003879937119747379,0.003533192885846924,0.003533192885846924,0.006171898258113878,0.006171898258113878,0.0005477432796795157,0.0005477432796795157,0.003879937119747379,0.003879937119747379,0.003533192885846924,0.003533192885846924,0.0007783470003535816
mammography,LightGBM,1119,0.00031100477806888605,0.004549416189807716,0.004549416189807716,0.0,-0.004530987439690208,0.0,-0.0026942633419373687,0.0,-0.008060970466164163,0.0,-0.005095407082597247,0.0,-0.004092121678025822,0.005451945107870496,0.005451945107870496,0.0,-0.0023869205175934757,0.001817315035956832,-0.0003423656959162672,0.0,-0.004092121678025822,0.005451945107870496,0.005451945107870496,0.0,-0.0023869205175934757,0.001817315035956832,-0.0003423656959162672,0.0007334026668104343
mammography,LinearModel,1119,0.00047097862035540007,0.0075422727862264815,0.0075422727862264815,0.0,-0.0030202141975502867,0.0,-0.005387486911573944,0.0,-0.0035127531027914272,0.0,-0.003973484737305219,0.006418855965420376,0.006418855965420376,0.004750934462065429,0.004750934462065429,0.004025309968470008,0.004025309968470008,0.005065033465318604,0.005065033465318604,0.006418855965420376,0.006418855965420376,0.004750934462065429,0.004750934462065429,0.004025309968470008,0.004025309968470008,0.005065033465318604,0.005065033465318604,0.0007583609998012738
mammography,NeuralNetFastAI,1119,0.00021599745896071988,0.0038140064351425873,0.0038140064351425873,0.0,-0.00674212252620137,0.0,-0.007320451177029744,0.0,-0.00224848483229767,0.0,-0.005437019511842928,0.0,-5.368626962371747e-05,0.0,-0.0038521079706039752,0.0010987381037231452,0.0010987381037231452,0.00036624603457438175,-0.0009356853788348491,0.0,-5.368626962371747e-05,0.0,-0.0038521079706039752,0.0010987381037231452,0.0010987381037231452,0.00036624603457438175,-0.0009356853788348491,0.0007346526666272742
mammography,NeuralNetTorch,1119,0.0002914973659975757,0.004787277400137917,0.004787277400137917,0.0,-0.002048386955554749,0.0,-0.007238774696996245,0.0,-0.0017623163056113193,0.0,-0.003683159319387438,0.0060286830453130215,0.0060286830453130215,0.0,-0.007417031958723684,0.0,-0.0029211411407716625,0.0020095610151043405,-0.0014364966847274414,0.0060286830453130215,0.0060286830453130215,0.0,-0.007417031958723684,0.0,-0.0029211411407716625,0.0020095610151043405,-0.0014364966847274414,0.0007322360009614689
mammography,RandomForest,1119,0.0009077515840056415,0.010416327105699756,0.010416327105699756,0.0,-0.004174075400255391,0.0,-0.003311382553935826,0.0,-0.0018358729787335778,0.0,-0.0031071103109749313,0.0044017804843385615,0.0044017804843385615,0.003715664973144037,0.003715664973144037,0.0054215550417447194,0.0054215550417447194,0.004513000166409106,0.004513000166409106,0.0044017804843385615,0.0044017804843385615,0.003715664973144037,0.003715664973144037,0.0054215550417447194,0.0054215550417447194,0.004513000166409106,0.004513000166409106,0.0007185693333061257
mammography,XGBoost,1119,0.00038680258371852957,0.004986199969852342,0.004986199969852342,0.0,-0.005311240677675713,0.0,-0.006174640835336943,0.0,-0.004394001700669385,0.0,-0.0052932944045606806,0.0,-0.0007186992814572123,0.0,-0.006211014217466126,0.0,-0.004119483631849539,0.0,-0.003683065710257626,0.0,-0.0007186992814572123,0.0,-0.006211014217466126,0.0,-0.004119483631849539,0.0,-0.003683065710257626,0.0007512776671016278
mc1,CatBoost,947,8.474567040156436e-05,0.001448690264707574,0.001448690264707574,0.0,-0.000845019079699016,0.0,-0.0005088832958382716,0.0,-0.0007481246099104334,0.0,-0.0007006756618159071,0.0,-0.002412037202974569,0.0,-0.003274999763635887,0.0,-0.00237240920969914,0.0,-0.0026864820587698657,0.0,-0.002412037202974569,0.0,-0.003274999763635887,0.0,-0.00237240920969914,0.0,-0.0026864820587698657,0.0006913470000048013
mc1,ExtraTrees,947,0.00010842411057971378,0.00240776792749526,0.00240776792749526,0.0,-0.0015365372304543103,0.0,-0.002676782194802747,0.0009892984827279184,0.0009892984827279184,0.0003297661609093061,-0.001074673647509713,0.0011019847832246803,0.0011019847832246803,0.0,-0.0008899839915732367,0.0036929864104091113,0.0036929864104091113,0.0015983237312112639,0.0013016624006868516,0.0011019847832246803,0.0011019847832246803,0.0,-0.0008899839915732367,0.0036929864104091113,0.0036929864104091113,0.0015983237312112639,0.0013016624006868516,0.000706333332345821
mc1,LightGBM,947,9.440718488325625e-05,0.002233540501656573,0.002233540501656573,0.0,-0.0019533938683667018,0.0,-0.0026021587627642075,0.00027246981783940705,0.00027246981783940705,9.082327261313569e-05,-0.0014276942710971673,0.0005887803520664077,0.0005887803520664077,0.0,-0.008467029086267428,0.0007389847883377362,0.0007389847883377362,0.0004425883801347146,-0.0023797546486210948,0.0005887803520664077,0.0005887803520664077,0.0,-0.008467029086267428,0.0007389847883377362,0.0007389847883377362,0.0004425883801347146,-0.0023797546486210948,0.0007844720009112885
mc1,LinearModel,947,0.00014638436646146276,0.0026338506459625682,0.0026338506459625682,0.0,-0.0004633341976438746,0.0,-0.0014752367201194896,0.0,-6.494682633808448e-05,0.0,-0.0006678392480338162,0.0,-0.000616345110225779,0.0,-0.0006391059061999566,0.0010023667965664332,0.0010023667965664332,0.00033412226552214443,-8.436140661976747e-05,0.0,-0.000616345110225779,0.0,-0.0006391059061999566,0.0010023667965664332,0.0010023667965664332,0.00033412226552214443,-8.436140661976747e-05,0.0007607636665246295
mc1,NeuralNetFastAI,947,0.0002510707807121435,0.0026250846864085877,0.0026250846864085877,0.0,-0.0001602977184291729,0.0,-0.0011094284301979283,0.0,-0.00029867133818934255,0.0,-0.0005227991622721479,0.0,-0.00039666043250254546,0.0,-0.0008348211980449454,0.0023932045858662226,0.0023932045858662226,0.0007977348619554076,0.0003872409851062439,0.0,-0.00039666043250254546,0.0,-0.0008348211980449454,0.0023932045858662226,0.0023932045858662226,0.0007977348619554076,0.0003872409851062439,0.0006921666669465291
mc1,NeuralNetTorch,947,0.00010110961490308469,0.002626690070216347,0.002626690070216347,0.0,-0.0005907746392934892,0.0,-0.005394189573302129,0.0,-0.0013938962539058826,0.0,-0.0024596201555005,0.0005051317900316004,0.0005051317900316004,0.0,-0.005456546926850582,0.001107312066255416,0.001107312066255416,0.0005374812854290054,-0.001281367690187855,0.0005051317900316004,0.0005051317900316004,0.0,-0.005456546926850582,0.001107312066255416,0.001107312066255416,0.0005374812854290054,-0.001281367690187855,0.0007510973337048199
mc1,RandomForest,947,5.816639252468534e-05,0.002580967733421892,0.002580967733421892,0.0,-0.00025914405798334523,0.0,-0.0015675802878642887,0.0,-0.0015908573865036665,0.0,-0.001139193910783767,0.00444175137120461,0.00444175137120461,0.0,-0.0050095085592472945,0.0034467780664494954,0.0034467780664494954,0.0026295098125513686,0.0009596736261356037,0.00444175137120461,0.00444175137120461,0.0,-0.0050095085592472945,0.0034467780664494954,0.0034467780664494954,0.0026295098125513686,0.0009596736261356037,0.0006809583343662476
mc1,XGBoost,947,6.719166348136656e-05,0.0017722229712900024,0.0017722229712900024,0.0,-0.0017055932437075988,0.0,-0.001498444291496469,0.0007922793494010707,0.0007922793494010707,0.00026409311646702355,-0.0008039193952676657,0.0,-0.0005327321138083463,0.0,-0.004478466210723584,0.0019914433476883905,0.0019914433476883905,0.0006638144492294635,-0.00100658499228118,0.0,-0.0005327321138083463,0.0,-0.004478466210723584,0.0019914433476883905,0.0019914433476883905,0.0006638144492294635,-0.00100658499228118,0.0007692916660744231
mozilla4,CatBoost,1555,0.00010475732649914228,0.004283992180305419,0.004283992180305419,0.0,-0.0016050125468634667,0.0,-0.001147045804776472,0.0,-0.002877474588188437,0.0,-0.0018765109799427917,0.009961568564209313,0.009961568564209313,0.007963014533027364,0.007963014533027364,0.001824409802526818,0.001824409802526818,0.0065829976332544985,0.0065829976332544985,0.009961568564209313,0.009961568564209313,0.007963014533027364,0.007963014533027364,0.001824409802526818,0.001824409802526818,0.0065829976332544985,0.0065829976332544985,0.0009411109992167136
mozilla4,ExtraTrees,1555,0.0009227105781339121,0.019337496672612108,0.019337496672612108,0.0,-0.002707560858647414,0.0,-7.650818915786704e-05,0.0,-0.0006568735388044331,0.0,-0.001146980862203238,0.009063238750280771,0.009063238750280771,0.015151125979924221,0.015151125979924221,0.020321542409419344,0.020321542409419344,0.01484530237987478,0.01484530237987478,0.009063238750280771,0.009063238750280771,0.015151125979924221,0.015151125979924221,0.020321542409419344,0.020321542409419344,0.01484530237987478,0.01484530237987478,0.0009308609999910308
mozilla4,LightGBM,1555,0.000159472009788727,0.00936400598354699,0.00936400598354699,0.0,-0.003578843346459947,0.0,-0.0018673534660131991,0.0,-0.002495973785647455,0.0,-0.002647390199373534,0.0,-0.006209782357372559,0.003929258807235879,0.003929258807235879,0.0,-0.0018400360560613621,0.001309752935745293,-0.0013735198687326805,0.0,-0.006209782357372559,0.003929258807235879,0.003929258807235879,0.0,-0.0018400360560613621,0.001309752935745293,-0.0013735198687326805,0.0009399446668491388
mozilla4,LinearModel,1555,0.00220445800765884,0.015876230313230686,0.015876230313230686,0.00040751794659917755,0.00040751794659917755,0.0,-0.00024903767645278996,0.0017767428345857677,0.0017767428345857677,0.0007280869270616484,0.0006450743682440517,0.006611286264772087,0.006611286264772087,0.005293320817061063,0.005293320817061063,0.011985440358719911,0.011985440358719911,0.00796334914685102,0.00796334914685102,0.006611286264772087,0.006611286264772087,0.005293320817061063,0.005293320817061063,0.011985440358719911,0.011985440358719911,0.00796334914685102,0.00796334914685102,0.0009552779993100557
mozilla4,NeuralNetFastAI,1555,0.0010055261190156874,0.020562476577339065,0.020562476577339065,5.517947158604101e-05,5.517947158604101e-05,0.001635445677687191,0.001635445677687191,0.00016698971647459575,0.00016698971647459575,0.000619204955249276,0.000619204955249276,0.021419862397853585,0.021419862397853585,0.026058001192795693,0.026058001192795693,0.019792168932424865,0.019792168932424865,0.02242334417435805,0.02242334417435805,0.021419862397853585,0.021419862397853585,0.026058001192795693,0.026058001192795693,0.019792168932424865,0.019792168932424865,0.02242334417435805,0.02242334417435805,0.0009059863332367968
mozilla4,NeuralNetTorch,1555,0.0007979974933060649,0.013448329768381714,0.013448329768381714,0.0,-0.001110196945512123,0.0,-0.0008757777209408239,0.0,-0.001736831686386733,0.0,-0.00124093545094656,0.01701561464587014,0.01701561464587014,0.00934117162802776,0.00934117162802776,0.004160459584191268,0.004160459584191268,0.010172415286029723,0.010172415286029723,0.01701561464587014,0.01701561464587014,0.00934117162802776,0.00934117162802776,0.004160459584191268,0.004160459584191268,0.010172415286029723,0.010172415286029723,0.0009040693330462091
mozilla4,RandomForest,1555,0.0006578447157407265,0.014748294860964668,0.014748294860964668,0.0,-0.002472444145982899,0.0,-0.0009045246436235658,0.0,-0.0015198653526717592,0.0,-0.0016322780474260746,0.012992497266440913,0.012992497266440913,0.008726688331873471,0.008726688331873471,0.023672025153635017,0.023672025153635017,0.015130403583983135,0.015130403583983135,0.012992497266440913,0.012992497266440913,0.008726688331873471,0.008726688331873471,0.023672025153635017,0.023672025153635017,0.015130403583983135,0.015130403583983135,0.0008682916668476537
mozilla4,XGBoost,1555,0.00013384213959910505,0.004527395625543843,0.004527395625543843,0.0,-0.0024343706150437806,0.0,-0.0012164047577775392,0.0,-0.002001630016181634,0.0,-0.0018841351296676513,0.005294417161206263,0.005294417161206263,0.003432640150751637,0.003432640150751637,0.0,-0.00016275182880320468,0.0029090191039859666,0.0028547684943848986,0.005294417161206263,0.005294417161206263,0.003432640150751637,0.003432640150751637,0.0,-0.00016275182880320468,0.0029090191039859666,0.0028547684943848986,0.00088612500015491
nomao,CatBoost,3447,0.00014470361669024728,0.003625955038653568,0.003625955038653568,0.0,-0.001311467808802749,0.0,-0.001731092573336647,0.0,-0.0005954987829332322,0.0,-0.0012126863883575427,0.0,-0.00179919755427344,0.0,-0.006048297360583362,0.0,-7.830500081878009e-05,0.0,-0.0026419333052251936,0.0,-0.00179919755427344,0.0,-0.006048297360583362,0.0,-7.830500081878009e-05,0.0,-0.0026419333052251936,0.0013244999997065559
nomao,ExtraTrees,3447,0.0017768789407561548,0.022720582999909377,0.022720582999909377,0.0010688720466402824,0.0010688720466402824,0.0008837643568320427,0.0008837643568320427,0.0004010134198019554,0.0004010134198019554,0.0007845499410914268,0.0007845499410914268,0.023368756792718538,0.023368756792718538,0.020986007902477274,0.020986007902477274,0.017485379253700268,0.017485379253700268,0.020613381316298692,0.020613381316298692,0.023368756792718538,0.023368756792718538,0.020986007902477274,0.020986007902477274,0.017485379253700268,0.017485379253700268,0.020613381316298692,0.020613381316298692,0.0014161806660316263
nomao,LightGBM,3447,2.7357595544002276e-05,0.002103834546971972,0.002103834546971972,0.0,-0.0009068140121964871,0.0,-0.0004977322941838668,0.0,-0.0015099666661237926,0.0,-0.0009715043241680488,0.0005752315846120566,0.0005752315846120566,0.0002907404242479305,0.0002907404242479305,0.0,-0.002482820551109627,0.0002886573362866624,-0.0005389495140832132,0.0005752315846120566,0.0005752315846120566,0.0002907404242479305,0.0002907404242479305,0.0,-0.002482820551109627,0.0002886573362866624,-0.0005389495140832132,0.001339430667333848
nomao,LinearModel,3447,7.56566533120852e-05,0.004612081453781588,0.004612081453781588,0.0,-0.0010292130506051795,0.0,-0.0006524548975353261,0.0,-0.0006248795382466336,0.0,-0.0007688491621290465,0.004098469079884475,0.004098469079884475,0.007051325179653011,0.007051325179653011,0.0012324864915806326,0.0012324864915806326,0.004127426917039372,0.004127426917039372,0.004098469079884475,0.004098469079884475,0.007051325179653011,0.007051325179653011,0.0012324864915806326,0.0012324864915806326,0.004127426917039372,0.004127426917039372,0.0013415973335213494
nomao,NeuralNetFastAI,3447,8.557584359431473e-05,0.004501180151485815,0.004501180151485815,0.0,-0.0011833335489787402,0.0,-0.001375270762320839,0.0,-0.0023107877642379337,0.0,-0.0016231306918458378,0.0,-0.001431938653384399,0.0,-0.007578569959916142,0.0,-0.00517214696492633,0.0,-0.004727551859408957,0.0,-0.001431938653384399,0.0,-0.007578569959916142,0.0,-0.00517214696492633,0.0,-0.004727551859408957,0.0013571113340731245
nomao,NeuralNetTorch,3447,9.360997247336185e-05,0.00656317371732796,0.00656317371732796,0.0,-0.0010860140130999603,0.0,-0.000991210513968547,0.0,-0.0013357145733162866,0.0,-0.0011376463667949312,0.0032970573019435183,0.0032970573019435183,0.0007056863238877764,0.0007056863238877764,0.005900232521287529,0.005900232521287529,0.003300992049039608,0.003300992049039608,0.0032970573019435183,0.0032970573019435183,0.0007056863238877764,0.0007056863238877764,0.005900232521287529,0.005900232521287529,0.003300992049039608,0.003300992049039608,0.001337749999947846
nomao,RandomForest,3447,0.00211467999050397,0.025183486880836287,0.025183486880836287,0.0017928875935059952,0.0017928875935059952,0.00041830231076056806,0.00041830231076056806,0.0007397314846730628,0.0007397314846730628,0.0009836404629798754,0.0009836404629798754,0.024045025629904914,0.024045025629904914,0.022275370738326136,0.022275370738326136,0.018331629507273895,0.018331629507273895,0.02155067529183498,0.02155067529183498,0.024045025629904914,0.024045025629904914,0.022275370738326136,0.022275370738326136,0.018331629507273895,0.018331629507273895,0.02155067529183498,0.02155067529183498,0.001368541667034151
nomao,XGBoost,3447,9.556992200958155e-06,0.0014441128888325516,0.0014441128888325516,0.0,-0.0005548409192590824,0.0,-0.0011571746460400118,0.0,-0.0009456351524517831,0.0,-0.0008858835725836259,0.0038525091637424576,0.0038525091637424576,0.0,-0.0009709312634926363,0.0,-0.0006696513015681346,0.001284169721247486,0.000737308866227229,0.0038525091637424576,0.0038525091637424576,0.0,-0.0009709312634926363,0.0,-0.0006696513015681346,0.001284169721247486,0.000737308866227229,0.0014245696668998182
numerai28_6,CatBoost,9632,0.00035483117713662227,0.011971280148927357,0.011971280148927357,0.0,-0.00021552344280376988,0.0,-0.0004936097837126402,0.0,-0.0001690457718814567,0.0,-0.00029272633279928893,0.003917579894941114,0.003917579894941114,0.0,-0.0018522276348152825,0.005722255968918832,0.005722255968918832,0.003213278621286649,0.0025958694096815545,0.003917579894941114,0.003917579894941114,0.0,-0.0018522276348152825,0.005722255968918832,0.005722255968918832,0.003213278621286649,0.0025958694096815545,0.003044889000496672
numerai28_6,ExtraTrees,9632,0.0001826482708778305,0.01051235737656537,0.01051235737656537,0.0,-1.1884555140553801e-05,0.0,-0.000637736214444229,0.0,-0.00035116298451883817,0.0,-0.000333594584701207,0.0,-0.0003102823126553697,0.00292277769912715,0.00292277769912715,0.0006089887993280278,0.0006089887993280278,0.0011772554994850593,0.0010738280619332693,0.0,-0.0003102823126553697,0.00292277769912715,0.00292277769912715,0.0006089887993280278,0.0006089887993280278,0.0011772554994850593,0.0010738280619332693,0.002932194332970539
numerai28_6,LightGBM,9632,0.0002515680942445501,0.011848843371823578,0.011848843371823578,0.0,-6.730762615885792e-05,0.0,-0.0009548878113977114,0.0,-0.00032724734511907006,0.0,-0.00044981426089187975,0.004741289380603653,0.004741289380603653,0.0,-0.010516748738868095,0.0030499932346896475,0.0030499932346896475,0.0025970942050977668,-0.0009084887078582648,0.004741289380603653,0.004741289380603653,0.0,-0.010516748738868095,0.0030499932346896475,0.0030499932346896475,0.0025970942050977668,-0.0009084887078582648,0.003205347334490701
numerai28_6,LinearModel,9632,0.0002761142419707706,0.01254462680633975,0.01254462680633975,0.0,-0.0005075070407455081,0.0,-0.00018664317189959317,0.0,-0.0002814799531981456,0.0,-0.0003252100552810823,0.0,-0.004058174758010924,0.006117374187589088,0.006117374187589088,0.0031693932844752883,0.0031693932844752883,0.0030955891573547917,0.0017428642380178173,0.0,-0.004058174758010924,0.006117374187589088,0.006117374187589088,0.0031693932844752883,0.0031693932844752883,0.0030955891573547917,0.0017428642380178173,0.0032155416665773373
numerai28_6,NeuralNetFastAI,9632,0.0002771364253259482,0.013133332572654633,0.013133332572654633,0.0,-0.0003147270648725719,0.0,-0.0005016390464112684,0.0,-0.00029427997063588785,0.0,-0.00037021536063990934,0.0,-8.169972829743478e-05,0.0,-0.000667326081160493,0.0008076719314701533,0.0008076719314701533,0.00026922397715671776,1.95487073374085e-05,0.0,-8.169972829743478e-05,0.0,-0.000667326081160493,0.0008076719314701533,0.0008076719314701533,0.00026922397715671776,1.95487073374085e-05,0.0031240000001465282
numerai28_6,NeuralNetTorch,9632,0.0002644595391366567,0.012526102667284567,0.012526102667284567,0.0,-0.00012392708524981735,0.0,-0.0002479038133570945,0.0,-3.2539892703433515e-05,0.0,-0.00013479026377011513,0.011281662707238696,0.011281662707238696,0.0016817317941408617,0.0016817317941408617,0.012101799729233762,0.012101799729233762,0.008355064743537774,0.008355064743537774,0.011281662707238696,0.011281662707238696,0.0016817317941408617,0.0016817317941408617,0.012101799729233762,0.012101799729233762,0.008355064743537774,0.008355064743537774,0.003453958333314707
numerai28_6,RandomForest,9632,0.00012645464047984857,0.0071427804631400745,0.0071427804631400745,0.0,-0.0003291773744819795,0.0,-0.00023883480878574706,0.0,-2.843641619815419e-05,0.0,-0.00019881619982196026,0.0,-0.0009388914269911887,0.0,-0.0009296569830901995,0.006585697723905311,0.006585697723905311,0.002195232574635104,0.0015723831046079743,0.0,-0.0009388914269911887,0.0,-0.0009296569830901995,0.006585697723905311,0.006585697723905311,0.002195232574635104,0.0015723831046079743,0.0034981250003814543
numerai28_6,XGBoost,9632,0.0003256287364334502,0.01252303114377482,0.01252303114377482,0.0,-0.0004730247766651311,0.0,-0.00048179048203472106,0.0,-0.0002451035463296997,0.0,-0.0003999729350098506,0.0,-0.0007350351754266558,0.0,-0.0013941619699926076,0.0011646258319879686,0.0011646258319879686,0.0003882086106626562,-0.000321523771143765,0.0,-0.0007350351754266558,0.0,-0.0013941619699926076,0.0011646258319879686,0.0011646258319879686,0.0003882086106626562,-0.000321523771143765,0.0031715973333727257
