,dataset,model,cal_size,test_size,n_classes,tabrepo_fold,tabrepo_config
0,Diabetes130US,CatBoost,91589,10177,3,0,CatBoost_r153_BAG_L1
1,Diabetes130US,ExtraTrees,91589,10177,3,0,ExtraTrees_r17_BAG_L1
2,Diabetes130US,LightGBM,91589,10177,3,0,LightGBM_r175_BAG_L1
3,Diabetes130US,LinearModel,91589,10177,3,0,LinearModel_c2_BAG_L1
4,Diabetes130US,NeuralNetFastAI,91589,10177,3,0,NeuralNetFastAI_r95_BAG_L1
5,Diabetes130US,NeuralNetTorch,91589,10177,3,0,NeuralNetTorch_r183_BAG_L1
6,Diabetes130US,RandomForest,91589,10177,3,0,RandomForest_r111_BAG_L1
7,Diabetes130US,XGBoost,91589,10177,3,0,XGBoost_r100_BAG_L1
8,GesturePhaseSegmentationProcessed,CatBoost,8885,988,5,0,CatBoost_r155_BAG_L1
9,GesturePhaseSegmentationProcessed,ExtraTrees,8885,988,5,0,ExtraTrees_r144_BAG_L1
10,GesturePhaseSegmentationProcessed,LightGBM,8885,988,5,0,LightGBM_r47_BAG_L1
11,GesturePhaseSegmentationProcessed,LinearModel,8885,988,5,0,LinearModel_r4_BAG_L1
12,GesturePhaseSegmentationProcessed,NeuralNetFastAI,8885,988,5,0,NeuralNetFastAI_r144_BAG_L1
13,GesturePhaseSegmentationProcessed,NeuralNetTorch,8885,988,5,0,NeuralNetTorch_r170_BAG_L1
14,GesturePhaseSegmentationProcessed,RandomForest,8885,988,5,0,RandomForest_r195_BAG_L1
15,GesturePhaseSegmentationProcessed,XGBoost,8885,988,5,0,XGBoost_r37_BAG_L1
16,Indian_pines,CatBoost,8229,915,8,0,CatBoost_r164_BAG_L1
17,Indian_pines,ExtraTrees,8229,915,8,0,ExtraTrees_r195_BAG_L1
18,Indian_pines,LightGBM,8229,915,8,0,LightGBM_r96_BAG_L1
19,Indian_pines,LinearModel,8229,915,8,0,LinearModel_r4_BAG_L1
20,Indian_pines,NeuralNetFastAI,8229,915,8,0,NeuralNetFastAI_r145_BAG_L1
21,Indian_pines,NeuralNetTorch,8229,915,8,0,NeuralNetTorch_r154_BAG_L1
22,Indian_pines,RandomForest,8229,915,8,0,RandomForest_c1_BAG_L1
23,Indian_pines,XGBoost,8229,915,8,0,XGBoost_r25_BAG_L1
24,Traffic_violations,CatBoost,63306,7034,3,0,CatBoost_r198_BAG_L1
25,Traffic_violations,ExtraTrees,63306,7034,3,0,ExtraTrees_r103_BAG_L1
26,Traffic_violations,LightGBM,63306,7034,3,0,LightGBM_r95_BAG_L1
27,Traffic_violations,LinearModel,63306,7034,3,0,LinearModel_c1_BAG_L1
28,Traffic_violations,NeuralNetFastAI,63306,7034,3,0,NeuralNetFastAI_r186_BAG_L1
29,Traffic_violations,NeuralNetTorch,63306,7034,3,0,NeuralNetTorch_r200_BAG_L1
30,Traffic_violations,RandomForest,63306,7034,3,0,RandomForest_r111_BAG_L1
31,Traffic_violations,XGBoost,63306,7034,3,0,XGBoost_r99_BAG_L1
32,artificial-characters,CatBoost,9196,1022,10,0,CatBoost_r70_BAG_L1
33,artificial-characters,ExtraTrees,9196,1022,10,0,ExtraTrees_r144_BAG_L1
34,artificial-characters,LightGBM,9196,1022,10,0,LightGBM_r15_BAG_L1
35,artificial-characters,LinearModel,9196,1022,10,0,LinearModel_r2_BAG_L1
36,artificial-characters,NeuralNetFastAI,9196,1022,10,0,NeuralNetFastAI_r109_BAG_L1
37,artificial-characters,NeuralNetTorch,9196,1022,10,0,NeuralNetTorch_r190_BAG_L1
38,artificial-characters,RandomForest,9196,1022,10,0,RandomForest_r195_BAG_L1
39,artificial-characters,XGBoost,9196,1022,10,0,XGBoost_r71_BAG_L1
40,connect-4,CatBoost,60801,6756,3,0,CatBoost_r110_BAG_L1
41,connect-4,ExtraTrees,60801,6756,3,0,ExtraTrees_r114_BAG_L1
42,connect-4,LightGBM,60801,6756,3,0,LightGBM_r186_BAG_L1
43,connect-4,LinearModel,60801,6756,3,0,LinearModel_c2_BAG_L1
44,connect-4,NeuralNetFastAI,60801,6756,3,0,NeuralNetFastAI_r138_BAG_L1
45,connect-4,NeuralNetTorch,60801,6756,3,0,NeuralNetTorch_r153_BAG_L1
46,connect-4,RandomForest,60801,6756,3,0,RandomForest_r32_BAG_L1
47,connect-4,XGBoost,60801,6756,3,0,XGBoost_r37_BAG_L1
48,dilbert,CatBoost,9000,1000,5,0,CatBoost_r41_BAG_L1
49,dilbert,ExtraTrees,9000,1000,5,0,ExtraTrees_r197_BAG_L1
50,dilbert,LightGBM,9000,1000,5,0,LightGBM_r96_BAG_L1
51,dilbert,LinearModel,9000,1000,5,0,LinearModel_c2_BAG_L1
52,dilbert,NeuralNetFastAI,9000,1000,5,0,NeuralNetFastAI_r145_BAG_L1
53,dilbert,NeuralNetTorch,9000,1000,5,0,NeuralNetTorch_r157_BAG_L1
54,dilbert,RandomForest,9000,1000,5,0,RandomForest_r134_BAG_L1
55,dilbert,XGBoost,9000,1000,5,0,XGBoost_r182_BAG_L1
56,eye_movements,CatBoost,9842,1094,3,0,CatBoost_r92_BAG_L1
57,eye_movements,ExtraTrees,9842,1094,3,0,ExtraTrees_r144_BAG_L1
58,eye_movements,LightGBM,9842,1094,3,0,LightGBM_r76_BAG_L1
59,eye_movements,LinearModel,9842,1094,3,0,LinearModel_c1_BAG_L1
60,eye_movements,NeuralNetFastAI,9842,1094,3,0,NeuralNetFastAI_r120_BAG_L1
61,eye_movements,NeuralNetTorch,9842,1094,3,0,NeuralNetTorch_r29_BAG_L1
62,eye_movements,RandomForest,9842,1094,3,0,RandomForest_r144_BAG_L1
63,eye_movements,XGBoost,9842,1094,3,0,XGBoost_r102_BAG_L1
64,har,CatBoost,9269,1030,6,0,CatBoost_r41_BAG_L1
65,har,ExtraTrees,9269,1030,6,0,ExtraTrees_r144_BAG_L1
66,har,LightGBM,9269,1030,6,0,LightGBM_r96_BAG_L1
67,har,LinearModel,9269,1030,6,0,LinearModel_c2_BAG_L1
68,har,NeuralNetFastAI,9269,1030,6,0,NeuralNetFastAI_r128_BAG_L1
69,har,NeuralNetTorch,9269,1030,6,0,NeuralNetTorch_r88_BAG_L1
70,har,RandomForest,9269,1030,6,0,RandomForest_r134_BAG_L1
71,har,XGBoost,9269,1030,6,0,XGBoost_r182_BAG_L1
72,jungle_chess_2pcs_raw_endgame_complete,CatBoost,40337,4482,3,0,CatBoost_r6_BAG_L1
73,jungle_chess_2pcs_raw_endgame_complete,ExtraTrees,40337,4482,3,0,ExtraTrees_r141_BAG_L1
74,jungle_chess_2pcs_raw_endgame_complete,LightGBM,40337,4482,3,0,LightGBM_r145_BAG_L1
75,jungle_chess_2pcs_raw_endgame_complete,LinearModel,40337,4482,3,0,LinearModel_c1_BAG_L1
76,jungle_chess_2pcs_raw_endgame_complete,NeuralNetFastAI,40337,4482,3,0,NeuralNetFastAI_r109_BAG_L1
77,jungle_chess_2pcs_raw_endgame_complete,NeuralNetTorch,40337,4482,3,0,NeuralNetTorch_r22_BAG_L1
78,jungle_chess_2pcs_raw_endgame_complete,RandomForest,40337,4482,3,0,RandomForest_r103_BAG_L1
79,jungle_chess_2pcs_raw_endgame_complete,XGBoost,40337,4482,3,0,XGBoost_c1_BAG_L1
80,kr-vs-k,CatBoost,25250,2806,18,0,CatBoost_r1_BAG_L1
81,kr-vs-k,ExtraTrees,25250,2806,18,0,ExtraTrees_r144_BAG_L1
82,kr-vs-k,LightGBM,25250,2806,18,0,LightGBM_r145_BAG_L1
83,kr-vs-k,LinearModel,25250,2806,18,0,LinearModel_r31_BAG_L1
84,kr-vs-k,NeuralNetFastAI,25250,2806,18,0,NeuralNetFastAI_r109_BAG_L1
85,kr-vs-k,NeuralNetTorch,25250,2806,18,0,NeuralNetTorch_r61_BAG_L1
86,kr-vs-k,RandomForest,25250,2806,18,0,RandomForest_r144_BAG_L1
87,kr-vs-k,XGBoost,25250,2806,18,0,XGBoost_r24_BAG_L1
88,letter,CatBoost,18000,2000,26,0,CatBoost_r111_BAG_L1
89,letter,ExtraTrees,18000,2000,26,0,ExtraTrees_r144_BAG_L1
90,letter,LightGBM,18000,2000,26,0,LightGBM_r199_BAG_L1
91,letter,LinearModel,18000,2000,26,0,LinearModel_r41_BAG_L1
92,letter,NeuralNetFastAI,18000,2000,26,0,NeuralNetFastAI_r138_BAG_L1
93,letter,NeuralNetTorch,18000,2000,26,0,NeuralNetTorch_r143_BAG_L1
94,letter,RandomForest,18000,2000,26,0,RandomForest_r195_BAG_L1
95,letter,XGBoost,18000,2000,26,0,XGBoost_r161_BAG_L1
96,microaggregation2,CatBoost,18000,2000,5,0,CatBoost_r114_BAG_L1
97,microaggregation2,ExtraTrees,18000,2000,5,0,ExtraTrees_r103_BAG_L1
98,microaggregation2,LightGBM,18000,2000,5,0,LightGBM_r170_BAG_L1
99,microaggregation2,LinearModel,18000,2000,5,0,LinearModel_r28_BAG_L1
100,microaggregation2,NeuralNetFastAI,18000,2000,5,0,NeuralNetFastAI_r44_BAG_L1
101,microaggregation2,NeuralNetTorch,18000,2000,5,0,NeuralNetTorch_r170_BAG_L1
102,microaggregation2,RandomForest,18000,2000,5,0,RandomForest_r139_BAG_L1
103,microaggregation2,XGBoost,18000,2000,5,0,XGBoost_r200_BAG_L1
104,okcupid-stem,CatBoost,45710,5079,3,0,CatBoost_r12_BAG_L1
105,okcupid-stem,ExtraTrees,45710,5079,3,0,ExtraTrees_r17_BAG_L1
106,okcupid-stem,LightGBM,45710,5079,3,0,LightGBM_r95_BAG_L1
107,okcupid-stem,LinearModel,45710,5079,3,0,LinearModel_c2_BAG_L1
108,okcupid-stem,NeuralNetFastAI,45710,5079,3,0,NeuralNetFastAI_r140_BAG_L1
109,okcupid-stem,NeuralNetTorch,45710,5079,3,0,NeuralNetTorch_r82_BAG_L1
110,okcupid-stem,RandomForest,45710,5079,3,0,RandomForest_r163_BAG_L1
111,okcupid-stem,XGBoost,45710,5079,3,0,XGBoost_r184_BAG_L1
112,pendigits,CatBoost,9892,1100,10,0,CatBoost_r119_BAG_L1
113,pendigits,ExtraTrees,9892,1100,10,0,ExtraTrees_r144_BAG_L1
114,pendigits,LightGBM,9892,1100,10,0,LightGBM_r159_BAG_L1
115,pendigits,LinearModel,9892,1100,10,0,LinearModel_r30_BAG_L1
116,pendigits,NeuralNetFastAI,9892,1100,10,0,NeuralNetFastAI_r83_BAG_L1
117,pendigits,NeuralNetTorch,9892,1100,10,0,NeuralNetTorch_r58_BAG_L1
118,pendigits,RandomForest,9892,1100,10,0,RandomForest_r195_BAG_L1
119,pendigits,XGBoost,9892,1100,10,0,XGBoost_r182_BAG_L1
120,robert,CatBoost,9000,1000,10,0,CatBoost_r41_BAG_L1
121,robert,ExtraTrees,9000,1000,10,0,ExtraTrees_r19_BAG_L1
122,robert,LightGBM,9000,1000,10,0,LightGBM_r94_BAG_L1
123,robert,LinearModel,9000,1000,10,0,LinearModel_c1_BAG_L1
124,robert,NeuralNetFastAI,9000,1000,10,0,NeuralNetFastAI_r192_BAG_L1
125,robert,NeuralNetTorch,9000,1000,10,0,NeuralNetTorch_r51_BAG_L1
126,robert,RandomForest,9000,1000,10,0,RandomForest_r114_BAG_L1
127,robert,XGBoost,9000,1000,10,0,XGBoost_r99_BAG_L1
128,volcanoes-b1,CatBoost,9158,1018,5,0,CatBoost_r41_BAG_L1
129,volcanoes-b1,ExtraTrees,9158,1018,5,0,ExtraTrees_r139_BAG_L1
130,volcanoes-b1,LightGBM,9158,1018,5,0,LightGBM_r13_BAG_L1
131,volcanoes-b1,LinearModel,9158,1018,5,0,LinearModel_c2_BAG_L1
132,volcanoes-b1,NeuralNetFastAI,9158,1018,5,0,NeuralNetFastAI_r4_BAG_L1
133,volcanoes-b1,NeuralNetTorch,9158,1018,5,0,NeuralNetTorch_r184_BAG_L1
134,volcanoes-b1,RandomForest,9158,1018,5,0,RandomForest_r136_BAG_L1
135,volcanoes-b1,XGBoost,9158,1018,5,0,XGBoost_r45_BAG_L1
136,volcanoes-b2,CatBoost,9601,1067,5,0,CatBoost_r193_BAG_L1
137,volcanoes-b2,ExtraTrees,9601,1067,5,0,ExtraTrees_r107_BAG_L1
138,volcanoes-b2,LightGBM,9601,1067,5,0,LightGBM_r13_BAG_L1
139,volcanoes-b2,LinearModel,9601,1067,5,0,LinearModel_c2_BAG_L1
140,volcanoes-b2,NeuralNetFastAI,9601,1067,5,0,NeuralNetFastAI_r25_BAG_L1
141,volcanoes-b2,NeuralNetTorch,9601,1067,5,0,NeuralNetTorch_r6_BAG_L1
142,volcanoes-b2,RandomForest,9601,1067,5,0,RandomForest_r10_BAG_L1
143,volcanoes-b2,XGBoost,9601,1067,5,0,XGBoost_r134_BAG_L1
144,volcanoes-b5,CatBoost,8990,999,5,0,CatBoost_r49_BAG_L1
145,volcanoes-b5,ExtraTrees,8990,999,5,0,ExtraTrees_r107_BAG_L1
146,volcanoes-b5,LightGBM,8990,999,5,0,LightGBM_r94_BAG_L1
147,volcanoes-b5,LinearModel,8990,999,5,0,LinearModel_c2_BAG_L1
148,volcanoes-b5,NeuralNetFastAI,8990,999,5,0,NeuralNetFastAI_r34_BAG_L1
149,volcanoes-b5,NeuralNetTorch,8990,999,5,0,NeuralNetTorch_r6_BAG_L1
150,volcanoes-b5,RandomForest,8990,999,5,0,RandomForest_r136_BAG_L1
151,volcanoes-b5,XGBoost,8990,999,5,0,XGBoost_r27_BAG_L1
152,volcanoes-b6,CatBoost,9117,1013,5,0,CatBoost_r163_BAG_L1
153,volcanoes-b6,ExtraTrees,9117,1013,5,0,ExtraTrees_r107_BAG_L1
154,volcanoes-b6,LightGBM,9117,1013,5,0,LightGBM_r129_BAG_L1
155,volcanoes-b6,LinearModel,9117,1013,5,0,LinearModel_c2_BAG_L1
156,volcanoes-b6,NeuralNetFastAI,9117,1013,5,0,NeuralNetFastAI_r173_BAG_L1
157,volcanoes-b6,NeuralNetTorch,9117,1013,5,0,NeuralNetTorch_r31_BAG_L1
158,volcanoes-b6,RandomForest,9117,1013,5,0,RandomForest_r10_BAG_L1
159,volcanoes-b6,XGBoost,9117,1013,5,0,XGBoost_r149_BAG_L1
160,volkert,CatBoost,52479,5831,10,0,CatBoost_r163_BAG_L1
161,volkert,ExtraTrees,52479,5831,10,0,ExtraTrees_r144_BAG_L1
162,volkert,LightGBM,52479,5831,10,0,LightGBM_r44_BAG_L1
163,volkert,LinearModel,52479,5831,10,0,LinearModel_r2_BAG_L1
164,volkert,NeuralNetFastAI,52479,5831,10,0,NeuralNetFastAI_r138_BAG_L1
165,volkert,NeuralNetTorch,52479,5831,10,0,NeuralNetTorch_r77_BAG_L1
166,volkert,RandomForest,52479,5831,10,0,RandomForest_r32_BAG_L1
167,volkert,XGBoost,52479,5831,10,0,XGBoost_r37_BAG_L1
