,dataset,model,cal_size,test_size,tabrepo_fold,tabrepo_config
0,2dplanes,CatBoost,36691,4077,0,CatBoost_r97_BAG_L1
1,2dplanes,ExtraTrees,36691,4077,0,ExtraTrees_r136_BAG_L1
2,2dplanes,LightGBM,36691,4077,0,LightGBM_r40_BAG_L1
3,2dplanes,LinearModel,36691,4077,0,LinearModel_c1_BAG_L1
4,2dplanes,NeuralNetFastAI,36691,4077,0,NeuralNetFastAI_r182_BAG_L1
5,2dplanes,NeuralNetTorch,36691,4077,0,NeuralNetTorch_r72_BAG_L1
6,2dplanes,RandomForest,36691,4077,0,RandomForest_r122_BAG_L1
7,2dplanes,XGBoost,36691,4077,0,XGBoost_r74_BAG_L1
8,APSFailure,CatBoost,68400,7600,0,CatBoost_r3_BAG_L1
9,APSFailure,ExtraTrees,68400,7600,0,ExtraTrees_r178_BAG_L1
10,APSFailure,LightGBM,68400,7600,0,LightGBM_r128_BAG_L1
11,APSFailure,LinearModel,68400,7600,0,LinearModel_r15_BAG_L1
12,APSFailure,NeuralNetFastAI,68400,7600,0,NeuralNetFastAI_r58_BAG_L1
13,APSFailure,NeuralNetTorch,68400,7600,0,NeuralNetTorch_r127_BAG_L1
14,APSFailure,RandomForest,68400,7600,0,RandomForest_r166_BAG_L1
15,APSFailure,XGBoost,68400,7600,0,XGBoost_r193_BAG_L1
16,Amazon_employee_access,CatBoost,29492,3277,0,CatBoost_r107_BAG_L1
17,Amazon_employee_access,ExtraTrees,29492,3277,0,ExtraTrees_r119_BAG_L1
18,Amazon_employee_access,LightGBM,29492,3277,0,LightGBM_r47_BAG_L1
19,Amazon_employee_access,LinearModel,29492,3277,0,LinearModel_c1_BAG_L1
20,Amazon_employee_access,NeuralNetFastAI,29492,3277,0,NeuralNetFastAI_r161_BAG_L1
21,Amazon_employee_access,NeuralNetTorch,29492,3277,0,NeuralNetTorch_r9_BAG_L1
22,Amazon_employee_access,RandomForest,29492,3277,0,RandomForest_r126_BAG_L1
23,Amazon_employee_access,XGBoost,29492,3277,0,XGBoost_r53_BAG_L1
24,Click_prediction_small,CatBoost,35953,3995,0,CatBoost_r101_BAG_L1
25,Click_prediction_small,ExtraTrees,35953,3995,0,ExtraTrees_r185_BAG_L1
26,Click_prediction_small,LightGBM,35953,3995,0,LightGBM_r188_BAG_L1
27,Click_prediction_small,LinearModel,35953,3995,0,LinearModel_c1_BAG_L1
28,Click_prediction_small,NeuralNetFastAI,35953,3995,0,NeuralNetFastAI_r14_BAG_L1
29,Click_prediction_small,NeuralNetTorch,35953,3995,0,NeuralNetTorch_r156_BAG_L1
30,Click_prediction_small,RandomForest,35953,3995,0,RandomForest_r123_BAG_L1
31,Click_prediction_small,XGBoost,35953,3995,0,XGBoost_r20_BAG_L1
32,PhishingWebsites,CatBoost,9949,1106,0,CatBoost_r169_BAG_L1
33,PhishingWebsites,ExtraTrees,9949,1106,0,ExtraTrees_r126_BAG_L1
34,PhishingWebsites,LightGBM,9949,1106,0,LightGBM_r162_BAG_L1
35,PhishingWebsites,LinearModel,9949,1106,0,LinearModel_c1_BAG_L1
36,PhishingWebsites,NeuralNetFastAI,9949,1106,0,NeuralNetFastAI_r138_BAG_L1
37,PhishingWebsites,NeuralNetTorch,9949,1106,0,NeuralNetTorch_r143_BAG_L1
38,PhishingWebsites,RandomForest,9949,1106,0,RandomForest_r126_BAG_L1
39,PhishingWebsites,XGBoost,9949,1106,0,XGBoost_r62_BAG_L1
40,Run_or_walk_information,CatBoost,79729,8859,0,CatBoost_r43_BAG_L1
41,Run_or_walk_information,ExtraTrees,79729,8859,0,ExtraTrees_c1_BAG_L1
42,Run_or_walk_information,LightGBM,79729,8859,0,LightGBM_c2_BAG_L1
43,Run_or_walk_information,LinearModel,79729,8859,0,LinearModel_c2_BAG_L1
44,Run_or_walk_information,NeuralNetFastAI,79729,8859,0,NeuralNetFastAI_r51_BAG_L1
45,Run_or_walk_information,NeuralNetTorch,79729,8859,0,NeuralNetTorch_r153_BAG_L1
46,Run_or_walk_information,RandomForest,79729,8859,0,RandomForest_r132_BAG_L1
47,Run_or_walk_information,XGBoost,79729,8859,0,XGBoost_r86_BAG_L1
48,adult,CatBoost,43957,4885,0,CatBoost_r136_BAG_L1
49,adult,ExtraTrees,43957,4885,0,ExtraTrees_r103_BAG_L1
50,adult,LightGBM,43957,4885,0,LightGBM_r198_BAG_L1
51,adult,LinearModel,43957,4885,0,LinearModel_c2_BAG_L1
52,adult,NeuralNetFastAI,43957,4885,0,NeuralNetFastAI_r91_BAG_L1
53,adult,NeuralNetTorch,43957,4885,0,NeuralNetTorch_r81_BAG_L1
54,adult,RandomForest,43957,4885,0,RandomForest_r117_BAG_L1
55,adult,XGBoost,43957,4885,0,XGBoost_r110_BAG_L1
56,ailerons,CatBoost,12375,1375,0,CatBoost_r165_BAG_L1
57,ailerons,ExtraTrees,12375,1375,0,ExtraTrees_r103_BAG_L1
58,ailerons,LightGBM,12375,1375,0,LightGBM_r148_BAG_L1
59,ailerons,LinearModel,12375,1375,0,LinearModel_c2_BAG_L1
60,ailerons,NeuralNetFastAI,12375,1375,0,NeuralNetFastAI_r137_BAG_L1
61,ailerons,NeuralNetTorch,12375,1375,0,NeuralNetTorch_r63_BAG_L1
62,ailerons,RandomForest,12375,1375,0,RandomForest_r129_BAG_L1
63,ailerons,XGBoost,12375,1375,0,XGBoost_r113_BAG_L1
64,bank-marketing,CatBoost,40689,4522,0,CatBoost_r173_BAG_L1
65,bank-marketing,ExtraTrees,40689,4522,0,ExtraTrees_r103_BAG_L1
66,bank-marketing,LightGBM,40689,4522,0,LightGBM_r95_BAG_L1
67,bank-marketing,LinearModel,40689,4522,0,LinearModel_r43_BAG_L1
68,bank-marketing,NeuralNetFastAI,40689,4522,0,NeuralNetFastAI_r54_BAG_L1
69,bank-marketing,NeuralNetTorch,40689,4522,0,NeuralNetTorch_r96_BAG_L1
70,bank-marketing,RandomForest,40689,4522,0,RandomForest_r163_BAG_L1
71,bank-marketing,XGBoost,40689,4522,0,XGBoost_r57_BAG_L1
72,delta_elevators,CatBoost,8565,952,0,CatBoost_r60_BAG_L1
73,delta_elevators,ExtraTrees,8565,952,0,ExtraTrees_r119_BAG_L1
74,delta_elevators,LightGBM,8565,952,0,LightGBM_r67_BAG_L1
75,delta_elevators,LinearModel,8565,952,0,LinearModel_c1_BAG_L1
76,delta_elevators,NeuralNetFastAI,8565,952,0,NeuralNetFastAI_r99_BAG_L1
77,delta_elevators,NeuralNetTorch,8565,952,0,NeuralNetTorch_r143_BAG_L1
78,delta_elevators,RandomForest,8565,952,0,RandomForest_r100_BAG_L1
79,delta_elevators,XGBoost,8565,952,0,XGBoost_r182_BAG_L1
80,eeg-eye-state,CatBoost,13482,1498,0,CatBoost_r147_BAG_L1
81,eeg-eye-state,ExtraTrees,13482,1498,0,ExtraTrees_r195_BAG_L1
82,eeg-eye-state,LightGBM,13482,1498,0,LightGBM_r35_BAG_L1
83,eeg-eye-state,LinearModel,13482,1498,0,LinearModel_r9_BAG_L1
84,eeg-eye-state,NeuralNetFastAI,13482,1498,0,NeuralNetFastAI_r134_BAG_L1
85,eeg-eye-state,NeuralNetTorch,13482,1498,0,NeuralNetTorch_r58_BAG_L1
86,eeg-eye-state,RandomForest,13482,1498,0,RandomForest_c1_BAG_L1
87,eeg-eye-state,XGBoost,13482,1498,0,XGBoost_r144_BAG_L1
88,electricity,CatBoost,40780,4532,0,CatBoost_r143_BAG_L1
89,electricity,ExtraTrees,40780,4532,0,ExtraTrees_r144_BAG_L1
90,electricity,LightGBM,40780,4532,0,LightGBM_r177_BAG_L1
91,electricity,LinearModel,40780,4532,0,LinearModel_r47_BAG_L1
92,electricity,NeuralNetFastAI,40780,4532,0,NeuralNetFastAI_r7_BAG_L1
93,electricity,NeuralNetTorch,40780,4532,0,NeuralNetTorch_r22_BAG_L1
94,electricity,RandomForest,40780,4532,0,RandomForest_r195_BAG_L1
95,electricity,XGBoost,40780,4532,0,XGBoost_r129_BAG_L1
96,fried,CatBoost,36691,4077,0,CatBoost_r23_BAG_L1
97,fried,ExtraTrees,36691,4077,0,ExtraTrees_r195_BAG_L1
98,fried,LightGBM,36691,4077,0,LightGBM_r96_BAG_L1
99,fried,LinearModel,36691,4077,0,LinearModel_r12_BAG_L1
100,fried,NeuralNetFastAI,36691,4077,0,NeuralNetFastAI_r30_BAG_L1
101,fried,NeuralNetTorch,36691,4077,0,NeuralNetTorch_r26_BAG_L1
102,fried,RandomForest,36691,4077,0,RandomForest_r110_BAG_L1
103,fried,XGBoost,36691,4077,0,XGBoost_r27_BAG_L1
104,houses,CatBoost,18576,2064,0,CatBoost_r75_BAG_L1
105,houses,ExtraTrees,18576,2064,0,ExtraTrees_r144_BAG_L1
106,houses,LightGBM,18576,2064,0,LightGBM_r148_BAG_L1
107,houses,LinearModel,18576,2064,0,LinearModel_r35_BAG_L1
108,houses,NeuralNetFastAI,18576,2064,0,NeuralNetFastAI_r51_BAG_L1
109,houses,NeuralNetTorch,18576,2064,0,NeuralNetTorch_r1_BAG_L1
110,houses,RandomForest,18576,2064,0,RandomForest_r110_BAG_L1
111,houses,XGBoost,18576,2064,0,XGBoost_r69_BAG_L1
112,jm1,CatBoost,9796,1089,0,CatBoost_r105_BAG_L1
113,jm1,ExtraTrees,9796,1089,0,ExtraTrees_r157_BAG_L1
114,jm1,LightGBM,9796,1089,0,LightGBM_r54_BAG_L1
115,jm1,LinearModel,9796,1089,0,LinearModel_c1_BAG_L1
116,jm1,NeuralNetFastAI,9796,1089,0,NeuralNetFastAI_r7_BAG_L1
117,jm1,NeuralNetTorch,9796,1089,0,NeuralNetTorch_r154_BAG_L1
118,jm1,RandomForest,9796,1089,0,RandomForest_r132_BAG_L1
119,jm1,XGBoost,9796,1089,0,XGBoost_r2_BAG_L1
120,kdd_internet_usage,CatBoost,9097,1011,0,CatBoost_r116_BAG_L1
121,kdd_internet_usage,ExtraTrees,9097,1011,0,ExtraTrees_r139_BAG_L1
122,kdd_internet_usage,LightGBM,9097,1011,0,LightGBM_r75_BAG_L1
123,kdd_internet_usage,LinearModel,9097,1011,0,LinearModel_c1_BAG_L1
124,kdd_internet_usage,NeuralNetFastAI,9097,1011,0,NeuralNetFastAI_r108_BAG_L1
125,kdd_internet_usage,NeuralNetTorch,9097,1011,0,NeuralNetTorch_r181_BAG_L1
126,kdd_internet_usage,RandomForest,9097,1011,0,RandomForest_r110_BAG_L1
127,kdd_internet_usage,XGBoost,9097,1011,0,XGBoost_r184_BAG_L1
128,kick,CatBoost,65684,7299,0,CatBoost_r69_BAG_L1
129,kick,ExtraTrees,65684,7299,0,ExtraTrees_r111_BAG_L1
130,kick,LightGBM,65684,7299,0,LightGBM_r19_BAG_L1
131,kick,LinearModel,65684,7299,0,LinearModel_c1_BAG_L1
132,kick,NeuralNetFastAI,65684,7299,0,NeuralNetFastAI_r186_BAG_L1
133,kick,NeuralNetTorch,65684,7299,0,NeuralNetTorch_r31_BAG_L1
134,kick,RandomForest,65684,7299,0,RandomForest_r123_BAG_L1
135,kick,XGBoost,65684,7299,0,XGBoost_r184_BAG_L1
136,mammography,CatBoost,10064,1119,0,CatBoost_r86_BAG_L1
137,mammography,ExtraTrees,10064,1119,0,ExtraTrees_r178_BAG_L1
138,mammography,LightGBM,10064,1119,0,LightGBM_r148_BAG_L1
139,mammography,LinearModel,10064,1119,0,LinearModel_c2_BAG_L1
140,mammography,NeuralNetFastAI,10064,1119,0,NeuralNetFastAI_r46_BAG_L1
141,mammography,NeuralNetTorch,10064,1119,0,NeuralNetTorch_r3_BAG_L1
142,mammography,RandomForest,10064,1119,0,RandomForest_r123_BAG_L1
143,mammography,XGBoost,10064,1119,0,XGBoost_r79_BAG_L1
144,mc1,CatBoost,8519,947,0,CatBoost_r52_BAG_L1
145,mc1,ExtraTrees,8519,947,0,ExtraTrees_r119_BAG_L1
146,mc1,LightGBM,8519,947,0,LightGBM_r136_BAG_L1
147,mc1,LinearModel,8519,947,0,LinearModel_c1_BAG_L1
148,mc1,NeuralNetFastAI,8519,947,0,NeuralNetFastAI_r137_BAG_L1
149,mc1,NeuralNetTorch,8519,947,0,NeuralNetTorch_r182_BAG_L1
150,mc1,RandomForest,8519,947,0,RandomForest_r111_BAG_L1
151,mc1,XGBoost,8519,947,0,XGBoost_r103_BAG_L1
152,mozilla4,CatBoost,13990,1555,0,CatBoost_r21_BAG_L1
153,mozilla4,ExtraTrees,13990,1555,0,ExtraTrees_r195_BAG_L1
154,mozilla4,LightGBM,13990,1555,0,LightGBM_r161_BAG_L1
155,mozilla4,LinearModel,13990,1555,0,LinearModel_r27_BAG_L1
156,mozilla4,NeuralNetFastAI,13990,1555,0,NeuralNetFastAI_r51_BAG_L1
157,mozilla4,NeuralNetTorch,13990,1555,0,NeuralNetTorch_r22_BAG_L1
158,mozilla4,RandomForest,13990,1555,0,RandomForest_r195_BAG_L1
159,mozilla4,XGBoost,13990,1555,0,XGBoost_r132_BAG_L1
160,nomao,CatBoost,31018,3447,0,CatBoost_r67_BAG_L1
161,nomao,ExtraTrees,31018,3447,0,ExtraTrees_c1_BAG_L1
162,nomao,LightGBM,31018,3447,0,LightGBM_r106_BAG_L1
163,nomao,LinearModel,31018,3447,0,LinearModel_r49_BAG_L1
164,nomao,NeuralNetFastAI,31018,3447,0,NeuralNetFastAI_r168_BAG_L1
165,nomao,NeuralNetTorch,31018,3447,0,NeuralNetTorch_r134_BAG_L1
166,nomao,RandomForest,31018,3447,0,RandomForest_r166_BAG_L1
167,nomao,XGBoost,31018,3447,0,XGBoost_r142_BAG_L1
168,numerai28_6,CatBoost,86688,9632,0,CatBoost_r197_BAG_L1
169,numerai28_6,ExtraTrees,86688,9632,0,ExtraTrees_r136_BAG_L1
170,numerai28_6,LightGBM,86688,9632,0,LightGBM_r150_BAG_L1
171,numerai28_6,LinearModel,86688,9632,0,LinearModel_r39_BAG_L1
172,numerai28_6,NeuralNetFastAI,86688,9632,0,NeuralNetFastAI_r148_BAG_L1
173,numerai28_6,NeuralNetTorch,86688,9632,0,NeuralNetTorch_r129_BAG_L1
174,numerai28_6,RandomForest,86688,9632,0,RandomForest_r10_BAG_L1
175,numerai28_6,XGBoost,86688,9632,0,XGBoost_r84_BAG_L1
