modality,metric,method,avg_rank,avg_pct_of_max_ce,median_pct_of_max_ce,n_experiments,n_experiments_pct
binary,brier,Beta,3.063758389261745,71.1044087570616,91.90959177312702,149,19
binary,brier,Hist-quantile,4.399328859060403,24.251336490589452,0.0,149,19
binary,brier,Hist-uniform,4.02013422818792,57.90862256307817,64.13527343877946,149,19
binary,brier,Isotonic,3.51006711409396,86.26105802626607,93.20252661040472,149,19
binary,brier,Quadratic,3.1912751677852347,70.3354897645304,89.50532439981546,149,19
binary,brier,WS-CatBoost,2.815436241610738,87.11988470981012,99.30619758995145,149,19
binary,l1,Beta,3.2885906040268456,54.25368764456045,64.11453104099238,149,149
binary,l1,Hist-quantile,4.057046979865772,43.98327269943204,46.7875051527661,149,149
binary,l1,Hist-uniform,3.6677852348993287,52.172841710245876,59.50082716218511,149,149
binary,l1,Isotonic,3.523489932885906,51.4176618364458,57.64576021440893,149,149
binary,l1,Quadratic,3.315436241610738,53.526057044049764,67.45836983001249,149,149
binary,l1,WS-CatBoost,3.1476510067114094,56.17666224683535,62.778746703445165,149,149
binary,l2,Beta,3.2885906040268456,54.25368764456045,64.11453104099238,149,149
binary,l2,Hist-quantile,4.057046979865772,43.98327269943204,46.7875051527661,149,149
binary,l2,Hist-uniform,3.6677852348993287,52.172841710245876,59.50082716218511,149,149
binary,l2,Isotonic,3.523489932885906,51.4176618364458,57.64576021440893,149,149
binary,l2,Quadratic,3.315436241610738,53.526057044049764,67.45836983001249,149,149
binary,l2,WS-CatBoost,3.1476510067114094,56.17666224683535,62.778746703445165,149,149
multiclass,brier,SMS,2.4966666666666666,61.6867580571788,87.42514533462321,150,78
multiclass,brier,SVS,2.6133333333333333,53.61016627875621,65.88740976759223,150,78
multiclass,brier,TS,2.9133333333333336,42.031441947195404,25.250496523568618,150,78
multiclass,brier,WS-CatBoost,1.9766666666666666,92.28805819265312,100.0,150,78
multiclass,l1,SMS,2.4166666666666665,68.57805508128237,80.23480005968793,150,148
multiclass,l1,SVS,2.736666666666667,59.334592477809736,74.0032416259686,150,148
multiclass,l1,TS,2.84,57.15885634050727,64.90602504943811,150,148
multiclass,l1,WS-CatBoost,2.006666666666667,81.67245189518202,99.18869478851785,150,148
multiclass,l2,SMS,2.37,71.02678505680719,86.6335384260558,150,150
multiclass,l2,SVS,2.816666666666667,60.782835336843725,73.4037665333698,150,150
multiclass,l2,TS,2.83,56.66015396581366,67.8236961136198,150,150
multiclass,l2,WS-CatBoost,1.9833333333333334,81.25626123206327,99.22045915684096,150,150
