dataset,model,test_size,Beta_brier,Beta_l1,Beta_l2,Beta_brier_unclipped,Beta_l1_unclipped,Beta_l2_unclipped,Beta_time
2dplanes,CatBoost,4077,0.0,9.658125553897798e-07,9.658125553897798e-07,-0.00016838394164173833,9.658125553897798e-07,9.658125553897798e-07,0.009051249988260679
2dplanes,ExtraTrees,4077,0.0,0.0014297802768862106,0.0014297802768862106,-0.0001367544390336049,0.0014297802768862106,0.0014297802768862106,0.006851583006209694
2dplanes,LightGBM,4077,0.0,0.0,0.0,-0.00016264530854038223,-0.0064326873064516395,-0.0064326873064516395,0.006291792000411078
2dplanes,LinearModel,4077,2.4579814407677947e-05,0.011416670806946493,0.011416670806946493,2.4579814407677947e-05,0.011416670806946493,0.011416670806946493,0.007131667007342912
2dplanes,NeuralNetFastAI,4077,0.0,0.0,0.0,-0.00010025809969375958,-0.005174231065280128,-0.005174231065280128,0.007000625002547167
2dplanes,NeuralNetTorch,4077,9.783003961162742e-05,0.0027490934353930413,0.0027490934353930413,9.783003961162742e-05,0.0027490934353930413,0.0027490934353930413,0.0069847090053372085
2dplanes,RandomForest,4077,0.0,0.0026744170612661004,0.0026744170612661004,-5.4960271440066275e-05,0.0026744170612661004,0.0026744170612661004,0.00666629099578131
2dplanes,XGBoost,4077,0.0,0.0,0.0,-0.0001290927176633388,-0.005338927390380985,-0.005338927390380985,0.006692249997286126
APSFailure,CatBoost,7600,0.0,0.001444539402692068,0.001444539402692068,-6.363025384973289e-05,0.001444539402692068,0.001444539402692068,0.011639167001703754
APSFailure,ExtraTrees,7600,0.000611973832800806,0.004780276298913936,0.004780276298913936,0.000611973832800806,0.004780276298913936,0.004780276298913936,0.012156750002759509
APSFailure,LightGBM,7600,1.406813982963834e-05,0.0009172186505980119,0.0009172186505980119,1.406813982963834e-05,0.0009172186505980119,0.0009172186505980119,0.012500917000579648
APSFailure,LinearModel,7600,0.0,0.0,0.0,-0.00010620748797610517,-0.0003890602927078313,-0.0003890602927078313,0.012646584000322036
APSFailure,NeuralNetFastAI,7600,0.0002585529603461064,0.0028652450185278977,0.0028652450185278977,0.0002585529603461064,0.0028652450185278977,0.0028652450185278977,0.011611582987825386
APSFailure,NeuralNetTorch,7600,0.0,0.001017481576219612,0.001017481576219612,-2.9411431808248812e-05,0.001017481576219612,0.001017481576219612,0.010941083004581742
APSFailure,RandomForest,7600,0.000692397488932336,0.005290350887716111,0.005290350887716111,0.000692397488932336,0.005290350887716111,0.005290350887716111,0.012969999996130355
APSFailure,XGBoost,7600,0.0,0.0017295080271421618,0.0017295080271421618,-7.860251694299418e-05,0.0017295080271421618,0.0017295080271421618,0.011964208009885624
Amazon_employee_access,CatBoost,3277,0.0,0.005638353886957536,0.005638353886957536,-8.471248248852202e-05,0.005638353886957536,0.005638353886957536,0.008077165999566205
Amazon_employee_access,ExtraTrees,3277,0.0006238108037537264,0.016249090246685693,0.016249090246685693,0.0006238108037537264,0.016249090246685693,0.016249090246685693,0.007568375003756955
Amazon_employee_access,LightGBM,3277,0.0,0.002068913950129257,0.002068913950129257,-0.00034690095510798985,0.002068913950129257,0.002068913950129257,0.0073606250080047175
Amazon_employee_access,LinearModel,3277,9.975925706023576e-05,0.0045692592445473355,0.0045692592445473355,9.975925706023576e-05,0.0045692592445473355,0.0045692592445473355,0.006764250007108785
Amazon_employee_access,NeuralNetFastAI,3277,0.0004261571148404177,0.004738690665228759,0.004738690665228759,0.0004261571148404177,0.004738690665228759,0.004738690665228759,0.011165332995005883
Amazon_employee_access,NeuralNetTorch,3277,0.0,0.005999119658458513,0.005999119658458513,-0.00017150053055647467,0.005999119658458513,0.005999119658458513,0.006972250004764646
Amazon_employee_access,RandomForest,3277,0.0003294069791879865,0.012594094786987387,0.012594094786987387,0.0003294069791879865,0.012594094786987387,0.012594094786987387,0.007470457989256829
Amazon_employee_access,XGBoost,3277,0.0,0.0025907344274907203,0.0025907344274907203,-9.879915927990822e-05,0.0025907344274907203,0.0025907344274907203,0.007351666994509287
Click_prediction_small,CatBoost,3995,0.0,0.0,0.0,-0.00015877473748610412,-0.0025996840097364483,-0.0025996840097364483,0.009433791012270376
Click_prediction_small,ExtraTrees,3995,0.0,0.0005198097670653623,0.0005198097670653623,-0.00012043843180397702,0.0005198097670653623,0.0005198097670653623,0.010005333009758033
Click_prediction_small,LightGBM,3995,0.0,0.0,0.0,-0.00014733973723866136,-1.8643756258360884e-05,-1.8643756258360884e-05,0.00957370900141541
Click_prediction_small,LinearModel,3995,0.0008609583239947192,0.026487421419807197,0.026487421419807197,0.0008609583239947192,0.026487421419807197,0.026487421419807197,0.008910208998713642
Click_prediction_small,NeuralNetFastAI,3995,0.0,0.0,0.0,-0.00019789911334676069,-0.007409965230480713,-0.007409965230480713,0.009661375006544404
Click_prediction_small,NeuralNetTorch,3995,0.0,0.002948119610755498,0.002948119610755498,-0.00012144983216641527,0.002948119610755498,0.002948119610755498,0.00907629200082738
Click_prediction_small,RandomForest,3995,0.0,0.0,0.0,-0.00032684117822203096,-0.00797632575347333,-0.00797632575347333,0.009683374999440275
Click_prediction_small,XGBoost,3995,0.0,0.0,0.0,-0.00021183464879718627,-0.00943926941875592,-0.00943926941875592,0.007794999997713603
PhishingWebsites,CatBoost,1106,0.0,0.009506475396760184,0.009506475396760184,-0.0002635447427951865,0.009506475396760184,0.009506475396760184,0.00482233299408108
PhishingWebsites,ExtraTrees,1106,0.004799314018270665,0.045942427912473535,0.045942427912473535,0.004799314018270665,0.045942427912473535,0.045942427912473535,0.005208457994740456
PhishingWebsites,LightGBM,1106,0.0,0.009664849582987448,0.009664849582987448,-0.0001589615491713722,0.009664849582987448,0.009664849582987448,0.0047016659955261275
PhishingWebsites,LinearModel,1106,0.0,0.0,0.0,-0.00029226925815257186,-0.006479407951409506,-0.006479407951409506,0.004836124993744306
PhishingWebsites,NeuralNetFastAI,1106,5.68296597118498e-05,0.005396941173553954,0.005396941173553954,5.68296597118498e-05,0.005396941173553954,0.005396941173553954,0.0045847080036764964
PhishingWebsites,NeuralNetTorch,1106,0.000246622590198821,0.011014387815509709,0.011014387815509709,0.000246622590198821,0.011014387815509709,0.011014387815509709,0.004652624993468635
PhishingWebsites,RandomForest,1106,0.0034504823067602994,0.03748197752424142,0.03748197752424142,0.0034504823067602994,0.03748197752424142,0.03748197752424142,0.005338249990018085
PhishingWebsites,XGBoost,1106,0.0,0.010356754497821837,0.010356754497821837,-0.00017711035624539307,0.010356754497821837,0.010356754497821837,0.0047483329981332645
Run_or_walk_information,CatBoost,8859,0.0,0.0,0.0,-0.0001174645439970202,-0.00031192669109502444,-0.00031192669109502444,0.010105499997735023
Run_or_walk_information,ExtraTrees,8859,0.0015550027924091383,0.018565299332024974,0.018565299332024974,0.0015550027924091383,0.018565299332024974,0.018565299332024974,0.010971541007165797
Run_or_walk_information,LightGBM,8859,0.0,0.000747947088429289,0.000747947088429289,-5.1801095524342885e-05,0.000747947088429289,0.000747947088429289,0.010843541997019202
Run_or_walk_information,LinearModel,8859,0.008484484726137111,0.09761755277325017,0.09761755277325017,0.008484484726137111,0.09761755277325017,0.09761755277325017,0.02214758298941888
Run_or_walk_information,NeuralNetFastAI,8859,0.0,0.0009456093311113505,0.0009456093311113505,-3.430148987191731e-05,0.0009456093311113505,0.0009456093311113505,0.010667750000720844
Run_or_walk_information,NeuralNetTorch,8859,1.1533658952193336e-05,0.001136758245626069,0.001136758245626069,1.1533658952193336e-05,0.001136758245626069,0.001136758245626069,0.010315291990991682
Run_or_walk_information,RandomForest,8859,0.0004896137575688869,0.009595079455913627,0.009595079455913627,0.0004896137575688869,0.009595079455913627,0.009595079455913627,0.010614291997626424
Run_or_walk_information,XGBoost,8859,0.0,0.0,0.0,-0.00014850066510360438,-0.00046279247415890665,-0.00046279247415890665,0.010338082996895537
adult,CatBoost,4885,0.0,0.0,0.0,-9.168597317004062e-05,-0.006560183430422269,-0.006560183430422269,0.009430209000129253
adult,ExtraTrees,4885,3.389681667181684e-05,0.005700991742258305,0.005700991742258305,3.389681667181684e-05,0.005700991742258305,0.005700991742258305,0.00970937499369029
adult,LightGBM,4885,0.0,0.0,0.0,-0.00010352598026591466,-0.0011312442398429305,-0.0011312442398429305,0.00915158299903851
adult,LinearModel,4885,0.0,0.008418918545750501,0.008418918545750501,-0.0001397740450617357,0.008418918545750501,0.008418918545750501,0.009782875000382774
adult,NeuralNetFastAI,4885,0.0,0.0,0.0,-0.00010778743362021968,-0.003696081108455939,-0.003696081108455939,0.009783875007997267
adult,NeuralNetTorch,4885,0.0,0.0,0.0,-0.00031377040226088226,-0.011806486230900304,-0.011806486230900304,0.009268124995287508
adult,RandomForest,4885,5.44733853574986e-05,0.00499921764044223,0.00499921764044223,5.44733853574986e-05,0.00499921764044223,0.00499921764044223,0.00974300000234507
adult,XGBoost,4885,0.0,0.0,0.0,-0.00011498125176666856,-0.004924037732814074,-0.004924037732814074,0.009052667010109872
ailerons,CatBoost,1375,0.0,0.0045224436661651865,0.0045224436661651865,-0.00029447403601839104,0.0045224436661651865,0.0045224436661651865,0.005299291995470412
ailerons,ExtraTrees,1375,0.0,0.0,0.0,-0.00095559560648601,-0.009149935563698157,-0.009149935563698157,0.0056463749933755025
ailerons,LightGBM,1375,0.0,0.0,0.0,-0.0008581082310993213,-0.01016039919980209,-0.01016039919980209,0.0054599169961875305
ailerons,LinearModel,1375,0.0,0.0,0.0,-0.0013149103393461335,-0.028309169423766434,-0.028309169423766434,0.005186333000892773
ailerons,NeuralNetFastAI,1375,0.0,0.0,0.0,-0.0008992524777542413,-0.005541132422201289,-0.005541132422201289,0.005406875003245659
ailerons,NeuralNetTorch,1375,0.0,0.0,0.0,-0.0008241474718754941,-0.019196196857461472,-0.019196196857461472,0.0054782090010121465
ailerons,RandomForest,1375,0.0,0.0,0.0,-0.0012846166737460753,-0.02265423532529861,-0.02265423532529861,0.0054896249930607155
ailerons,XGBoost,1375,0.0,0.0013659857803405347,0.0013659857803405347,-0.0006656708295668186,0.0013659857803405347,0.0013659857803405347,0.005137332991580479
bank-marketing,CatBoost,4522,0.00029980895977197743,0.010891653980650388,0.010891653980650388,0.00029980895977197743,0.010891653980650388,0.010891653980650388,0.008754624999710359
bank-marketing,ExtraTrees,4522,7.276520827182767e-05,0.010369112073453845,0.010369112073453845,7.276520827182767e-05,0.010369112073453845,0.010369112073453845,0.009297083001001738
bank-marketing,LightGBM,4522,0.0002511470029307867,0.00914359702030892,0.00914359702030892,0.0002511470029307867,0.00914359702030892,0.00914359702030892,0.009372708009323105
bank-marketing,LinearModel,4522,0.0013462821768473869,0.019040400228952356,0.019040400228952356,0.0013462821768473869,0.019040400228952356,0.019040400228952356,0.011811207994469441
bank-marketing,NeuralNetFastAI,4522,0.0,0.0,0.0,-6.378339992180366e-05,-0.0001901366634743276,-0.0001901366634743276,0.008871625002939254
bank-marketing,NeuralNetTorch,4522,0.00010161631534018716,0.005192584789077213,0.005192584789077213,0.00010161631534018716,0.005192584789077213,0.005192584789077213,0.008099334008875303
bank-marketing,RandomForest,4522,6.982346235922343e-05,0.007540828352802675,0.007540828352802675,6.982346235922343e-05,0.007540828352802675,0.007540828352802675,0.008987042005173862
bank-marketing,XGBoost,4522,0.0007005385559818464,0.014020256223620702,0.014020256223620702,0.0007005385559818464,0.014020256223620702,0.014020256223620702,0.0087229579949053
delta_elevators,CatBoost,952,0.0,0.0,0.0,-0.0011917076659801794,-0.014919392770804864,-0.014919392770804864,0.00540125000406988
delta_elevators,ExtraTrees,952,0.00026327438576998375,0.024967605787125893,0.024967605787125893,0.00026327438576998375,0.024967605787125893,0.024967605787125893,0.004714000009698793
delta_elevators,LightGBM,952,0.0,0.0,0.0,-0.0010885232406029255,-0.012090434335923496,-0.012090434335923496,0.004965999993146397
delta_elevators,LinearModel,952,0.0,0.0,0.0,-0.0010539395312808013,-0.0012978911373550033,-0.0012978911373550033,0.00464270799420774
delta_elevators,NeuralNetFastAI,952,0.0,0.0,0.0,-0.0011682635383798664,-0.03285805301959595,-0.03285805301959595,0.004839707995415665
delta_elevators,NeuralNetTorch,952,0.0,0.0,0.0,-0.0011191711407007173,-0.026415598595993274,-0.026415598595993274,0.0047012909926706925
delta_elevators,RandomForest,952,0.0,0.0,0.0,-0.0011551383312742214,-0.012498645313566417,-0.012498645313566417,0.004678207988035865
delta_elevators,XGBoost,952,0.0,0.0,0.0,-0.0011132711245885629,-0.011829766121784914,-0.011829766121784914,0.004667041008360684
eeg-eye-state,CatBoost,1498,0.0002743804230781494,0.010678167097356592,0.010678167097356592,0.0002743804230781494,0.010678167097356592,0.010678167097356592,0.005327499995473772
eeg-eye-state,ExtraTrees,1498,0.02324259546165589,0.13136181603303956,0.13136181603303956,0.02324259546165589,0.13136181603303956,0.13136181603303956,0.006054958008462563
eeg-eye-state,LightGBM,1498,0.00043296935331798273,0.013222772440316099,0.013222772440316099,0.00043296935331798273,0.013222772440316099,0.013222772440316099,0.005637291993480176
eeg-eye-state,LinearModel,1498,0.0,0.0,0.0,-0.000658319358484343,-0.005213544205408071,-0.005213544205408071,0.005479666011524387
eeg-eye-state,NeuralNetFastAI,1498,0.0052712410067971205,0.06192482844118193,0.06192482844118193,0.0052712410067971205,0.06192482844118193,0.06192482844118193,0.005179333995329216
eeg-eye-state,NeuralNetTorch,1498,0.0,0.0,0.0,-0.0005755529553404478,-0.0016217132197316223,-0.0016217132197316223,0.005447583011118695
eeg-eye-state,RandomForest,1498,0.02009485719935314,0.12557854966287849,0.12557854966287849,0.02009485719935314,0.12557854966287849,0.12557854966287849,0.00611229200148955
eeg-eye-state,XGBoost,1498,0.0005152115129672843,0.009124450164264145,0.009124450164264145,0.0005152115129672843,0.009124450164264145,0.009124450164264145,0.005345875004422851
electricity,CatBoost,4532,0.0,0.000972445692617529,0.000972445692617529,-5.42176678949609e-05,0.000972445692617529,0.000972445692617529,0.008797333008260466
electricity,ExtraTrees,4532,0.005232984131367867,0.06229184984649957,0.06229184984649957,0.005232984131367867,0.06229184984649957,0.06229184984649957,0.008636375001515262
electricity,LightGBM,4532,0.0,0.0,0.0,-0.0001115021164697043,-0.0057635071643639384,-0.0057635071643639384,0.008153792005032301
electricity,LinearModel,4532,0.0,0.0,0.0,-0.00046078327142192897,-0.01702729980947562,-0.01702729980947562,0.008067707996815443
electricity,NeuralNetFastAI,4532,3.806372136464745e-05,0.011204923284785983,0.011204923284785983,3.806372136464745e-05,0.011204923284785983,0.011204923284785983,0.008546957993530668
electricity,NeuralNetTorch,4532,0.0,0.0036134332089481345,0.0036134332089481345,-0.0002248379518278607,0.0036134332089481345,0.0036134332089481345,0.00845291699806694
electricity,RandomForest,4532,0.0031345509664397575,0.04400117593044325,0.04400117593044325,0.0031345509664397575,0.04400117593044325,0.04400117593044325,0.00715829199180007
electricity,XGBoost,4532,0.0,0.0,0.0,-0.00010873556896558424,-0.003996280915243491,-0.003996280915243491,0.00833791600598488
fried,CatBoost,4077,0.0,0.011197921577352917,0.011197921577352917,-5.216824658302777e-06,0.011197921577352917,0.011197921577352917,0.0075234999967506155
fried,ExtraTrees,4077,0.004529483833783928,0.05184203978874171,0.05184203978874171,0.004529483833783928,0.05184203978874171,0.05184203978874171,0.006601291999686509
fried,LightGBM,4077,0.0,0.0,0.0,-0.0003777763321667226,-0.0007305506649208514,-0.0007305506649208514,0.007276416989043355
fried,LinearModel,4077,0.0003168848411076744,0.023064267136645576,0.023064267136645576,0.0003168848411076744,0.023064267136645576,0.023064267136645576,0.007411957994918339
fried,NeuralNetFastAI,4077,0.0,0.0,0.0,-0.0004113506670476925,-0.000956488894107942,-0.000956488894107942,0.007031999994069338
fried,NeuralNetTorch,4077,0.0,0.006390752330416262,0.006390752330416262,-0.00012695041404234717,0.006390752330416262,0.006390752330416262,0.007345707999775186
fried,RandomForest,4077,0.001828325376968249,0.03346034704843567,0.03346034704843567,0.001828325376968249,0.03346034704843567,0.03346034704843567,0.007861083999159746
fried,XGBoost,4077,0.0,0.0018203977917281718,0.0018203977917281718,-0.00022521337721867488,0.0018203977917281718,0.0018203977917281718,0.007364709003013559
houses,CatBoost,2064,0.0,0.000904370144400123,0.000904370144400123,-0.0002989249023800636,0.000904370144400123,0.000904370144400123,0.005802500003483146
houses,ExtraTrees,2064,0.00035077001722119705,0.006773254960006493,0.006773254960006493,0.00035077001722119705,0.006773254960006493,0.006773254960006493,0.0063816659967415035
houses,LightGBM,2064,0.0,0.0027326396914815645,0.0027326396914815645,-3.1358225116721624e-05,0.0027326396914815645,0.0027326396914815645,0.0060973749932600185
houses,LinearModel,2064,0.0,0.0,0.0,-0.0004759764417079769,-0.002931540431276968,-0.002931540431276968,0.005805292006698437
houses,NeuralNetFastAI,2064,0.00011089909153558457,0.0050958539557598385,0.0050958539557598385,0.00011089909153558457,0.0050958539557598385,0.0050958539557598385,0.005800790997454897
houses,NeuralNetTorch,2064,0.0003257059005442075,0.008790565489635417,0.008790565489635417,0.0003257059005442075,0.008790565489635417,0.008790565489635417,0.006868790995213203
houses,RandomForest,2064,0.0002397987409552186,0.00765697762147657,0.00765697762147657,0.0002397987409552186,0.00765697762147657,0.00765697762147657,0.006693584000458941
houses,XGBoost,2064,1.6639953889132228e-05,0.0028534319064755604,0.0028534319064755604,1.6639953889132228e-05,0.0028534319064755604,0.0028534319064755604,0.006030249991454184
jm1,CatBoost,1089,0.0,0.0027147730054715227,0.0027147730054715227,-0.0013844186824088591,0.0027147730054715227,0.0027147730054715227,0.005272167007206008
jm1,ExtraTrees,1089,0.0,0.0,0.0,-0.0014092038045218612,-0.024336591079077256,-0.024336591079077256,0.0053808749944437295
jm1,LightGBM,1089,0.0,0.0,0.0,-0.0018086768364435053,-0.021265559815232968,-0.021265559815232968,0.005655500004650094
jm1,LinearModel,1089,0.0,0.0,0.0,-0.001083727179874216,-0.019292431502090725,-0.019292431502090725,0.005846416999702342
jm1,NeuralNetFastAI,1089,0.0,0.0,0.0,-0.001180711987042335,-0.017305136874619157,-0.017305136874619157,0.005136749998200685
jm1,NeuralNetTorch,1089,0.0,0.0,0.0,-0.0015817803171104118,-0.03307171926608769,-0.03307171926608769,0.005262666993075982
jm1,RandomForest,1089,0.0,0.0,0.0,-0.0010055475320507718,-0.01082503246681173,-0.01082503246681173,0.005239958001766354
jm1,XGBoost,1089,0.0,0.0,0.0,-0.001523547326221961,-0.02779821137306721,-0.02779821137306721,0.005441000001155771
kdd_internet_usage,CatBoost,1011,0.0,0.0,0.0,-0.00019451978419270926,-0.004608023317432184,-0.004608023317432184,0.005526416003704071
kdd_internet_usage,ExtraTrees,1011,0.0,0.01700691720096265,0.01700691720096265,-0.0001145136253461537,0.01700691720096265,0.01700691720096265,0.0054983330046525225
kdd_internet_usage,LightGBM,1011,0.0,0.0,0.0,-0.0005039661693453944,-0.017773653468546393,-0.017773653468546393,0.005614458001218736
kdd_internet_usage,LinearModel,1011,0.0,0.011200515732314268,0.011200515732314268,-0.00022055390060813737,0.011200515732314268,0.011200515732314268,0.0052427500049816445
kdd_internet_usage,NeuralNetFastAI,1011,0.00011830650151972376,0.008595574237028567,0.008595574237028567,0.00011830650151972376,0.008595574237028567,0.008595574237028567,0.005691957994713448
kdd_internet_usage,NeuralNetTorch,1011,0.0,0.00862610910219554,0.00862610910219554,-0.0005097280116581773,0.00862610910219554,0.00862610910219554,0.005680041998857632
kdd_internet_usage,RandomForest,1011,0.0,0.0,0.0,-0.0002181789049039555,-0.00570108571424196,-0.00570108571424196,0.005649915998219512
kdd_internet_usage,XGBoost,1011,0.0,0.0,0.0,-0.0005046123053621118,-0.013251081896548802,-0.013251081896548802,0.00532870800816454
kick,CatBoost,7299,0.0,0.0,0.0,-0.0001538791985110593,-0.005007626908882464,-0.005007626908882464,0.01000170799670741
kick,ExtraTrees,7299,0.0,0.002108221296480835,0.002108221296480835,-0.00014432208329151014,0.002108221296480835,0.002108221296480835,0.009639042007620446
kick,LightGBM,7299,5.612745821525378e-05,0.001681962605220767,0.001681962605220767,5.612745821525378e-05,0.001681962605220767,0.001681962605220767,0.009947374986950308
kick,LinearModel,7299,5.1218690445393557e-05,0.010656113246602397,0.010656113246602397,5.1218690445393557e-05,0.010656113246602397,0.010656113246602397,0.010147124994546175
kick,NeuralNetFastAI,7299,0.0,0.0,0.0,-0.00014926485405266726,-0.0023200932207155848,-0.0023200932207155848,0.009686124991276301
kick,NeuralNetTorch,7299,0.0,0.0014735399590694676,0.0014735399590694676,-4.3817816017593894e-05,0.0014735399590694676,0.0014735399590694676,0.01000262500019744
kick,RandomForest,7299,0.0013134502114085515,0.015058650627495203,0.015058650627495203,0.0013134502114085515,0.015058650627495203,0.015058650627495203,0.012917583997477777
kick,XGBoost,7299,0.0,0.0,0.0,-0.00014564809971720486,-0.0051737547910665465,-0.0051737547910665465,0.009772916993824765
mammography,CatBoost,1119,0.0,0.0018366249045474149,0.0018366249045474149,-3.6021887088655374e-05,0.0018366249045474149,0.0018366249045474149,0.005331624997779727
mammography,ExtraTrees,1119,0.00037350496518612024,0.003889300244492015,0.003889300244492015,0.00037350496518612024,0.003889300244492015,0.003889300244492015,0.005366124998545274
mammography,LightGBM,1119,0.0,0.0012919462518558452,0.0012919462518558452,-5.137122903554065e-06,0.0012919462518558452,0.0012919462518558452,0.005154708996997215
mammography,LinearModel,1119,0.0,0.008671593122154233,0.008671593122154233,-0.0001724965054065044,0.008671593122154233,0.008671593122154233,0.0053687089966842905
mammography,NeuralNetFastAI,1119,0.0,0.0002170589964770255,0.0002170589964770255,-0.000561478237583804,0.0002170589964770255,0.0002170589964770255,0.005100374997709878
mammography,NeuralNetTorch,1119,1.3699698773788929e-05,0.0019610981310159425,0.0019610981310159425,1.3699698773788929e-05,0.0019610981310159425,0.0019610981310159425,0.006055334000848234
mammography,RandomForest,1119,0.0005240129892682998,0.00482618435965348,0.00482618435965348,0.0005240129892682998,0.00482618435965348,0.00482618435965348,0.005712290992960334
mammography,XGBoost,1119,4.474852514095821e-05,0.003205594457563186,0.003205594457563186,4.474852514095821e-05,0.003205594457563186,0.003205594457563186,0.005557291995501146
mc1,CatBoost,947,0.0006830901689797411,0.0014310451167590874,0.0014310451167590874,0.0006830901689797411,0.0014310451167590874,0.0014310451167590874,0.007781459004036151
mc1,ExtraTrees,947,0.0,0.0,0.0,-0.0005607793057695545,-0.0010004426976660322,-0.0010004426976660322,0.004710958004579879
mc1,LightGBM,947,0.0,0.0,0.0,-0.00013942652733457537,-0.00020157940123464278,-0.00020157940123464278,0.007381540999631397
mc1,LinearModel,947,3.7389771425735286e-05,0.001570968950504284,0.001570968950504284,3.7389771425735286e-05,0.001570968950504284,0.001570968950504284,0.005687625001883134
mc1,NeuralNetFastAI,947,0.0,0.0,0.0,-0.0002655207484587884,-0.0020521476034539255,-0.0020521476034539255,0.005008583000744693
mc1,NeuralNetTorch,947,0.0,0.001985437875967564,0.001985437875967564,-9.941900540354413e-05,0.001985437875967564,0.001985437875967564,0.005246500004432164
mc1,RandomForest,947,0.0,0.0,0.0,-0.00048539941971444486,-0.0021726197582918982,-0.0021726197582918982,0.004909208000754006
mc1,XGBoost,947,0.0,0.0,0.0,-0.0006691141274966523,-0.0006372007804921776,-0.0006372007804921776,0.007097374997101724
mozilla4,CatBoost,1555,6.468869389863719e-05,0.0044972129522016496,0.0044972129522016496,6.468869389863719e-05,0.0044972129522016496,0.0044972129522016496,0.005380625007092021
mozilla4,ExtraTrees,1555,2.3295407423277065e-05,0.009637728287056807,0.009637728287056807,2.3295407423277065e-05,0.009637728287056807,0.009637728287056807,0.005939750000834465
mozilla4,LightGBM,1555,0.0,0.01111501422336391,0.01111501422336391,-5.825133728676588e-05,0.01111501422336391,0.01111501422336391,0.006229207996511832
mozilla4,LinearModel,1555,0.0,0.0,0.0,-0.0003187320174772342,-0.003340394547373566,-0.003340394547373566,0.005531041999347508
mozilla4,NeuralNetFastAI,1555,0.0,0.005034620325617085,0.005034620325617085,-0.00010476825093244416,0.005034620325617085,0.005034620325617085,0.006320792002952658
mozilla4,NeuralNetTorch,1555,0.0,0.0,0.0,-0.00039049243879880175,-0.0027856758264311753,-0.0027856758264311753,0.005684167001163587
mozilla4,RandomForest,1555,0.0,0.0037577691221448,0.0037577691221448,-0.0003002326167680469,0.0037577691221448,0.0037577691221448,0.005631583990179934
mozilla4,XGBoost,1555,2.621730327869449e-05,0.0060673554755644,0.0060673554755644,2.621730327869449e-05,0.0060673554755644,0.0060673554755644,0.00574908300768584
nomao,CatBoost,3447,0.0,0.0002870965457652477,0.0002870965457652477,-0.00028190005929782963,0.0002870965457652477,0.0002870965457652477,0.007789249997586012
nomao,ExtraTrees,3447,0.001113875212414972,0.020808075302452593,0.020808075302452593,0.001113875212414972,0.020808075302452593,0.020808075302452593,0.009502875007456169
nomao,LightGBM,3447,0.0,0.002645959440257875,0.002645959440257875,-0.00019272482523687031,0.002645959440257875,0.002645959440257875,0.008054124991758727
nomao,LinearModel,3447,0.0,0.0,0.0,-0.00012475432590694477,-0.003139543854490667,-0.003139543854490667,0.008099875005427748
nomao,NeuralNetFastAI,3447,0.0,0.006637206895212583,0.006637206895212583,-0.0002039154448085481,0.006637206895212583,0.006637206895212583,0.007512332987971604
nomao,NeuralNetTorch,3447,0.0,0.0,0.0,-0.00020116117479507871,-0.00018947567139064052,-0.00018947567139064052,0.00784541699977126
nomao,RandomForest,3447,0.001504274113760202,0.022712465646926097,0.022712465646926097,0.001504274113760202,0.022712465646926097,0.022712465646926097,0.008752792011364363
nomao,XGBoost,3447,0.0,0.0011021816441525454,0.0011021816441525454,-0.00018329336694825426,0.0011021816441525454,0.0011021816441525454,0.007987499993760139
numerai28_6,CatBoost,9632,0.0,0.0008562686187880379,0.0008562686187880379,-5.688758306179686e-07,0.0008562686187880379,0.0008562686187880379,0.010169458997552283
numerai28_6,ExtraTrees,9632,1.1865646058670894e-05,0.0,0.0,1.1865646058670894e-05,-0.0011028936349375303,-0.0011028936349375303,0.009916833994793706
numerai28_6,LightGBM,9632,1.6489350185688624e-05,0.005709946010125634,0.005709946010125634,1.6489350185688624e-05,0.005709946010125634,0.005709946010125634,0.01023962500039488
numerai28_6,LinearModel,9632,2.2284945216498725e-05,0.0033649070021322,0.0033649070021322,2.2284945216498725e-05,0.0033649070021322,0.0033649070021322,0.009681084004114382
numerai28_6,NeuralNetFastAI,9632,0.0,0.003107222907888731,0.003107222907888731,-1.3719283341331832e-05,0.003107222907888731,0.003107222907888731,0.010287041994160973
numerai28_6,NeuralNetTorch,9632,3.61576001189919e-05,0.007398189948964555,0.007398189948964555,3.61576001189919e-05,0.007398189948964555,0.007398189948964555,0.009780000007594936
numerai28_6,RandomForest,9632,0.00014108633414360714,0.012446018830065513,0.012446018830065513,0.00014108633414360714,0.012446018830065513,0.012446018830065513,0.00973274999705609
numerai28_6,XGBoost,9632,0.0,0.0006268302758419236,0.0006268302758419236,-1.811642320167148e-05,0.0006268302758419236,0.0006268302758419236,0.010167083994019777
