dataset,model,test_size,Hist-quantile_brier,Hist-quantile_l1,Hist-quantile_l2,Hist-quantile_brier_unclipped,Hist-quantile_l1_unclipped,Hist-quantile_l2_unclipped,Hist-quantile_time
2dplanes,CatBoost,4077,0.0,0.0,0.0,-0.006674299092386738,-0.009400156131295773,-0.009400156131295773,0.002787499994155951
2dplanes,ExtraTrees,4077,0.0,0.0,0.0,-0.006764316360620223,-0.007220856313799857,-0.007220856313799857,0.0018949999939650297
2dplanes,LightGBM,4077,0.0,0.0,0.0,-0.005739989661862312,-0.005380885146176744,-0.005380885146176744,0.0018462500011082739
2dplanes,LinearModel,4077,0.0,0.009565249861671246,0.009565249861671246,-0.0005842435458334605,0.009565249861671246,0.009565249861671246,0.0020740000036312267
2dplanes,NeuralNetFastAI,4077,0.0,0.003928104319038026,0.003928104319038026,-0.003916127116829681,0.003928104319038026,0.003928104319038026,0.0018586249934742227
2dplanes,NeuralNetTorch,4077,0.0,0.000341508757249896,0.000341508757249896,-0.004381774710465654,0.000341508757249896,0.000341508757249896,0.0018623749929247424
2dplanes,RandomForest,4077,0.0,0.0,0.0,-0.006564756221963071,-0.011756052449007936,-0.011756052449007936,0.0017865830013761297
2dplanes,XGBoost,4077,0.0,0.0,0.0,-0.0059416765526711076,-0.007880974631833184,-0.007880974631833184,0.0018462499865563586
APSFailure,CatBoost,7600,0.0,0.0,0.0,-0.010982839199883205,-0.0006917191536199665,-0.0006917191536199665,0.003097042004810646
APSFailure,ExtraTrees,7600,0.0,0.0,0.0,-0.009690226587627417,-0.003466104314266934,-0.003466104314266934,0.002528083001379855
APSFailure,LightGBM,7600,0.0,0.0,0.0,-0.010986768588067727,-0.0003122851329319593,-0.0003122851329319593,0.003156791004585102
APSFailure,LinearModel,7600,0.0,0.0,0.0,-0.009269557246863952,-9.28349664696678e-05,-9.28349664696678e-05,0.0031726670131320134
APSFailure,NeuralNetFastAI,7600,0.0,0.0,0.0,-0.010045127516336717,-0.0009021570981289379,-0.0009021570981289379,0.0032735419954406098
APSFailure,NeuralNetTorch,7600,0.0,0.0,0.0,-0.009583842024919322,-0.0009509017116572163,-0.0009509017116572163,0.003242666003643535
APSFailure,RandomForest,7600,0.0,0.0,0.0,-0.0103958685586024,-0.0037824561525945013,-0.0037824561525945013,0.002303458997630514
APSFailure,XGBoost,7600,0.0,0.0,0.0,-0.01110343884114983,-0.00053766908038501,-0.00053766908038501,0.0030056670075282454
Amazon_employee_access,CatBoost,3277,0.0,0.0010905079225286827,0.0010905079225286827,-0.005574275160201848,0.0010905079225286827,0.0010905079225286827,0.0016622499970253557
Amazon_employee_access,ExtraTrees,3277,0.0,0.00764426643123778,0.00764426643123778,-0.00196945142629256,0.00764426643123778,0.00764426643123778,0.0016523749945918098
Amazon_employee_access,LightGBM,3277,0.0,0.0009617722108118921,0.0009617722108118921,-0.004202273762471587,0.0009617722108118921,0.0009617722108118921,0.0016840830066939816
Amazon_employee_access,LinearModel,3277,0.0,0.0,0.0,-0.002306017068127746,-0.00028730493049123934,-0.00028730493049123934,0.0016731659998185933
Amazon_employee_access,NeuralNetFastAI,3277,0.0,0.0,0.0,-0.0019069275210982341,-0.0014253230376108266,-0.0014253230376108266,0.0016783750033937395
Amazon_employee_access,NeuralNetTorch,3277,0.0,0.0032703078507940546,0.0032703078507940546,-0.002562881294288061,0.0032703078507940546,0.0032703078507940546,0.0016964999958872795
Amazon_employee_access,RandomForest,3277,0.0,0.009279606484733851,0.009279606484733851,-0.0028721583188179283,0.009279606484733851,0.009279606484733851,0.0016700840060366318
Amazon_employee_access,XGBoost,3277,0.0,0.0,0.0,-0.004750892822088511,-0.003295367080598915,-0.003295367080598915,0.001680584013229236
Click_prediction_small,CatBoost,3995,0.0,0.00019045616762341933,0.00019045616762341933,-0.0021722041999996367,0.00019045616762341933,0.00019045616762341933,0.0018428339972160757
Click_prediction_small,ExtraTrees,3995,0.0,0.0035046057481300063,0.0035046057481300063,-0.001444224828704458,0.0035046057481300063,0.0035046057481300063,0.001901499999803491
Click_prediction_small,LightGBM,3995,0.0,0.004763465348015701,0.004763465348015701,-0.0022740686395546893,0.004763465348015701,0.004763465348015701,0.0019058339967159554
Click_prediction_small,LinearModel,3995,0.0,0.022792862787567668,0.022792862787567668,-0.0008001845721481267,0.022792862787567668,0.022792862787567668,0.0018977500003529713
Click_prediction_small,NeuralNetFastAI,3995,0.0,0.0,0.0,-0.0028831974944842783,-0.009650308279220355,-0.009650308279220355,0.0018719170038821176
Click_prediction_small,NeuralNetTorch,3995,0.0,0.0,0.0,-0.0020046791361552057,-0.008101017410355214,-0.008101017410355214,0.0018503750034142286
Click_prediction_small,RandomForest,3995,0.0,0.0,0.0,-0.001958262272278467,-0.013654256337116855,-0.013654256337116855,0.0019215420034015551
Click_prediction_small,XGBoost,3995,0.0,0.0028945048819022145,0.0028945048819022145,-0.0019575405385626565,0.0028945048819022145,0.0028945048819022145,0.0018648749974090606
PhishingWebsites,CatBoost,1106,0.0,0.01130825201804155,0.01130825201804155,-0.005760387118083652,0.01130825201804155,0.01130825201804155,0.000956625008257106
PhishingWebsites,ExtraTrees,1106,0.0002335726124934141,0.032527444835657095,0.032527444835657095,0.0002335726124934141,0.032527444835657095,0.032527444835657095,0.000945583000429906
PhishingWebsites,LightGBM,1106,0.0,0.009428282890196323,0.009428282890196323,-0.004852578257828058,0.009428282890196323,0.009428282890196323,0.0009737500076880679
PhishingWebsites,LinearModel,1106,0.0,0.011288828191886612,0.011288828191886612,-0.0015606295873431036,0.011288828191886612,0.011288828191886612,0.0010857499873964116
PhishingWebsites,NeuralNetFastAI,1106,0.0,0.005135762338606079,0.005135762338606079,-0.005139631755744693,0.005135762338606079,0.005135762338606079,0.0010662080021575093
PhishingWebsites,NeuralNetTorch,1106,0.0,0.012846755908748658,0.012846755908748658,-0.00301023061707578,0.012846755908748658,0.012846755908748658,0.0009737910004332662
PhishingWebsites,RandomForest,1106,0.0,0.024040488164887616,0.024040488164887616,-0.001845158196839537,0.024040488164887616,0.024040488164887616,0.0009260840015485883
PhishingWebsites,XGBoost,1106,0.0,0.004531801997204527,0.004531801997204527,-0.0068341322120918585,0.004531801997204527,0.004531801997204527,0.0009567919914843515
Run_or_walk_information,CatBoost,8859,0.0,0.0,0.0,-0.001209977511522189,-0.0006295590479728979,-0.0006295590479728979,0.003226125001674518
Run_or_walk_information,ExtraTrees,8859,0.0,0.015210519109553315,0.015210519109553315,-6.0229459952796426e-05,0.015210519109553315,0.015210519109553315,0.0029755830037174746
Run_or_walk_information,LightGBM,8859,0.0,0.0006796820124639282,0.0006796820124639282,-0.0014910428384716059,0.0006796820124639282,0.0006796820124639282,0.003265209001256153
Run_or_walk_information,LinearModel,8859,0.021718321827992597,0.09705511900843902,0.09705511900843902,0.021718321827992597,0.09705511900843902,0.09705511900843902,0.003349583988892846
Run_or_walk_information,NeuralNetFastAI,8859,0.0,0.0014197106166816366,0.0014197106166816366,-0.0013364453178511156,0.0014197106166816366,0.0014197106166816366,0.0032762909977464005
Run_or_walk_information,NeuralNetTorch,8859,0.0,0.001890796324949223,0.001890796324949223,-0.0014569684884409573,0.001890796324949223,0.001890796324949223,0.003136999992420897
Run_or_walk_information,RandomForest,8859,0.0,0.0061467437364942056,0.0061467437364942056,-0.0011505965876672125,0.0061467437364942056,0.0061467437364942056,0.0030902080034138635
Run_or_walk_information,XGBoost,8859,0.0,0.0,0.0,-0.0017885907521309335,-0.0007690057038937561,-0.0007690057038937561,0.003253957998822443
adult,CatBoost,4885,0.0,0.0,0.0,-0.002493836169497577,-0.00329039083084495,-0.00329039083084495,0.002131041997927241
adult,ExtraTrees,4885,0.0,0.0060559844373200295,0.0060559844373200295,-0.000821233821017208,0.0060559844373200295,0.0060559844373200295,0.0021168749954085797
adult,LightGBM,4885,0.0,0.0,0.0,-0.002586183296528644,-0.0030400143924107638,-0.0030400143924107638,0.002169291998143308
adult,LinearModel,4885,0.0,0.0029549726951866627,0.0029549726951866627,-0.0020638742974576525,0.0029549726951866627,0.0029549726951866627,0.0021059580030851066
adult,NeuralNetFastAI,4885,0.0,0.0,0.0,-0.0022465375203995345,-0.004247182473241822,-0.004247182473241822,0.0021249999990686774
adult,NeuralNetTorch,4885,0.0,0.004363603461668166,0.004363603461668166,-0.0016537224283932235,0.004363603461668166,0.004363603461668166,0.0020785419910680503
adult,RandomForest,4885,0.0,0.003591703294522377,0.003591703294522377,-0.0017702344312895517,0.003591703294522377,0.003591703294522377,0.0020998330001020804
adult,XGBoost,4885,0.0,0.0,0.0,-0.003187821278625017,-0.005435750744946654,-0.005435750744946654,0.0021198750037001446
ailerons,CatBoost,1375,0.0,0.00809073615095324,0.00809073615095324,-0.001978224915462073,0.00809073615095324,0.00809073615095324,0.0010386659996584058
ailerons,ExtraTrees,1375,0.0,0.002144263674155809,0.002144263674155809,-0.002588547218444053,0.002144263674155809,0.002144263674155809,0.001022582990117371
ailerons,LightGBM,1375,0.0,0.0004273135756057772,0.0004273135756057772,-0.0023153404141147593,0.0004273135756057772,0.0004273135756057772,0.0010373749973950908
ailerons,LinearModel,1375,0.0,0.008112761049192738,0.008112761049192738,-0.002297985998399575,0.008112761049192738,0.008112761049192738,0.0010293749946868047
ailerons,NeuralNetFastAI,1375,0.0,0.0,0.0,-0.003950170738460882,-0.008770050010691359,-0.008770050010691359,0.00102524999238085
ailerons,NeuralNetTorch,1375,0.0,0.0,0.0,-0.0029168406746334975,-0.005374522057994248,-0.005374522057994248,0.0010287080076523125
ailerons,RandomForest,1375,0.0,0.008448624603524382,0.008448624603524382,-0.001471442073510491,0.008448624603524382,0.008448624603524382,0.0010484999947948381
ailerons,XGBoost,1375,0.0,0.0010748769752046263,0.0010748769752046263,-0.0028221126389884996,0.0010748769752046263,0.0010748769752046263,0.0010426250082673505
bank-marketing,CatBoost,4522,0.0,0.0,0.0,-0.002047292059180899,-0.0002727122078969797,-0.0002727122078969797,0.0020895409979857504
bank-marketing,ExtraTrees,4522,0.0,0.0018146221906447252,0.0018146221906447252,-0.0013916116699429955,0.0018146221906447252,0.0018146221906447252,0.0031288750033127144
bank-marketing,LightGBM,4522,0.0,0.004941644872370339,0.004941644872370339,-0.0019319975660780666,0.004941644872370339,0.004941644872370339,0.002252542006317526
bank-marketing,LinearModel,4522,0.0001846082193616774,0.01068086332302568,0.01068086332302568,0.0001846082193616774,0.01068086332302568,0.01068086332302568,0.0022654169879388064
bank-marketing,NeuralNetFastAI,4522,0.0,0.0021286728455543447,0.0021286728455543447,-0.0012776488877482895,0.0021286728455543447,0.0021286728455543447,0.0021026660106144845
bank-marketing,NeuralNetTorch,4522,0.0,0.00033780933793912715,0.00033780933793912715,-0.0018418241402587874,0.00033780933793912715,0.00033780933793912715,0.002029708994086832
bank-marketing,RandomForest,4522,0.0,0.0,0.0,-0.001967347381490642,-0.0018963727060980012,-0.0018963727060980012,0.0020652919920394197
bank-marketing,XGBoost,4522,0.0,0.010001695151717034,0.010001695151717034,-0.0008858854437873201,0.010001695151717034,0.010001695151717034,0.0020596670074155554
delta_elevators,CatBoost,952,0.0,0.0,0.0,-0.005688805958405792,-0.023352834982420866,-0.023352834982420866,0.0009150420082733035
delta_elevators,ExtraTrees,952,0.0,0.02257916674765312,0.02257916674765312,-0.003172106705631793,0.02257916674765312,0.02257916674765312,0.0008903749985620379
delta_elevators,LightGBM,952,0.0,0.0,0.0,-0.005068573334232412,-0.02156755097989118,-0.02156755097989118,0.0008782499935477972
delta_elevators,LinearModel,952,0.0,0.0,0.0,-0.004393730010009344,-0.0054675819198312355,-0.0054675819198312355,0.000910000002477318
delta_elevators,NeuralNetFastAI,952,0.0,0.0,0.0,-0.004425611740183198,-0.009662187058029686,-0.009662187058029686,0.0009406250028405339
delta_elevators,NeuralNetTorch,952,0.0,0.0,0.0,-0.005880531509413488,-0.025680762974270462,-0.025680762974270462,0.0008947080059442669
delta_elevators,RandomForest,952,0.0,0.0,0.0,-0.003545961609235259,-0.010516097321211235,-0.010516097321211235,0.0009139589965343475
delta_elevators,XGBoost,952,0.0,0.0,0.0,-0.003666456604220818,-0.01359310291268268,-0.01359310291268268,0.0008850419981172308
eeg-eye-state,CatBoost,1498,0.0,7.144276254987323e-05,7.144276254987323e-05,-0.006795150998931635,7.144276254987323e-05,7.144276254987323e-05,0.0012398750113788992
eeg-eye-state,ExtraTrees,1498,0.019131973520585807,0.11256341815171378,0.11256341815171378,0.019131973520585807,0.11256341815171378,0.11256341815171378,0.0011355409951647744
eeg-eye-state,LightGBM,1498,0.0,0.009033084878114762,0.009033084878114762,-0.0044390503956522895,0.009033084878114762,0.009033084878114762,0.001098957989597693
eeg-eye-state,LinearModel,1498,0.0,0.0065709849613133035,0.0065709849613133035,-0.0033070895081418862,0.0065709849613133035,0.0065709849613133035,0.001133416997618042
eeg-eye-state,NeuralNetFastAI,1498,0.004195688066528982,0.06062901486923672,0.06062901486923672,0.004195688066528982,0.06062901486923672,0.06062901486923672,0.0011317089956719428
eeg-eye-state,NeuralNetTorch,1498,0.0,0.00042323190381188334,0.00042323190381188334,-0.01461078205682883,0.00042323190381188334,0.00042323190381188334,0.0010939170024357736
eeg-eye-state,RandomForest,1498,0.01539205457863338,0.10359813104189673,0.10359813104189673,0.01539205457863338,0.10359813104189673,0.10359813104189673,0.0010929580021183938
eeg-eye-state,XGBoost,1498,0.0,0.009238841109706205,0.009238841109706205,-0.0032602404743344564,0.009238841109706205,0.009238841109706205,0.0010741250007413328
electricity,CatBoost,4532,0.0,0.006735738537321012,0.006735738537321012,-0.0019525480167948308,0.006735738537321012,0.006735738537321012,0.0020122499990975484
electricity,ExtraTrees,4532,0.0032114988196585105,0.051222417524659024,0.051222417524659024,0.0032114988196585105,0.051222417524659024,0.051222417524659024,0.002002792010898702
electricity,LightGBM,4532,0.0,0.005012276013240663,0.005012276013240663,-0.0013107877376235342,0.005012276013240663,0.005012276013240663,0.00216358300531283
electricity,LinearModel,4532,0.0,0.0,0.0,-0.0020480721471869694,-0.0066343355270891535,-0.0066343355270891535,0.0021825000003445894
electricity,NeuralNetFastAI,4532,0.0,0.00989158743128694,0.00989158743128694,-0.0005014878230357303,0.00989158743128694,0.00989158743128694,0.002074042000458576
electricity,NeuralNetTorch,4532,0.0,0.0018333418740970136,0.0018333418740970136,-0.0021508381192072183,0.0018333418740970136,0.0018333418740970136,0.002038874998106621
electricity,RandomForest,4532,0.0007885939449204976,0.03435716310786026,0.03435716310786026,0.0007885939449204976,0.03435716310786026,0.03435716310786026,0.002034250006545335
electricity,XGBoost,4532,0.0,0.006086913806289118,0.006086913806289118,-0.0017415197820072066,0.006086913806289118,0.006086913806289118,0.0020265829953132197
fried,CatBoost,4077,0.0,0.005987856570908124,0.005987856570908124,-0.0027223825082035398,0.005987856570908124,0.005987856570908124,0.001890708997962065
fried,ExtraTrees,4077,0.003005243297701852,0.04524405109201532,0.04524405109201532,0.003005243297701852,0.04524405109201532,0.04524405109201532,0.0018642499926500022
fried,LightGBM,4077,0.0,0.0006835717820526556,0.0006835717820526556,-0.0036727003126954642,0.0006835717820526556,0.0006835717820526556,0.0018183750071329996
fried,LinearModel,4077,0.0,0.011238938459842062,0.011238938459842062,-0.00110250848785936,0.011238938459842062,0.011238938459842062,0.001853707988630049
fried,NeuralNetFastAI,4077,0.0,0.0009603059642816059,0.0009603059642816059,-0.003041173908698812,0.0009603059642816059,0.0009603059642816059,0.0018301670061191544
fried,NeuralNetTorch,4077,0.0,0.0,0.0,-0.003817223139761242,-0.0030339394632120393,-0.0030339394632120393,0.0018417500104987994
fried,RandomForest,4077,0.0,0.023374926535820593,0.023374926535820593,-0.0010235632576677967,0.023374926535820593,0.023374926535820593,0.0018389169999863952
fried,XGBoost,4077,0.0,0.005584994955743984,0.005584994955743984,-0.0024493730016941825,0.005584994955743984,0.005584994955743984,0.001821583995479159
houses,CatBoost,2064,0.0,0.0,0.0,-0.0138791762659737,-0.0021160989660719953,-0.0021160989660719953,0.001261209006770514
houses,ExtraTrees,2064,0.0,0.0,0.0,-0.015408679132595098,-0.003013566572692014,-0.003013566572692014,0.0011556250101421028
houses,LightGBM,2064,0.0,0.0,0.0,-0.01262242900573945,-0.003882027527310157,-0.003882027527310157,0.0012363329879008234
houses,LinearModel,2064,0.0,0.013861419041277682,0.013861419041277682,-0.0022869191628013866,0.013861419041277682,0.013861419041277682,0.0012464999890653417
houses,NeuralNetFastAI,2064,0.0,0.0,0.0,-0.012500646398078975,-0.001847292427772652,-0.001847292427772652,0.001235832998645492
houses,NeuralNetTorch,2064,0.0,0.0,0.0,-0.012987824659066312,-0.003772231270465398,-0.003772231270465398,0.0012459170102374628
houses,RandomForest,2064,0.0,0.0,0.0,-0.013096426932458244,-0.0033283578706842076,-0.0033283578706842076,0.00115683299372904
houses,XGBoost,2064,0.0,0.0,0.0,-0.01295422163173009,-0.002655248239784845,-0.002655248239784845,0.001411457997164689
jm1,CatBoost,1089,0.0,0.0,0.0,-0.006097194184283339,-0.0190088861477386,-0.0190088861477386,0.0009839159902185202
jm1,ExtraTrees,1089,0.0,0.0,0.0,-0.004553032046219036,-0.01225831639572176,-0.01225831639572176,0.0009697080095065758
jm1,LightGBM,1089,0.0,0.0,0.0,-0.004839841777828953,-0.016302251003005287,-0.016302251003005287,0.000952499991399236
jm1,LinearModel,1089,0.0,0.0,0.0,-0.004109377952363461,-0.018312235975157406,-0.018312235975157406,0.0009753750055097044
jm1,NeuralNetFastAI,1089,0.0,0.024321904128863793,0.024321904128863793,-0.0036065797157793563,0.024321904128863793,0.024321904128863793,0.0009544170025037602
jm1,NeuralNetTorch,1089,0.0,0.007259677464007319,0.007259677464007319,-0.003518519279326045,0.007259677464007319,0.007259677464007319,0.001021582997054793
jm1,RandomForest,1089,0.0,0.0,0.0,-0.005146079002178489,-0.011388439692215202,-0.011388439692215202,0.0009735830099089071
jm1,XGBoost,1089,0.0,0.0,0.0,-0.005038117158117729,-0.010433056546568432,-0.010433056546568432,0.000948832996073179
kdd_internet_usage,CatBoost,1011,0.0,0.0,0.0,-0.0028631287316930364,-0.001501125137876207,-0.001501125137876207,0.000939500008826144
kdd_internet_usage,ExtraTrees,1011,0.0,0.0,0.0,-0.0037279008194239013,-0.0017148928567977866,-0.0017148928567977866,0.0009285840060329065
kdd_internet_usage,LightGBM,1011,0.0,0.0,0.0,-0.0034111029297678756,-0.009798934800655357,-0.009798934800655357,0.000931707996642217
kdd_internet_usage,LinearModel,1011,0.0,0.01620262074108726,0.01620262074108726,-0.0008463389987167077,0.01620262074108726,0.01620262074108726,0.0009217910119332373
kdd_internet_usage,NeuralNetFastAI,1011,0.0,0.007102837460553117,0.007102837460553117,-0.00045647812075422136,0.007102837460553117,0.007102837460553117,0.0008984159940155223
kdd_internet_usage,NeuralNetTorch,1011,0.0,0.016214590137142736,0.016214590137142736,-0.0012638387182902677,0.016214590137142736,0.016214590137142736,0.000897291989531368
kdd_internet_usage,RandomForest,1011,0.0,0.014108828842961418,0.014108828842961418,-0.0004077548139756335,0.014108828842961418,0.014108828842961418,0.0009668749989941716
kdd_internet_usage,XGBoost,1011,0.0,0.0,0.0,-0.004358690241381789,-0.005587277671991932,-0.005587277671991932,0.0010422920022392645
kick,CatBoost,7299,0.0,0.0,0.0,-0.009309009265156553,-0.00489655390483507,-0.00489655390483507,0.002942167004221119
kick,ExtraTrees,7299,0.0,0.0036570710352858216,0.0036570710352858216,-0.007116746071010557,0.0036570710352858216,0.0036570710352858216,0.002934167001512833
kick,LightGBM,7299,0.0,0.0,0.0,-0.008464752300006834,-0.005058309648151262,-0.005058309648151262,0.0029193749942351133
kick,LinearModel,7299,0.0,0.002458006738533743,0.002458006738533743,-0.006452205805284185,0.002458006738533743,0.002458006738533743,0.002927416004240513
kick,NeuralNetFastAI,7299,0.0,0.0,0.0,-0.008492728471281838,-0.0030086681809838277,-0.0030086681809838277,0.0031015839922474697
kick,NeuralNetTorch,7299,0.0,0.002450140858995919,0.002450140858995919,-0.008476316294230932,0.002450140858995919,0.002450140858995919,0.003319832991110161
kick,RandomForest,7299,0.0,0.0,0.0,-0.005432004755314183,-0.0018081260751728705,-0.0018081260751728705,0.003000583004904911
kick,XGBoost,7299,0.0,0.0,0.0,-0.009061336236819123,-0.00819986750048809,-0.00819986750048809,0.0029428749985527247
mammography,CatBoost,1119,0.0,0.0021439065191597956,0.0021439065191597956,-0.00916198493149209,0.0021439065191597956,0.0021439065191597956,0.0009876249969238415
mammography,ExtraTrees,1119,0.0,0.0,0.0,-0.007209589294354364,-0.002171945556667369,-0.002171945556667369,0.0010278749978169799
mammography,LightGBM,1119,0.0,0.0011171379646367932,0.0011171379646367932,-0.008478773720721937,0.0011171379646367932,0.0011171379646367932,0.0009666669939178973
mammography,LinearModel,1119,0.0,0.004729882446086154,0.004729882446086154,-0.005401450885165475,0.004729882446086154,0.004729882446086154,0.0009545830107526854
mammography,NeuralNetFastAI,1119,0.0,0.0031791009666845937,0.0031791009666845937,-0.006966283805134966,0.0031791009666845937,0.0031791009666845937,0.0009715839987620711
mammography,NeuralNetTorch,1119,0.0,0.0,0.0,-0.006715868013264411,-0.0015116979924246494,-0.0015116979924246494,0.0010998329962603748
mammography,RandomForest,1119,0.0,0.0,0.0,-0.00678484668954372,-0.006891339430537777,-0.006891339430537777,0.0012417079997248948
mammography,XGBoost,1119,0.0,0.004103802861277533,0.004103802861277533,-0.00873377268178499,0.004103802861277533,0.004103802861277533,0.001081083988538012
mc1,CatBoost,947,0.0,0.0,0.0,-0.002709789066860238,-0.0045616896113431435,-0.0045616896113431435,0.0009854579984676093
mc1,ExtraTrees,947,0.0,0.0,0.0,-0.0028555889740894606,-0.0027582056105258943,-0.0027582056105258943,0.0009157500026049092
mc1,LightGBM,947,0.0,0.0,0.0,-0.0035988471863617304,-0.0005765742152843746,-0.0005765742152843746,0.0009385830053361133
mc1,LinearModel,947,0.0,0.003399048848456617,0.003399048848456617,-0.0015045533515211122,0.003399048848456617,0.003399048848456617,0.0009124170028371736
mc1,NeuralNetFastAI,947,0.0,0.0,0.0,-0.0019393138444453745,-0.0023611828385841412,-0.0023611828385841412,0.0009093330008909106
mc1,NeuralNetTorch,947,0.0,0.00012799403703148704,0.00012799403703148704,-0.0013625687534250166,0.00012799403703148704,0.00012799403703148704,0.0008990839996840805
mc1,RandomForest,947,0.0,0.0011796694184883218,0.0011796694184883218,-0.0018754400615537282,0.0011796694184883218,0.0011796694184883218,0.0008425410051131621
mc1,XGBoost,947,0.0,0.0,0.0,-0.0031161080255796155,-7.044699843559875e-05,-7.044699843559875e-05,0.0009609579865355045
mozilla4,CatBoost,1555,0.0,0.005727450860699997,0.005727450860699997,-0.0038362500113251607,0.005727450860699997,0.005727450860699997,0.0010972500022035092
mozilla4,ExtraTrees,1555,0.0,0.003725616485659045,0.003725616485659045,-0.00435884223946102,0.003725616485659045,0.003725616485659045,0.0010603330010781065
mozilla4,LightGBM,1555,0.0,0.0,0.0,-0.004483382776209951,-0.009721335578542142,-0.009721335578542142,0.0010747909982455894
mozilla4,LinearModel,1555,0.0,0.0,0.0,-0.01562871299484079,-0.0015401776988463367,-0.0015401776988463367,0.001367457996821031
mozilla4,NeuralNetFastAI,1555,0.0,0.0,0.0,-0.005177804562479965,-0.003037909126070918,-0.003037909126070918,0.0010928340052487329
mozilla4,NeuralNetTorch,1555,0.0,0.01072593221662986,0.01072593221662986,-0.00620534980623908,0.01072593221662986,0.01072593221662986,0.0010620829998515546
mozilla4,RandomForest,1555,0.0,0.006068595708422722,0.006068595708422722,-0.004646767118335802,0.006068595708422722,0.006068595708422722,0.0010588750010356307
mozilla4,XGBoost,1555,0.0,0.0,0.0,-0.005074775038135965,-0.0012950640829269538,-0.0012950640829269538,0.0010804589983308688
nomao,CatBoost,3447,0.0,0.003980734744797527,0.003980734744797527,-0.004282919472112329,0.003980734744797527,0.003980734744797527,0.0017012500029522926
nomao,ExtraTrees,3447,0.0,0.011742221009827046,0.011742221009827046,-0.0007248160645670536,0.011742221009827046,0.011742221009827046,0.0015783330018166453
nomao,LightGBM,3447,0.0,0.004689042292503067,0.004689042292503067,-0.004706457993125593,0.004689042292503067,0.004689042292503067,0.0017454580083722249
nomao,LinearModel,3447,0.0,0.0,0.0,-0.003964767592770311,-0.003243834346112095,-0.003243834346112095,0.001677708001807332
nomao,NeuralNetFastAI,3447,0.0,0.006167113964055197,0.006167113964055197,-0.0032027362954139076,0.006167113964055197,0.006167113964055197,0.0016512089932803065
nomao,NeuralNetTorch,3447,0.0,0.005343264329250148,0.005343264329250148,-0.0027085359577943974,0.005343264329250148,0.005343264329250148,0.0019117079937132075
nomao,RandomForest,3447,0.0,0.015475254617188334,0.015475254617188334,-0.0013872230491666945,0.015475254617188334,0.015475254617188334,0.0015907909983070567
nomao,XGBoost,3447,0.0,0.004363838549258001,0.004363838549258001,-0.004421436640604251,0.004363838549258001,0.004363838549258001,0.001685500013991259
numerai28_6,CatBoost,9632,0.0,0.005181078709340175,0.005181078709340175,-7.278971853010705e-05,0.005181078709340175,0.005181078709340175,0.0036338329955469817
numerai28_6,ExtraTrees,9632,0.0,0.0,0.0,-0.0003701098182885387,-0.0023866443155314836,-0.0023866443155314836,0.003709292010171339
numerai28_6,LightGBM,9632,0.0,0.0044546215160691065,0.0044546215160691065,-0.00022430101181485955,0.0044546215160691065,0.0044546215160691065,0.003916624991688877
numerai28_6,LinearModel,9632,0.0,0.0003142549449027179,0.0003142549449027179,-0.0003676054627046599,0.0003142549449027179,0.0003142549449027179,0.0037063329946249723
numerai28_6,NeuralNetFastAI,9632,0.0,0.0,0.0,-0.0002651101109474492,-0.005585303793095077,-0.005585303793095077,0.003711166005814448
numerai28_6,NeuralNetTorch,9632,1.3662125588929915e-05,0.010839188821069228,0.010839188821069228,1.3662125588929915e-05,0.010839188821069228,0.010839188821069228,0.0036563340108841658
numerai28_6,RandomForest,9632,0.0,0.014509337539614435,0.014509337539614435,-1.4220944932850548e-05,0.014509337539614435,0.014509337539614435,0.004307166993385181
numerai28_6,XGBoost,9632,0.0,0.0,0.0,-0.00028585254449691025,-0.0006394656003759153,-0.0006394656003759153,0.003823999999440275
