dataset,model,test_size,Hist-uniform_brier,Hist-uniform_l1,Hist-uniform_l2,Hist-uniform_brier_unclipped,Hist-uniform_l1_unclipped,Hist-uniform_l2_unclipped,Hist-uniform_time
2dplanes,CatBoost,4077,0.0004931259118140852,0.007906040814435071,0.007906040814435071,0.0004931259118140852,0.007906040814435071,0.007906040814435071,0.0030372920009540394
2dplanes,ExtraTrees,4077,0.00021300857757556706,0.008240653685230713,0.008240653685230713,0.00021300857757556706,0.008240653685230713,0.008240653685230713,0.0014266249927459285
2dplanes,LightGBM,4077,0.0,0.005916825809777512,0.005916825809777512,-0.0001331140402744684,0.005916825809777512,0.005916825809777512,0.0014332080027088523
2dplanes,LinearModel,4077,0.0,0.011401578003632238,0.011401578003632238,-0.0006563540644328697,0.011401578003632238,0.011401578003632238,0.0014322909992188215
2dplanes,NeuralNetFastAI,4077,8.572779923565836e-05,0.004742280925822032,0.004742280925822032,8.572779923565836e-05,0.004742280925822032,0.004742280925822032,0.0013610829919343814
2dplanes,NeuralNetTorch,4077,0.0,0.005874887013736996,0.005874887013736996,-0.00040460273293633044,0.005874887013736996,0.005874887013736996,0.0013361249875742942
2dplanes,RandomForest,4077,6.316424493294135e-05,0.01223537400897625,0.01223537400897625,6.316424493294135e-05,0.01223537400897625,0.01223537400897625,0.001432624994777143
2dplanes,XGBoost,4077,2.663926976301819e-05,0.00955453276732614,0.00955453276732614,2.663926976301819e-05,0.00955453276732614,0.00955453276732614,0.001311291998717934
APSFailure,CatBoost,7600,0.0,0.00039583318574458595,0.00039583318574458595,-0.0005684052134411273,0.00039583318574458595,0.00039583318574458595,0.0022133330057840794
APSFailure,ExtraTrees,7600,0.00027816166146986057,0.0038285270628713127,0.0038285270628713127,0.00027816166146986057,0.0038285270628713127,0.0038285270628713127,0.001902208008687012
APSFailure,LightGBM,7600,0.0,0.0002919640886449614,0.0002919640886449614,-0.00023590834676918209,0.0002919640886449614,0.0002919640886449614,0.0018990410026162863
APSFailure,LinearModel,7600,0.0,0.00022207303995589315,0.00022207303995589315,-0.000317181754146247,0.00022207303995589315,0.00022207303995589315,0.0018863329896703362
APSFailure,NeuralNetFastAI,7600,0.0,0.0012078589676914483,0.0012078589676914483,-0.00017883560536612647,0.0012078589676914483,0.0012078589676914483,0.0018842499994207174
APSFailure,NeuralNetTorch,7600,0.0,0.0006747518732838312,0.0006747518732838312,-0.00016260334502796842,0.0006747518732838312,0.0006747518732838312,0.0019094169983873144
APSFailure,RandomForest,7600,0.0007799123112953801,0.005815789508572045,0.005815789508572045,0.0007799123112953801,0.005815789508572045,0.005815789508572045,0.001964750001206994
APSFailure,XGBoost,7600,0.0,0.0,0.0,-0.0005441561072159975,-0.0009481347279717355,-0.0009481347279717355,0.002645417000167072
Amazon_employee_access,CatBoost,3277,0.0,0.0,0.0,-0.001577842189869576,-0.004191773756315405,-0.004191773756315405,0.0012429580092430115
Amazon_employee_access,ExtraTrees,3277,0.00010209307430350745,0.01630139394089475,0.01630139394089475,0.00010209307430350745,0.01630139394089475,0.01630139394089475,0.00119891700160224
Amazon_employee_access,LightGBM,3277,0.0,0.004076675978836796,0.004076675978836796,-0.0013856990553026863,0.004076675978836796,0.004076675978836796,0.0012668340059462935
Amazon_employee_access,LinearModel,3277,0.0,0.004713518072691566,0.004713518072691566,-0.0013762512675675382,0.004713518072691566,0.004713518072691566,0.0012664999958360568
Amazon_employee_access,NeuralNetFastAI,3277,0.0,0.0036514807454980217,0.0036514807454980217,-0.00023387687288354512,0.0036514807454980217,0.0036514807454980217,0.0011993750085821375
Amazon_employee_access,NeuralNetTorch,3277,0.0,0.010064954610543167,0.010064954610543167,-0.00039440959364517124,0.010064954610543167,0.010064954610543167,0.0011558330006664619
Amazon_employee_access,RandomForest,3277,0.000304866401497034,0.009458180790926795,0.009458180790926795,0.000304866401497034,0.009458180790926795,0.009458180790926795,0.0012407500034896657
Amazon_employee_access,XGBoost,3277,0.0,0.0008016851721266111,0.0008016851721266111,-0.0013396975778869854,0.0008016851721266111,0.0008016851721266111,0.0011486660077935085
Click_prediction_small,CatBoost,3995,0.0,0.0,0.0,-0.0016589593668996376,-0.003360159634653297,-0.003360159634653297,0.0013009590038564056
Click_prediction_small,ExtraTrees,3995,0.0,0.0,0.0,-0.002029309613723265,-0.00902008760204126,-0.00902008760204126,0.0012911660014651716
Click_prediction_small,LightGBM,3995,0.0,0.0002768786760450379,0.0002768786760450379,-0.0016423882879430976,0.0002768786760450379,0.0002768786760450379,0.0012721250095637515
Click_prediction_small,LinearModel,3995,0.0,0.021175918204171376,0.021175918204171376,-0.00012115520037507977,0.021175918204171376,0.021175918204171376,0.001275874994462356
Click_prediction_small,NeuralNetFastAI,3995,0.0,0.0,0.0,-0.0017955165158327982,-0.002958628747295192,-0.002958628747295192,0.001283334000618197
Click_prediction_small,NeuralNetTorch,3995,0.0,0.006664000525289636,0.006664000525289636,-0.0013288035997572542,0.006664000525289636,0.006664000525289636,0.0012909580109408125
Click_prediction_small,RandomForest,3995,0.0,0.0,0.0,-0.001609841629876448,-0.0025136145096588693,-0.0025136145096588693,0.0012684579996857792
Click_prediction_small,XGBoost,3995,0.0,0.0,0.0,-0.0020261707354623133,-0.010932293830081607,-0.010932293830081607,0.0014087919989833608
PhishingWebsites,CatBoost,1106,0.0,0.0018841902681589339,0.0018841902681589339,-0.0013809647720870086,0.0018841902681589339,0.0018841902681589339,0.0007235419907374308
PhishingWebsites,ExtraTrees,1106,0.003725961136460698,0.044320367049627094,0.044320367049627094,0.003725961136460698,0.044320367049627094,0.044320367049627094,0.0006822499999543652
PhishingWebsites,LightGBM,1106,0.0,0.0,0.0,-0.0030416157550180968,-0.005610841948789506,-0.005610841948789506,0.0006822910072514787
PhishingWebsites,LinearModel,1106,0.0,0.0,0.0,-0.00187081895649838,-0.0018782601757280895,-0.0018782601757280895,0.0006954580021556467
PhishingWebsites,NeuralNetFastAI,1106,0.0,0.0011402612502508583,0.0011402612502508583,-0.0005322197648111627,0.0011402612502508583,0.0011402612502508583,0.0007012089918134734
PhishingWebsites,NeuralNetTorch,1106,0.00035138478963831166,0.01248209436168743,0.01248209436168743,0.00035138478963831166,0.01248209436168743,0.01248209436168743,0.0006779170071240515
PhishingWebsites,RandomForest,1106,0.002228455653485774,0.03262877969439303,0.03262877969439303,0.002228455653485774,0.03262877969439303,0.03262877969439303,0.0007359169976552948
PhishingWebsites,XGBoost,1106,0.0,0.0025229388033977374,0.0025229388033977374,-0.0010711570997314433,0.0025229388033977374,0.0025229388033977374,0.0006948329973965883
Run_or_walk_information,CatBoost,8859,0.0,0.002147240404444315,0.002147240404444315,-6.708613110911959e-05,0.002147240404444315,0.002147240404444315,0.002167750004446134
Run_or_walk_information,ExtraTrees,8859,0.0013391292740583946,0.01812657410629411,0.01812657410629411,0.0013391292740583946,0.01812657410629411,0.01812657410629411,0.002195374996517785
Run_or_walk_information,LightGBM,8859,0.0,0.0,0.0,-0.0004848897473532184,-0.00041884389151944227,-0.00041884389151944227,0.0021513340034289286
Run_or_walk_information,LinearModel,8859,0.029785178745217755,0.12574120387469026,0.12574120387469026,0.029785178745217755,0.12574120387469026,0.12574120387469026,0.0024272080045193434
Run_or_walk_information,NeuralNetFastAI,8859,0.0,6.579370648315038e-05,6.579370648315038e-05,-0.0004892955205840339,6.579370648315038e-05,6.579370648315038e-05,0.0021924159955233335
Run_or_walk_information,NeuralNetTorch,8859,0.0,0.001008874634909501,0.001008874634909501,-0.00035100719746042553,0.001008874634909501,0.001008874634909501,0.0021581659966614097
Run_or_walk_information,RandomForest,8859,0.0003357486002317566,0.010513431557058707,0.010513431557058707,0.0003357486002317566,0.010513431557058707,0.010513431557058707,0.002152208995539695
Run_or_walk_information,XGBoost,8859,0.0,0.0004595105038922026,0.0004595105038922026,-0.0002269325350875016,0.0004595105038922026,0.0004595105038922026,0.0022292079956969246
adult,CatBoost,4885,0.0,0.0,0.0,-0.001368972041646467,-0.004317902934650274,-0.004317902934650274,0.0015253750025294721
adult,ExtraTrees,4885,0.0,0.01034337071426083,0.01034337071426083,-0.0007245102846524486,0.01034337071426083,0.01034337071426083,0.0015203749935608357
adult,LightGBM,4885,0.0,0.0,0.0,-0.0015562261477577563,-0.004505154523237271,-0.004505154523237271,0.0014997079997556284
adult,LinearModel,4885,0.0,0.0,0.0,-0.001372780785390907,-0.00032189005967446467,-0.00032189005967446467,0.0015208749973680824
adult,NeuralNetFastAI,4885,0.0,0.0020227973420181727,0.0020227973420181727,-0.000921380167084489,0.0020227973420181727,0.0020227973420181727,0.0015344169951276854
adult,NeuralNetTorch,4885,0.0,0.0,0.0,-0.0016219185177568447,-0.00043401247285930673,-0.00043401247285930673,0.001687417010543868
adult,RandomForest,4885,0.0,0.0,0.0,-0.0012488294038837196,-0.0014224389164399478,-0.0014224389164399478,0.0015403329889522865
adult,XGBoost,4885,0.0,0.0,0.0,-0.0018757298242750822,-0.006784972233661117,-0.006784972233661117,0.0014784160011913627
ailerons,CatBoost,1375,0.0,0.0,0.0,-0.003841645453765683,-0.0012923436512408608,-0.0012923436512408608,0.000760499999159947
ailerons,ExtraTrees,1375,0.0,0.0,0.0,-0.0029138057750754134,-0.0004934996908043765,-0.0004934996908043765,0.000818957996671088
ailerons,LightGBM,1375,0.0,0.0,0.0,-0.004622020356268318,-0.015102669040164487,-0.015102669040164487,0.0007703329902142286
ailerons,LinearModel,1375,0.0,0.0,0.0,-0.0037894784534662313,-0.003726030384359712,-0.003726030384359712,0.0007520840008510277
ailerons,NeuralNetFastAI,1375,0.0,0.0,0.0,-0.0031667821630646477,-0.004727492328939744,-0.004727492328939744,0.0007724169990979135
ailerons,NeuralNetTorch,1375,0.0,0.0,0.0,-0.0028749043658025343,-0.0017869825992675034,-0.0017869825992675034,0.0007601669931318611
ailerons,RandomForest,1375,0.0,0.0,0.0,-0.003112380451178086,-0.00483999815787485,-0.00483999815787485,0.0007686250028200448
ailerons,XGBoost,1375,0.0,0.0,0.0,-0.003761265983796371,-0.011622368707512083,-0.011622368707512083,0.0007460839988198131
bank-marketing,CatBoost,4522,0.0,0.0033255786324367267,0.0033255786324367267,-0.0003814386052400777,0.0033255786324367267,0.0033255786324367267,0.0014134579978417605
bank-marketing,ExtraTrees,4522,0.0,0.0036552684477186015,0.0036552684477186015,-0.0007575587493274285,0.0036552684477186015,0.0036552684477186015,0.001404208000167273
bank-marketing,LightGBM,4522,0.0,0.0032097293098968514,0.0032097293098968514,-0.0007137571760932683,0.0032097293098968514,0.0032097293098968514,0.0013734590029343963
bank-marketing,LinearModel,4522,0.0,0.008566374849843286,0.008566374849843286,-0.000467904756367967,0.008566374849843286,0.008566374849843286,0.0013980420044390485
bank-marketing,NeuralNetFastAI,4522,0.0,0.0,0.0,-0.0011310264299562232,-0.002580046698467731,-0.002580046698467731,0.0013936659961473197
bank-marketing,NeuralNetTorch,4522,0.0,0.004624272935755932,0.004624272935755932,-0.0009847117248611623,0.004624272935755932,0.004624272935755932,0.0013863330095773563
bank-marketing,RandomForest,4522,0.0,0.0,0.0,-0.0008744507823738352,-0.0015418257792547997,-0.0015418257792547997,0.001378917004331015
bank-marketing,XGBoost,4522,0.0,0.009405388495985907,0.009405388495985907,-0.00031467611703003,0.009405388495985907,0.009405388495985907,0.0013854999997420236
delta_elevators,CatBoost,952,0.0,0.0038534980640255556,0.0038534980640255556,-0.0036646669535524415,0.0038534980640255556,0.0038534980640255556,0.0006684170075459406
delta_elevators,ExtraTrees,952,0.0,0.022504393462318646,0.022504393462318646,-0.003057290257154596,0.022504393462318646,0.022504393462318646,0.0006649580027442425
delta_elevators,LightGBM,952,0.0,0.006934330586398787,0.006934330586398787,-0.0024476598535959787,0.006934330586398787,0.006934330586398787,0.0007004159997450188
delta_elevators,LinearModel,952,0.0,0.0038956340955459794,0.0038956340955459794,-0.002055538059025414,0.0038956340955459794,0.0038956340955459794,0.0006619579944526777
delta_elevators,NeuralNetFastAI,952,0.0,0.00246575919118186,0.00246575919118186,-0.003627034357982786,0.00246575919118186,0.00246575919118186,0.0007451249985024333
delta_elevators,NeuralNetTorch,952,0.0,0.0,0.0,-0.004921165059192153,-0.003282190274722099,-0.003282190274722099,0.0006595829909201711
delta_elevators,RandomForest,952,0.0,0.01245116064251115,0.01245116064251115,-0.0029708798304024196,0.01245116064251115,0.01245116064251115,0.0006642079970333725
delta_elevators,XGBoost,952,0.0,0.0,0.0,-0.0037684370850636062,-0.006241926052969559,-0.006241926052969559,0.0006688340072287247
eeg-eye-state,CatBoost,1498,0.0,0.0,0.0,-0.003098949373492325,-0.003931475432463758,-0.003931475432463758,0.0007780839951010421
eeg-eye-state,ExtraTrees,1498,0.022344164813916257,0.13564308003543593,0.13564308003543593,0.022344164813916257,0.13564308003543593,0.13564308003543593,0.0008237079891841859
eeg-eye-state,LightGBM,1498,0.0,0.0,0.0,-0.002044341663443863,-0.0030664259204739816,-0.0030664259204739816,0.0007831249968148768
eeg-eye-state,LinearModel,1498,0.0,0.0,0.0,-0.001323777459578743,-0.015139261969378858,-0.015139261969378858,0.000778750007157214
eeg-eye-state,NeuralNetFastAI,1498,0.0035288887626156507,0.06085144098100808,0.06085144098100808,0.0035288887626156507,0.06085144098100808,0.06085144098100808,0.0007998750079423189
eeg-eye-state,NeuralNetTorch,1498,0.0,0.0013124288974816017,0.0013124288974816017,-0.0018339436422864595,0.0013124288974816017,0.0013124288974816017,0.0007641250122105703
eeg-eye-state,RandomForest,1498,0.018799339673580717,0.12174677395557758,0.12174677395557758,0.018799339673580717,0.12174677395557758,0.12174677395557758,0.000775666005210951
eeg-eye-state,XGBoost,1498,0.0,0.0,0.0,-0.0021965970396475363,-0.005194695825567695,-0.005194695825567695,0.0007478750048903748
electricity,CatBoost,4532,0.0,0.0020229229756804183,0.0020229229756804183,-0.0010158528967065957,0.0020229229756804183,0.0020229229756804183,0.0013663749996339902
electricity,ExtraTrees,4532,0.004804516843735986,0.06124595417741798,0.06124595417741798,0.004804516843735986,0.06124595417741798,0.06124595417741798,0.0014211249945219606
electricity,LightGBM,4532,0.0,0.004910529530338719,0.004910529530338719,-0.0006572482160372983,0.004910529530338719,0.004910529530338719,0.0013766250049229711
electricity,LinearModel,4532,0.0,0.0,0.0,-0.001932994976235453,-0.004829854772138797,-0.004829854772138797,0.0014979589905124158
electricity,NeuralNetFastAI,4532,0.0,0.0,0.0,-0.001687873538453872,-0.0018259290798055613,-0.0018259290798055613,0.0014943339920137078
electricity,NeuralNetTorch,4532,0.0,0.0,0.0,-0.0012371705494667138,-0.0008456684205273901,-0.0008456684205273901,0.0014477919903583825
electricity,RandomForest,4532,0.0019489243978836534,0.04239629302738976,0.04239629302738976,0.0019489243978836534,0.04239629302738976,0.04239629302738976,0.001444166002329439
electricity,XGBoost,4532,0.0,0.009025401120827862,0.009025401120827862,-0.0006022572071228298,0.009025401120827862,0.009025401120827862,0.0013727499899687245
fried,CatBoost,4077,0.0,0.007571825042287489,0.007571825042287489,-0.000698267201962213,0.007571825042287489,0.007571825042287489,0.001295082998694852
fried,ExtraTrees,4077,0.004531549431825738,0.05159185554223217,0.05159185554223217,0.004531549431825738,0.05159185554223217,0.05159185554223217,0.0013566659908974543
fried,LightGBM,4077,0.0,0.006412285945548427,0.006412285945548427,-0.0010903356513973991,0.006412285945548427,0.006412285945548427,0.0012951669923495501
fried,LinearModel,4077,0.0,0.013723429725200168,0.013723429725200168,-0.0003434245637180258,0.013723429725200168,0.013723429725200168,0.0014721249899594113
fried,NeuralNetFastAI,4077,0.0,0.0,0.0,-0.001005700433556904,-0.002415426694267222,-0.002415426694267222,0.001307041005929932
fried,NeuralNetTorch,4077,0.0,0.010411990062432758,0.010411990062432758,-0.0002100281768672347,0.010411990062432758,0.010411990062432758,0.001303791010286659
fried,RandomForest,4077,0.0017952432664133028,0.035059534399701955,0.035059534399701955,0.0017952432664133028,0.035059534399701955,0.035059534399701955,0.0013072919973637909
fried,XGBoost,4077,0.0,0.0,0.0,-0.0013308929248166974,-0.0010512151805642984,-0.0010512151805642984,0.0013366250059334561
houses,CatBoost,2064,0.0,0.0021775072918969744,0.0021775072918969744,-0.000617288675190471,0.0021775072918969744,0.0021775072918969744,0.0008599580032750964
houses,ExtraTrees,2064,0.0,0.00676033506124793,0.00676033506124793,-0.0009097607119199473,0.00676033506124793,0.00676033506124793,0.0008802079973975196
houses,LightGBM,2064,0.0,0.001666698693473216,0.001666698693473216,-0.0009245939990811486,0.001666698693473216,0.001666698693473216,0.0008634999976493418
houses,LinearModel,2064,0.0,0.001894217270334995,0.001894217270334995,-0.0008791538261903256,0.001894217270334995,0.001894217270334995,0.0008760000055190176
houses,NeuralNetFastAI,2064,0.0,0.005431321405930679,0.005431321405930679,-0.0006716028853289516,0.005431321405930679,0.005431321405930679,0.0009463329915888608
houses,NeuralNetTorch,2064,0.0,0.005560922734072862,0.005560922734072862,-0.0010195250607372213,0.005560922734072862,0.005560922734072862,0.0008534999942639843
houses,RandomForest,2064,0.0,0.0034166402665152785,0.0034166402665152785,-0.0009937335789728385,0.0034166402665152785,0.0034166402665152785,0.000870000003487803
houses,XGBoost,2064,0.0,0.0,0.0,-0.0008688759430749758,-0.0012879234265971557,-0.0012879234265971557,0.0008666670037200674
jm1,CatBoost,1089,0.0,0.0,0.0,-0.004508883162111856,-0.0021380848354763454,-0.0021380848354763454,0.0007164169946918264
jm1,ExtraTrees,1089,0.0,0.0,0.0,-0.005030572115252723,-0.02448831862380687,-0.02448831862380687,0.000687708001350984
jm1,LightGBM,1089,0.0,0.0,0.0,-0.004283937505662652,-0.008526284298949334,-0.008526284298949334,0.0006899169966345653
jm1,LinearModel,1089,0.0,0.0,0.0,-0.0029646593125551833,-0.002120608829057633,-0.002120608829057633,0.0006814999942434952
jm1,NeuralNetFastAI,1089,0.0,0.010010299598669874,0.010010299598669874,-0.00316238978840235,0.010010299598669874,0.010010299598669874,0.0007084160024533048
jm1,NeuralNetTorch,1089,0.0,0.0,0.0,-0.002657801020967242,-0.009297127619512291,-0.009297127619512291,0.0006945420027477667
jm1,RandomForest,1089,0.0,0.0,0.0,-0.004451355410929376,-0.006825313065019312,-0.006825313065019312,0.0006936249992577359
jm1,XGBoost,1089,0.0,0.0,0.0,-0.0063972239306467945,-0.0298099386752938,-0.0298099386752938,0.000680458004353568
kdd_internet_usage,CatBoost,1011,0.0,0.0,0.0,-0.0019272148454626294,-0.0034517768405895573,-0.0034517768405895573,0.000691374996677041
kdd_internet_usage,ExtraTrees,1011,0.0,0.0,0.0,-0.004124003500738902,-0.0003501108574684899,-0.0003501108574684899,0.0006719579978380352
kdd_internet_usage,LightGBM,1011,0.0,0.0,0.0,-0.004654550748358812,-0.01188928098026313,-0.01188928098026313,0.0006777079979656264
kdd_internet_usage,LinearModel,1011,0.0,0.0,0.0,-0.003122984889148854,-0.008984199786562863,-0.008984199786562863,0.0006782080017728731
kdd_internet_usage,NeuralNetFastAI,1011,0.0,0.00903383290598263,0.00903383290598263,-0.002325402296551574,0.00903383290598263,0.00903383290598263,0.0006999589968472719
kdd_internet_usage,NeuralNetTorch,1011,0.0,0.0053531308748237015,0.0053531308748237015,-0.0025374913862956363,0.0053531308748237015,0.0053531308748237015,0.0006653329910477623
kdd_internet_usage,RandomForest,1011,0.0,0.02331070479663765,0.02331070479663765,-0.0028172801991136584,0.02331070479663765,0.02331070479663765,0.0007080829964252189
kdd_internet_usage,XGBoost,1011,0.0,0.0,0.0,-0.0029732158759576866,-0.010780433169704274,-0.010780433169704274,0.0006684159889118746
kick,CatBoost,7299,0.0,0.0020035836044780615,0.0020035836044780615,-0.0008878287831356375,0.0020035836044780615,0.0020035836044780615,0.002003165995120071
kick,ExtraTrees,7299,0.0,0.003303834663013648,0.003303834663013648,-0.0008327954157830717,0.003303834663013648,0.003303834663013648,0.0019527090043993667
kick,LightGBM,7299,0.0,0.006311022163528129,0.006311022163528129,-0.00039212347876617745,0.006311022163528129,0.006311022163528129,0.0019238329987274483
kick,LinearModel,7299,0.0,0.0062682780994988896,0.0062682780994988896,-0.0006283669991888364,0.0062682780994988896,0.0062682780994988896,0.0019454169960226864
kick,NeuralNetFastAI,7299,0.0,0.0,0.0,-0.0010999759117639018,-0.00122646762390909,-0.00122646762390909,0.0019708750041900203
kick,NeuralNetTorch,7299,0.0,0.0020720188776514725,0.0020720188776514725,-0.0010132856673394797,0.0020720188776514725,0.0020720188776514725,0.0019373749964870512
kick,RandomForest,7299,0.0007476810914809458,0.005126007232726475,0.005126007232726475,0.0007476810914809458,0.005126007232726475,0.005126007232726475,0.0020045830024173483
kick,XGBoost,7299,0.0,0.002880364086222226,0.002880364086222226,-0.0009758957674622069,0.002880364086222226,0.002880364086222226,0.001926666998770088
mammography,CatBoost,1119,0.0,0.0,0.0,-0.00153068987435699,-0.0013545945301406744,-0.0013545945301406744,0.000692083005560562
mammography,ExtraTrees,1119,0.0,0.0024177611973606383,0.0024177611973606383,-0.001912950790827986,0.0024177611973606383,0.0024177611973606383,0.0006850829959148541
mammography,LightGBM,1119,0.0,0.00032622730954516083,0.00032622730954516083,-0.0009986817512337518,0.00032622730954516083,0.00032622730954516083,0.0006618750048801303
mammography,LinearModel,1119,0.0,0.008927292037076028,0.008927292037076028,-0.0015506035464098668,0.008927292037076028,0.008927292037076028,0.0006827079923823476
mammography,NeuralNetFastAI,1119,0.0,0.0013127168675493434,0.0013127168675493434,-0.00480765497950547,0.0013127168675493434,0.0013127168675493434,0.0007551250018877909
mammography,NeuralNetTorch,1119,0.00012934181993871848,0.00696487483691219,0.00696487483691219,0.00012934181993871848,0.00696487483691219,0.00696487483691219,0.0007522910018451512
mammography,RandomForest,1119,0.0,0.007116738760902679,0.007116738760902679,-6.10967681176434e-05,0.007116738760902679,0.007116738760902679,0.0006705420091748238
mammography,XGBoost,1119,0.0,0.001942054326785437,0.001942054326785437,-0.0012172508816151039,0.001942054326785437,0.001942054326785437,0.0007102500094333664
mc1,CatBoost,947,0.0,0.0005047012126570372,0.0005047012126570372,-0.0005582541051523718,0.0005047012126570372,0.0005047012126570372,0.0006600420019822195
mc1,ExtraTrees,947,0.0,0.0,0.0,-0.0012197567054335837,-0.0004732800374203263,-0.0004732800374203263,0.0006509170052595437
mc1,LightGBM,947,0.00011468699910509067,0.0,0.0,0.00011468699910509067,-0.0005368296327556207,-0.0005368296327556207,0.0006918329891050234
mc1,LinearModel,947,0.0003032659363953298,0.0017820493434134504,0.0017820493434134504,0.0003032659363953298,0.0017820493434134504,0.0017820493434134504,0.0007093329913914204
mc1,NeuralNetFastAI,947,0.0,0.0,0.0,-0.0002670659329213244,-0.0015848503780963364,-0.0015848503780963364,0.0006697089993394911
mc1,NeuralNetTorch,947,0.0003189104982315148,0.005192655208221332,0.005192655208221332,0.0003189104982315148,0.005192655208221332,0.005192655208221332,0.0006636249891016632
mc1,RandomForest,947,0.0,0.0020132344468961295,0.0020132344468961295,-0.0002903297536197132,0.0020132344468961295,0.0020132344468961295,0.0006324590067379177
mc1,XGBoost,947,0.0,0.0,0.0,-0.0010179740825037114,-5.418776596946506e-05,-5.418776596946506e-05,0.0006460829899879172
mozilla4,CatBoost,1555,0.0,0.012796119404121016,0.012796119404121016,-0.0007329299978780452,0.012796119404121016,0.012796119404121016,0.0007945420074975118
mozilla4,ExtraTrees,1555,0.0,0.008544480907536109,0.008544480907536109,-0.0011505614540211592,0.008544480907536109,0.008544480907536109,0.0008070830081123859
mozilla4,LightGBM,1555,0.0,0.01177056433297574,0.01177056433297574,-0.0004141098691203989,0.01177056433297574,0.01177056433297574,0.0007588750013383105
mozilla4,LinearModel,1555,0.0,0.0,0.0,-0.0009618699019578211,-0.0068488535648574,-0.0068488535648574,0.000774209009250626
mozilla4,NeuralNetFastAI,1555,0.0,0.005248812990939885,0.005248812990939885,-0.0027690258984200294,0.005248812990939885,0.005248812990939885,0.0007732920057605952
mozilla4,NeuralNetTorch,1555,0.0,0.0,0.0,-0.0028117926966072567,-0.003313643075432837,-0.003313643075432837,0.0007889999978942797
mozilla4,RandomForest,1555,0.0,0.0,0.0,-0.0011627645058643146,-0.0020257250253123103,-0.0020257250253123103,0.0007579999946756288
mozilla4,XGBoost,1555,0.0,0.009002692202219165,0.009002692202219165,-0.0011037986401965067,0.009002692202219165,0.009002692202219165,0.0007706250034971163
nomao,CatBoost,3447,0.0,0.0,0.0,-0.0012087366529036137,-0.005360696930206619,-0.005360696930206619,0.0011773329897550866
nomao,ExtraTrees,3447,0.0011308427388137558,0.019189276510818795,0.019189276510818795,0.0011308427388137558,0.019189276510818795,0.019189276510818795,0.0011414999898988754
nomao,LightGBM,3447,0.0,0.0,0.0,-0.0018599469813592843,-0.00322889926361167,-0.00322889926361167,0.001127875002566725
nomao,LinearModel,3447,0.0,0.0,0.0,-0.0008418293766004585,-0.0025526131156689354,-0.0025526131156689354,0.0011387500126147643
nomao,NeuralNetFastAI,3447,0.0,0.0032465160084725517,0.0032465160084725517,-0.000661256247448233,0.0032465160084725517,0.0032465160084725517,0.0011557910038391128
nomao,NeuralNetTorch,3447,0.0,0.0,0.0,-0.0013124021951460116,-0.005439601492416087,-0.005439601492416087,0.0011464579874882475
nomao,RandomForest,3447,0.0009588149337498185,0.019998995033353523,0.019998995033353523,0.0009588149337498185,0.019998995033353523,0.019998995033353523,0.0012167079985374585
nomao,XGBoost,3447,0.0,0.0002960500670144012,0.0002960500670144012,-0.0006414619322216279,0.0002960500670144012,0.0002960500670144012,0.0011765000090235844
numerai28_6,CatBoost,9632,0.0,0.0009266459058190501,0.0009266459058190501,-0.0002680757153039157,0.0009266459058190501,0.0009266459058190501,0.0024247500114142895
numerai28_6,ExtraTrees,9632,0.0,0.00426110706951135,0.00426110706951135,-0.00023180656707079463,0.00426110706951135,0.00426110706951135,0.002407500011031516
numerai28_6,LightGBM,9632,0.0,0.0029578364277846395,0.0029578364277846395,-0.0001695431692961204,0.0029578364277846395,0.0029578364277846395,0.002352499999688007
numerai28_6,LinearModel,9632,0.0,0.0072765013023567355,0.0072765013023567355,-5.852255189110958e-05,0.0072765013023567355,0.0072765013023567355,0.0024249580019386485
numerai28_6,NeuralNetFastAI,9632,0.0,0.0,0.0,-0.0001949406786417305,-0.005387788981917095,-0.005387788981917095,0.0023637920094188303
numerai28_6,NeuralNetTorch,9632,0.0,0.007598901009713098,0.007598901009713098,-0.0002504059217897946,0.007598901009713098,0.007598901009713098,0.0023543749994132668
numerai28_6,RandomForest,9632,0.0,0.005243910448718507,0.005243910448718507,-0.00019721197569261417,0.005243910448718507,0.005243910448718507,0.0023821250069886446
numerai28_6,XGBoost,9632,0.0,0.0,0.0,-0.0003177817779852416,-0.00018987727608296562,-0.00018987727608296562,0.002328333997866139
