dataset,model,test_size,Isotonic_brier,Isotonic_l1,Isotonic_l2,Isotonic_brier_unclipped,Isotonic_l1_unclipped,Isotonic_l2_unclipped,Isotonic_time
2dplanes,CatBoost,4077,1.7395552763891207e-05,0.003906049963683854,0.003906049963683854,1.7395552763891207e-05,0.003906049963683854,0.003906049963683854,0.018741459003649652
2dplanes,ExtraTrees,4077,0.0,0.006132446446998191,0.006132446446998191,-0.00035869497050634814,0.006132446446998191,0.006132446446998191,0.015045167005155236
2dplanes,LightGBM,4077,0.0,0.0012061044359756147,0.0012061044359756147,-0.00027293239347435703,0.0012061044359756147,0.0012061044359756147,0.014190916990628466
2dplanes,LinearModel,4077,0.001105716133078593,0.03485830642079314,0.03485830642079314,0.001105716133078593,0.03485830642079314,0.03485830642079314,0.014089999996940605
2dplanes,NeuralNetFastAI,4077,0.0,0.003003931184708964,0.003003931184708964,-0.0005525233387226403,0.003003931184708964,0.003003931184708964,0.013949875006801449
2dplanes,NeuralNetTorch,4077,0.0,0.0014628847268220583,0.0014628847268220583,-0.0003880416337249117,0.0014628847268220583,0.0014628847268220583,0.014973708006436937
2dplanes,RandomForest,4077,0.0001594873579582408,0.009725579971852399,0.009725579971852399,0.0001594873579582408,0.009725579971852399,0.009725579971852399,0.013916416995925829
2dplanes,XGBoost,4077,0.0,0.0,0.0,-0.0005279159469339845,-0.0013845608334138355,-0.0013845608334138355,0.013581624996731989
APSFailure,CatBoost,7600,0.0,0.0012225041113249875,0.0012225041113249875,-0.0002775894352829113,0.0012225041113249875,0.0012225041113249875,0.018755249999230728
APSFailure,ExtraTrees,7600,0.00039222786474842297,0.0035414435930828116,0.0035414435930828116,0.00039222786474842297,0.0035414435930828116,0.0035414435930828116,0.037403374997666106
APSFailure,LightGBM,7600,0.0,0.0,0.0,-0.00013283554446333364,-1.7191284427529975e-05,-1.7191284427529975e-05,0.019466874990030192
APSFailure,LinearModel,7600,0.0,0.0,0.0,-0.00013697721112416184,-5.650463855876989e-05,-5.650463855876989e-05,0.019230666002840735
APSFailure,NeuralNetFastAI,7600,0.00011249321008237308,0.002054960742802905,0.002054960742802905,0.00011249321008237308,0.002054960742802905,0.002054960742802905,0.019226959004299715
APSFailure,NeuralNetTorch,7600,5.266630067211301e-05,0.0014367091050866963,0.0014367091050866963,5.266630067211301e-05,0.0014367091050866963,0.0014367091050866963,0.018946166994282976
APSFailure,RandomForest,7600,0.0005966594887958428,0.0051210526623885685,0.0051210526623885685,0.0005966594887958428,0.0051210526623885685,0.0051210526623885685,0.017043250001734123
APSFailure,XGBoost,7600,0.0,0.0007630959622646946,0.0007630959622646946,-0.00020781937933370657,0.0007630959622646946,0.0007630959622646946,0.019469457998638973
Amazon_employee_access,CatBoost,3277,5.1745741650903966e-05,0.007439362927066286,0.007439362927066286,5.1745741650903966e-05,0.007439362927066286,0.007439362927066286,0.012663333996897563
Amazon_employee_access,ExtraTrees,3277,0.0009722116458939446,0.016556515016496128,0.016556515016496128,0.0009722116458939446,0.016556515016496128,0.016556515016496128,0.012557042005937546
Amazon_employee_access,LightGBM,3277,0.0,0.002292320270945031,0.002292320270945031,-0.0004175584153515909,0.002292320270945031,0.002292320270945031,0.012493374990299344
Amazon_employee_access,LinearModel,3277,0.0,0.005421912659676948,0.005421912659676948,-0.0005248975317626303,0.005421912659676948,0.005421912659676948,0.012567041005240753
Amazon_employee_access,NeuralNetFastAI,3277,0.0,0.0002520384814341257,0.0002520384814341257,-0.0001478799992851122,0.0002520384814341257,0.0002520384814341257,0.012631416990188882
Amazon_employee_access,NeuralNetTorch,3277,0.0,0.0,0.0,-0.0006281530998303963,-0.0012379989623659661,-0.0012379989623659661,0.01309900000342168
Amazon_employee_access,RandomForest,3277,0.0007943674531385566,0.015875725660485614,0.015875725660485614,0.0007943674531385566,0.015875725660485614,0.015875725660485614,0.014466416992945597
Amazon_employee_access,XGBoost,3277,0.0,0.0016900592557187847,0.0016900592557187847,-0.0003863887634966549,0.0016900592557187847,0.0016900592557187847,0.013019833000726067
Click_prediction_small,CatBoost,3995,0.0,0.005169821174020351,0.005169821174020351,-0.00020495439073146306,0.005169821174020351,0.005169821174020351,0.014170875001582317
Click_prediction_small,ExtraTrees,3995,0.0,0.0,0.0,-0.0009094037979966371,-0.00486835415057782,-0.00486835415057782,0.013810625008773059
Click_prediction_small,LightGBM,3995,0.0,0.0,0.0,-0.0009351370768805807,-0.005867890984132345,-0.005867890984132345,0.01366812500054948
Click_prediction_small,LinearModel,3995,0.0,0.018797742352425793,0.018797742352425793,-6.40529970605911e-05,0.018797742352425793,0.018797742352425793,0.013530458003515378
Click_prediction_small,NeuralNetFastAI,3995,0.0,0.0,0.0,-0.0012655336275322344,-0.01078266875599237,-0.01078266875599237,0.013533499994082376
Click_prediction_small,NeuralNetTorch,3995,0.0,0.0,0.0,-0.001094673729754092,-0.0037092541071128225,-0.0037092541071128225,0.01364625000860542
Click_prediction_small,RandomForest,3995,0.0,0.0,0.0,-0.0016233855605234644,-0.0156050420037307,-0.0156050420037307,0.013460999995004386
Click_prediction_small,XGBoost,3995,0.0,0.0,0.0,-0.0009687903325603887,-0.001615080377990345,-0.001615080377990345,0.02585683400684502
PhishingWebsites,CatBoost,1106,0.0,0.008373234954717017,0.008373234954717017,-0.00018262229040479804,0.008373234954717017,0.008373234954717017,0.01758466700266581
PhishingWebsites,ExtraTrees,1106,0.004382186207259786,0.04829786216895303,0.04829786216895303,0.004382186207259786,0.04829786216895303,0.04829786216895303,0.009820040999329649
PhishingWebsites,LightGBM,1106,0.0,0.006278563072937259,0.006278563072937259,-0.0004071804411571705,0.006278563072937259,0.006278563072937259,0.009208458999637514
PhishingWebsites,LinearModel,1106,0.0,0.002543150783105809,0.002543150783105809,-0.0014061241724251177,0.002543150783105809,0.002543150783105809,0.00926091699511744
PhishingWebsites,NeuralNetFastAI,1106,0.0,0.004168892807395375,0.004168892807395375,-0.0006700146016287992,0.004168892807395375,0.004168892807395375,0.009064249999937601
PhishingWebsites,NeuralNetTorch,1106,0.0018186274862802114,0.015338790208124946,0.015338790208124946,0.0018186274862802114,0.015338790208124946,0.015338790208124946,0.009092709005926736
PhishingWebsites,RandomForest,1106,0.002581894369940152,0.035361897542973864,0.035361897542973864,0.002581894369940152,0.035361897542973864,0.035361897542973864,0.00915179199364502
PhishingWebsites,XGBoost,1106,0.0,0.008085910359427564,0.008085910359427564,-0.0005310639779787783,0.008085910359427564,0.008085910359427564,0.009059708012500778
Run_or_walk_information,CatBoost,8859,0.0,0.0003730027567374305,0.0003730027567374305,-0.00013406634652385484,0.0003730027567374305,0.0003730027567374305,0.020974166007363237
Run_or_walk_information,ExtraTrees,8859,0.0015299900755056724,0.018621739110781042,0.018621739110781042,0.0015299900755056724,0.018621739110781042,0.018621739110781042,0.019936291995691136
Run_or_walk_information,LightGBM,8859,0.0,0.000655900764846109,0.000655900764846109,-0.00024699991608745733,0.000655900764846109,0.000655900764846109,0.021054416996776126
Run_or_walk_information,LinearModel,8859,0.02660407576294741,0.11963533067455742,0.11963533067455742,0.02660407576294741,0.11963533067455742,0.11963533067455742,0.021005457994760945
Run_or_walk_information,NeuralNetFastAI,8859,0.0,0.0,0.0,-0.00036029573466071915,-0.0009979764467493472,-0.0009979764467493472,0.02060229200287722
Run_or_walk_information,NeuralNetTorch,8859,0.0,0.0018964453148782932,0.0018964453148782932,-0.00021224800683305304,0.0018964453148782932,0.0018964453148782932,0.020558249991154298
Run_or_walk_information,RandomForest,8859,0.00035947966069238205,0.010002870288151115,0.010002870288151115,0.00035947966069238205,0.010002870288151115,0.010002870288151115,0.01994708299753256
Run_or_walk_information,XGBoost,8859,0.0,0.0,0.0,-0.00028725412564983756,-0.0006197104742174707,-0.0006197104742174707,0.021668375004082918
adult,CatBoost,4885,0.0,0.0,0.0,-0.0009985761487096608,-0.0070635150283071815,-0.0070635150283071815,0.015402332996018231
adult,ExtraTrees,4885,0.0,0.0007133144648769666,0.0007133144648769666,-0.0004896491212647733,0.0007133144648769666,0.0007133144648769666,0.01637729100184515
adult,LightGBM,4885,0.0,0.0,0.0,-0.0009400402015428619,-0.0071084325117819385,-0.0071084325117819385,0.01641887499135919
adult,LinearModel,4885,0.0,0.0,0.0,-0.0011947629887267084,-0.007801437697747123,-0.007801437697747123,0.015753290994325653
adult,NeuralNetFastAI,4885,0.0,0.0014881084745095921,0.0014881084745095921,-0.0006418968324731157,0.0014881084745095921,0.0014881084745095921,0.015161999996053055
adult,NeuralNetTorch,4885,0.0,0.0,0.0,-0.0008795056613700158,-0.009149958615784949,-0.009149958615784949,0.015048791989102028
adult,RandomForest,4885,0.0,0.007693510008283307,0.007693510008283307,-0.00010277538656049906,0.007693510008283307,0.007693510008283307,0.014970791002269834
adult,XGBoost,4885,0.0,0.000777012961600192,0.000777012961600192,-0.0007163506386304849,0.000777012961600192,0.000777012961600192,0.01567412499571219
ailerons,CatBoost,1375,0.0,0.0036594794198278,0.0036594794198278,-0.0010849756243559699,0.0036594794198278,0.0036594794198278,0.009898375006741844
ailerons,ExtraTrees,1375,0.0,0.0,0.0,-0.0031319795826136284,-0.00858527043710505,-0.00858527043710505,0.009596915988367982
ailerons,LightGBM,1375,0.0,0.0,0.0,-0.0032183380806251266,-0.025156532195904715,-0.025156532195904715,0.009638625007937662
ailerons,LinearModel,1375,0.0,0.0,0.0,-0.0018335080721856715,-0.0005733192934739319,-0.0005733192934739319,0.009571208007400855
ailerons,NeuralNetFastAI,1375,0.0,0.0,0.0,-0.0013386672219443006,-0.006975549244538673,-0.006975549244538673,0.009632083005271852
ailerons,NeuralNetTorch,1375,0.0,0.0,0.0,-0.0025434229617351933,-0.0030024834251936145,-0.0030024834251936145,0.009672832995420322
ailerons,RandomForest,1375,0.0,0.0,0.0,-0.00198774908617195,-0.0016067047084533524,-0.0016067047084533524,0.009515249999822117
ailerons,XGBoost,1375,0.0,0.0,0.0,-0.003515959664593102,-0.0024272751995066013,-0.0024272751995066013,0.009507292008493096
bank-marketing,CatBoost,4522,0.0,0.006358973034206,0.006358973034206,-0.00024382741387210492,0.006358973034206,0.006358973034206,0.01409037499979604
bank-marketing,ExtraTrees,4522,0.0002548835834311646,0.013112048301407237,0.013112048301407237,0.0002548835834311646,0.013112048301407237,0.013112048301407237,0.014111415992374532
bank-marketing,LightGBM,4522,0.0001899801982398858,0.00705516939935409,0.00705516939935409,0.0001899801982398858,0.00705516939935409,0.00705516939935409,0.015200125009869225
bank-marketing,LinearModel,4522,0.000530620497466193,0.016635459385884264,0.016635459385884264,0.000530620497466193,0.016635459385884264,0.016635459385884264,0.014186459011398256
bank-marketing,NeuralNetFastAI,4522,0.0,0.0025057341693760543,0.0025057341693760543,-0.0002655964071642114,0.0025057341693760543,0.0025057341693760543,0.014488500004517846
bank-marketing,NeuralNetTorch,4522,0.0,0.0018572322441725673,0.0018572322441725673,-0.0003562362706331608,0.0018572322441725673,0.0018572322441725673,0.014607125005568378
bank-marketing,RandomForest,4522,0.0,0.0,0.0,-0.0008880045438710649,-0.002463429583308685,-0.002463429583308685,0.014035083004273474
bank-marketing,XGBoost,4522,0.0,0.008689730716706789,0.008689730716706789,-5.135371483799298e-05,0.008689730716706789,0.008689730716706789,0.014059875000384636
delta_elevators,CatBoost,952,0.0,0.0,0.0,-0.004102495854299878,-0.014355092503237068,-0.014355092503237068,0.008757167001022026
delta_elevators,ExtraTrees,952,0.0,0.01687872831557071,0.01687872831557071,-0.003862970663678696,0.01687872831557071,0.01687872831557071,0.008685624998179264
delta_elevators,LightGBM,952,0.0,0.0,0.0,-0.001955116233508619,-0.005416422928761722,-0.005416422928761722,0.008811916995909996
delta_elevators,LinearModel,952,0.0,0.0,0.0,-0.0020491984932591804,-0.0008072337876597396,-0.0008072337876597396,0.010059207997983322
delta_elevators,NeuralNetFastAI,952,0.0,0.0,0.0,-0.003752984884762339,-0.01218560464458431,-0.01218560464458431,0.02724808399216272
delta_elevators,NeuralNetTorch,952,0.0,0.0,0.0,-0.0016702216102085629,-0.02644149868535328,-0.02644149868535328,0.009681042007287033
delta_elevators,RandomForest,952,0.0,0.000247822082361809,0.000247822082361809,-0.0029706387281952283,0.000247822082361809,0.000247822082361809,0.010558541005593725
delta_elevators,XGBoost,952,0.0,0.0,0.0,-0.0033199099132342857,-0.021541289595579886,-0.021541289595579886,0.010034291990450583
eeg-eye-state,CatBoost,1498,0.0,0.0015971566416103757,0.0015971566416103757,-0.001393818015814495,0.0015971566416103757,0.0015971566416103757,0.010131791001185775
eeg-eye-state,ExtraTrees,1498,0.0230329016605414,0.12955051208864923,0.12955051208864923,0.0230329016605414,0.12955051208864923,0.12955051208864923,0.010145125008421019
eeg-eye-state,LightGBM,1498,0.0,0.01150175444507848,0.01150175444507848,-0.0006361864218804957,0.01150175444507848,0.01150175444507848,0.009799874998861924
eeg-eye-state,LinearModel,1498,0.0,0.008450878522941999,0.008450878522941999,-0.0010098940586637825,0.008450878522941999,0.008450878522941999,0.010002457987866364
eeg-eye-state,NeuralNetFastAI,1498,0.005911199288089451,0.0614023483299261,0.0614023483299261,0.005911199288089451,0.0614023483299261,0.0614023483299261,0.009740333000081591
eeg-eye-state,NeuralNetTorch,1498,0.0,0.0,0.0,-0.0009585307555275614,-0.0037342165312548243,-0.0037342165312548243,0.009815458994125947
eeg-eye-state,RandomForest,1498,0.018793801677742375,0.12214730789751879,0.12214730789751879,0.018793801677742375,0.12214730789751879,0.12214730789751879,0.01014079200103879
eeg-eye-state,XGBoost,1498,0.0,0.00651202374228933,0.00651202374228933,-0.00032028893718981193,0.00651202374228933,0.00651202374228933,0.010554833002970554
electricity,CatBoost,4532,0.0,0.004702050559340923,0.004702050559340923,-0.00023989686726288924,0.004702050559340923,0.004702050559340923,0.015214957995340228
electricity,ExtraTrees,4532,0.004509733787183533,0.06270667773600345,0.06270667773600345,0.004509733787183533,0.06270667773600345,0.06270667773600345,0.015079207994858734
electricity,LightGBM,4532,0.00015526771431012275,0.00734644553651349,0.00734644553651349,0.00015526771431012275,0.00734644553651349,0.00734644553651349,0.014857041998766363
electricity,LinearModel,4532,0.0,0.0,0.0,-0.002351013063244902,-0.029928219451751194,-0.029928219451751194,0.015591832998325117
electricity,NeuralNetFastAI,4532,0.0,0.004211273934234182,0.004211273934234182,-0.0007249102545818088,0.004211273934234182,0.004211273934234182,0.014974999998230487
electricity,NeuralNetTorch,4532,0.0,0.0,0.0,-0.0006354280205027233,-0.0014006161855521899,-0.0014006161855521899,0.01544291598838754
electricity,RandomForest,4532,0.002595558494629705,0.03998087595423662,0.03998087595423662,0.002595558494629705,0.03998087595423662,0.03998087595423662,0.015157417001319118
electricity,XGBoost,4532,0.00037636525472833123,0.011539527835656906,0.011539527835656906,0.00037636525472833123,0.011539527835656906,0.011539527835656906,0.014757791999727488
fried,CatBoost,4077,0.0,0.010044829537533268,0.010044829537533268,-0.0005113078046215836,0.010044829537533268,0.010044829537533268,0.014644999988377094
fried,ExtraTrees,4077,0.004612544855642936,0.0536620054977197,0.0536620054977197,0.004612544855642936,0.0536620054977197,0.0536620054977197,0.014993875010986812
fried,LightGBM,4077,0.0,0.005128472583494972,0.005128472583494972,-0.0007578543916269257,0.005128472583494972,0.005128472583494972,0.01550495799165219
fried,LinearModel,4077,0.0,0.008610159775255288,0.008610159775255288,-0.0007807590443618982,0.008610159775255288,0.008610159775255288,0.014860666007734835
fried,NeuralNetFastAI,4077,0.0,0.0022349463257496033,0.0022349463257496033,-0.0003987543811087142,0.0022349463257496033,0.0022349463257496033,0.014681166998343542
fried,NeuralNetTorch,4077,0.0,0.01436749619299282,0.01436749619299282,-2.2154825157622615e-05,0.01436749619299282,0.01436749619299282,0.01564812498691026
fried,RandomForest,4077,0.0017744983428608972,0.0298376288875692,0.0298376288875692,0.0017744983428608972,0.0298376288875692,0.0298376288875692,0.015360250006779097
fried,XGBoost,4077,0.0,0.001808384823301025,0.001808384823301025,-0.0007675806872891828,0.001808384823301025,0.001808384823301025,0.014851833009743132
houses,CatBoost,2064,0.0,0.0,0.0,-0.0005184637636002577,-0.00011487078243998996,-0.00011487078243998996,0.01146733300993219
houses,ExtraTrees,2064,0.0,0.006744185422435258,0.006744185422435258,-0.00020472684045343272,0.006744185422435258,0.006744185422435258,0.010561874994891696
houses,LightGBM,2064,0.0,0.001818471039074606,0.001818471039074606,-0.0004886800109019377,0.001818471039074606,0.001818471039074606,0.010622792004141957
houses,LinearModel,2064,0.0010319262468043422,0.01598986497809221,0.01598986497809221,0.0010319262468043422,0.01598986497809221,0.01598986497809221,0.010815249988809228
houses,NeuralNetFastAI,2064,0.00025671125399577115,0.006765772299439051,0.006765772299439051,0.00025671125399577115,0.006765772299439051,0.006765772299439051,0.010784999991301447
houses,NeuralNetTorch,2064,0.0,0.0074221508579576535,0.0074221508579576535,-0.0003268214033458247,0.0074221508579576535,0.0074221508579576535,0.010659542007488199
houses,RandomForest,2064,0.0,0.004464300913720883,0.004464300913720883,-0.0003789159035416703,0.004464300913720883,0.004464300913720883,0.010507583006983623
houses,XGBoost,2064,1.2937839142565535e-05,0.0011466313978290114,0.0011466313978290114,1.2937839142565535e-05,0.0011466313978290114,0.0011466313978290114,0.010533624998060986
jm1,CatBoost,1089,0.0,0.0,0.0,-0.004075441903784197,-0.015192006423015787,-0.015192006423015787,0.009136584005318582
jm1,ExtraTrees,1089,0.0,0.0,0.0,-0.002448146224891726,-0.0065839113475719795,-0.0065839113475719795,0.009071207998204045
jm1,LightGBM,1089,0.0,0.0,0.0,-0.002999930880513129,-0.018145438198160974,-0.018145438198160974,0.009226790993125178
jm1,LinearModel,1089,0.0,0.0,0.0,-0.0017411256607571199,-0.0046234024497034685,-0.0046234024497034685,0.009028542001033202
jm1,NeuralNetFastAI,1089,0.0,0.002567656165462661,0.002567656165462661,-0.002516485759178678,0.002567656165462661,0.002567656165462661,0.008967749992734753
jm1,NeuralNetTorch,1089,0.0,0.013852211266595279,0.013852211266595279,-0.002443926119622156,0.013852211266595279,0.013852211266595279,0.009074000001419336
jm1,RandomForest,1089,0.0,0.0,0.0,-0.0036112836348437052,-0.022808740758138244,-0.022808740758138244,0.0090736249985639
jm1,XGBoost,1089,0.0,0.0,0.0,-0.003005670807344155,-0.00208936070491405,-0.00208936070491405,0.009135499989497475
kdd_internet_usage,CatBoost,1011,0.0,0.0,0.0,-0.002384805957201678,-0.009033530166959455,-0.009033530166959455,0.008867791999364272
kdd_internet_usage,ExtraTrees,1011,0.0,0.008538663438957164,0.008538663438957164,-0.0023471979533716204,0.008538663438957164,0.008538663438957164,0.008853541992721148
kdd_internet_usage,LightGBM,1011,0.0,0.0,0.0,-0.003441123044417085,-0.011551003489997071,-0.011551003489997071,0.008895207996829413
kdd_internet_usage,LinearModel,1011,0.0,0.002136673795549828,0.002136673795549828,-0.0015929752647329566,0.002136673795549828,0.002136673795549828,0.008912250006687827
kdd_internet_usage,NeuralNetFastAI,1011,0.0,0.005991940294359244,0.005991940294359244,-0.0012856661468904197,0.005991940294359244,0.005991940294359244,0.010040541994385421
kdd_internet_usage,NeuralNetTorch,1011,0.0,0.0030303150606567353,0.0030303150606567353,-0.0020663692370692516,0.0030303150606567353,0.0030303150606567353,0.008960124992881902
kdd_internet_usage,RandomForest,1011,0.0,0.017420062575001973,0.017420062575001973,-0.002132606585309248,0.017420062575001973,0.017420062575001973,0.009295583993662149
kdd_internet_usage,XGBoost,1011,0.0,0.0,0.0,-0.002241710725175997,-0.0059433138857224385,-0.0059433138857224385,0.010516417009057477
kick,CatBoost,7299,0.0,0.0,0.0,-0.0005538218082153633,-0.002449502337399622,-0.002449502337399622,0.019723083009012043
kick,ExtraTrees,7299,1.4692580817398445e-05,0.004093071799705995,0.004093071799705995,1.4692580817398445e-05,0.004093071799705995,0.004093071799705995,0.01877266599331051
kick,LightGBM,7299,0.0,0.0,0.0,-5.829743199947081e-05,-0.002002785807422623,-0.002002785807422623,0.018838083997252397
kick,LinearModel,7299,0.0,0.0012572334101066352,0.0012572334101066352,-0.00018207724526056796,0.0012572334101066352,0.0012572334101066352,0.018781958002364263
kick,NeuralNetFastAI,7299,0.0,0.0,0.0,-0.00032954611809303346,-0.0019286111012383927,-0.0019286111012383927,0.01909929201065097
kick,NeuralNetTorch,7299,0.0,0.0,0.0,-0.000402008141055082,-0.006037814720360386,-0.006037814720360386,0.018873042004997842
kick,RandomForest,7299,0.002065144682950698,0.020265919363237423,0.020265919363237423,0.002065144682950698,0.020265919363237423,0.020265919363237423,0.01933962499606423
kick,XGBoost,7299,0.0,0.0,0.0,-0.00044587704701954496,-0.0008496897931055412,-0.0008496897931055412,0.018827332998625934
mammography,CatBoost,1119,0.0,0.0,0.0,-0.0009287531543690106,-0.008599464768298369,-0.008599464768298369,0.009140958994976245
mammography,ExtraTrees,1119,0.0,0.002936243783380935,0.002936243783380935,-0.0006050698529046906,0.002936243783380935,0.002936243783380935,0.009175166007480584
mammography,LightGBM,1119,0.0001727900774405162,0.0,0.0,0.0001727900774405162,-0.0017204501687351804,-0.0017204501687351804,0.009002708990010433
mammography,LinearModel,1119,0.00042892897643990124,0.00787935448375974,0.00787935448375974,0.00042892897643990124,0.00787935448375974,0.00787935448375974,0.009063457997399382
mammography,NeuralNetFastAI,1119,0.0,0.002401403837978704,0.002401403837978704,-0.0010579476018697076,0.002401403837978704,0.002401403837978704,0.009044416990946047
mammography,NeuralNetTorch,1119,0.0,0.0,0.0,-0.00035922089037574513,-0.0014379777668133984,-0.0014379777668133984,0.009021958991070278
mammography,RandomForest,1119,0.0005580971527621202,0.005092808391698577,0.005092808391698577,0.0005580971527621202,0.005092808391698577,0.005092808391698577,0.008882042006007396
mammography,XGBoost,1119,0.0,0.0,0.0,-0.00012885147431294008,-0.0002749787714399757,-0.0002749787714399757,0.008963250002125278
mc1,CatBoost,947,0.0003059067485887709,0.001756253122351326,0.001756253122351326,0.0003059067485887709,0.001756253122351326,0.001756253122351326,0.01068079099059105
mc1,ExtraTrees,947,0.0,0.0006531717305052843,0.0006531717305052843,-0.00043460510387819605,0.0006531717305052843,0.0006531717305052843,0.008837291999952868
mc1,LightGBM,947,0.0,0.0,0.0,-8.640547031758762e-06,-0.0003749364382811599,-0.0003749364382811599,0.008804833007161506
mc1,LinearModel,947,0.0001668731413006702,0.004699980128225405,0.004699980128225405,0.0001668731413006702,0.004699980128225405,0.004699980128225405,0.009231333999196067
mc1,NeuralNetFastAI,947,0.0,0.0,0.0,-0.0005514439134598562,-0.0028907148554970278,-0.0028907148554970278,0.008948083996074274
mc1,NeuralNetTorch,947,0.00011748767436570512,0.0013122901788127893,0.0013122901788127893,0.00011748767436570512,0.0013122901788127893,0.0013122901788127893,0.009293416995205916
mc1,RandomForest,947,0.0,0.0,0.0,-0.0005419986896042121,-0.0017673560959190978,-0.0017673560959190978,0.008890749988495372
mc1,XGBoost,947,0.0,0.0,0.0,-0.001074895692431741,-0.000563462282046125,-0.000563462282046125,0.009058334006113
mozilla4,CatBoost,1555,0.0,0.005938762946272758,0.005938762946272758,-0.000746424818389898,0.005938762946272758,0.005938762946272758,0.009845000007771887
mozilla4,ExtraTrees,1555,0.0,0.0043086810333959735,0.0043086810333959735,-0.0007082734842048395,0.0043086810333959735,0.0043086810333959735,0.009984915988752618
mozilla4,LightGBM,1555,0.00012358077035486622,0.0017971797924117453,0.0017971797924117453,0.00012358077035486622,0.0017971797924117453,0.0017971797924117453,0.009845708991633728
mozilla4,LinearModel,1555,0.0006498636691773741,0.016135781095973818,0.016135781095973818,0.0006498636691773741,0.016135781095973818,0.016135781095973818,0.009626999992178753
mozilla4,NeuralNetFastAI,1555,0.0,0.0,0.0,-0.002221120570770214,-0.0029060423002844837,-0.0029060423002844837,0.009951000000000931
mozilla4,NeuralNetTorch,1555,0.0,0.013015513855374099,0.013015513855374099,-0.0013601093111314667,0.013015513855374099,0.013015513855374099,0.009811916999751702
mozilla4,RandomForest,1555,0.0,0.005982849455866783,0.005982849455866783,-0.0004819138754697238,0.005982849455866783,0.005982849455866783,0.010196458009886555
mozilla4,XGBoost,1555,7.598770592911952e-05,0.0013037442922752376,0.0013037442922752376,7.598770592911952e-05,0.0013037442922752376,0.0013037442922752376,0.010923499998170882
nomao,CatBoost,3447,0.0,0.0,0.0,-0.0005411092600722227,-0.0027881613399903206,-0.0027881613399903206,0.013280582992592826
nomao,ExtraTrees,3447,0.0012466030874779543,0.019378813063471317,0.019378813063471317,0.0012466030874779543,0.019378813063471317,0.019378813063471317,0.0131584170012502
nomao,LightGBM,3447,0.0,0.0,0.0,-0.0011553310602867139,-0.00323885750179416,-0.00323885750179416,0.01283320899528917
nomao,LinearModel,3447,0.0,0.0,0.0,-0.0006565742902089662,-0.004617034048777182,-0.004617034048777182,0.013544375004130416
nomao,NeuralNetFastAI,3447,0.0003153596036527555,0.006687214928305521,0.006687214928305521,0.0003153596036527555,0.006687214928305521,0.006687214928305521,0.013670416999957524
nomao,NeuralNetTorch,3447,0.0,0.0007360982298629463,0.0007360982298629463,-0.0005237336887980389,0.0007360982298629463,0.0007360982298629463,0.014173584000673145
nomao,RandomForest,3447,0.001008156774247987,0.021702892139979835,0.021702892139979835,0.001008156774247987,0.021702892139979835,0.021702892139979835,0.014483582999673672
nomao,XGBoost,3447,0.0,0.0015518391149415861,0.0015518391149415861,-0.0007943963104463124,0.0015518391149415861,0.0015518391149415861,0.014863582997350022
numerai28_6,CatBoost,9632,0.0,0.010502960947512392,0.010502960947512392,-6.157631939514818e-05,0.010502960947512392,0.010502960947512392,0.023757458999170922
numerai28_6,ExtraTrees,9632,0.0,0.0,0.0,-0.0001705869860022713,-0.0013533533980878089,-0.0013533533980878089,0.025001500005600974
numerai28_6,LightGBM,9632,0.0,0.007750412470899349,0.007750412470899349,-4.006395046760791e-05,0.007750412470899349,0.007750412470899349,0.024266167005407624
numerai28_6,LinearModel,9632,0.0,0.0,0.0,-0.00036814189301825017,-0.00018865906593213446,-0.00018865906593213446,0.02311399999598507
numerai28_6,NeuralNetFastAI,9632,0.0,0.0026453949009807797,0.0026453949009807797,-8.99949906796584e-05,0.0026453949009807797,0.0026453949009807797,0.022630833002040163
numerai28_6,NeuralNetTorch,9632,0.0,0.0,0.0,-0.00021960998325781174,-0.0009555932400482041,-0.0009555932400482041,0.023010167002212256
numerai28_6,RandomForest,9632,2.6006345106029526e-05,0.013243831177412275,0.013243831177412275,2.6006345106029526e-05,0.013243831177412275,0.013243831177412275,0.02288987500651274
numerai28_6,XGBoost,9632,0.0,0.007940129643040044,0.007940129643040044,-7.521016096655021e-05,0.007940129643040044,0.007940129643040044,0.022310791013296694
