dataset,model,test_size,Quadratic_brier,Quadratic_l1,Quadratic_l2,Quadratic_brier_unclipped,Quadratic_l1_unclipped,Quadratic_l2_unclipped,Quadratic_time
2dplanes,CatBoost,4077,0.0,0.0009273116352894477,0.0009273116352894477,-0.00015456445923658265,0.0009273116352894477,0.0009273116352894477,0.017498207991593517
2dplanes,ExtraTrees,4077,0.0,0.001089858533373941,0.001089858533373941,-0.00012904112639556067,0.001089858533373941,0.001089858533373941,0.00976433300820645
2dplanes,LightGBM,4077,0.0,0.0,0.0,-0.00014678238970991476,-0.005494890655058548,-0.005494890655058548,0.007847667002351955
2dplanes,LinearModel,4077,3.067112977775118e-05,0.00958597461033616,0.00958597461033616,3.067112977775118e-05,0.00958597461033616,0.00958597461033616,0.006547208002302796
2dplanes,NeuralNetFastAI,4077,0.0,0.0,0.0,-8.985651837811604e-05,-0.004824591518845302,-0.004824591518845302,0.008241250005085021
2dplanes,NeuralNetTorch,4077,0.0001131502372516973,0.003738072466045746,0.003738072466045746,0.0001131502372516973,0.003738072466045746,0.003738072466045746,0.008539458009181544
2dplanes,RandomForest,4077,0.0,0.004105347186502846,0.004105347186502846,-5.102201966182818e-05,0.004105347186502846,0.004105347186502846,0.008581749993027188
2dplanes,XGBoost,4077,0.0,0.0,0.0,-0.0001101858297637688,-0.005042388080595005,-0.005042388080595005,0.008403166008065455
APSFailure,CatBoost,7600,0.0,0.0016500468423773303,0.0016500468423773303,-4.880176620613215e-05,0.0016500468423773303,0.0016500468423773303,0.02117145799275022
APSFailure,ExtraTrees,7600,0.0005685531458930446,0.0038496733047730615,0.0038496733047730615,0.0005685531458930446,0.0038496733047730615,0.0038496733047730615,0.01870674999372568
APSFailure,LightGBM,7600,0.0,0.0006603322646163322,0.0006603322646163322,-7.772160212077098e-06,0.0006603322646163322,0.0006603322646163322,0.0184997089963872
APSFailure,LinearModel,7600,0.0,0.0,0.0,-9.865105368481918e-05,-0.0012384660902877553,-0.0012384660902877553,0.024279667006339878
APSFailure,NeuralNetFastAI,7600,0.00027094670435946153,0.0028840652186751243,0.0028840652186751243,0.00027094670435946153,0.0028840652186751243,0.0028840652186751243,0.022618542003328912
APSFailure,NeuralNetTorch,7600,0.0,0.001112983541051778,0.001112983541051778,-1.6911803049883415e-05,0.001112983541051778,0.001112983541051778,0.017482791998190805
APSFailure,RandomForest,7600,0.0006730655351692755,0.005278947389819415,0.005278947389819415,0.0006730655351692755,0.005278947389819415,0.005278947389819415,0.017497666005510837
APSFailure,XGBoost,7600,0.0,0.0016716289828400477,0.0016716289828400477,-7.728324256592732e-05,0.0016716289828400477,0.0016716289828400477,0.02047179199871607
Amazon_employee_access,CatBoost,3277,0.0,0.00653219136057338,0.00653219136057338,-9.223640350290583e-05,0.00653219136057338,0.00653219136057338,0.008906999995815568
Amazon_employee_access,ExtraTrees,3277,0.000529197704909151,0.01586513095761277,0.01586513095761277,0.000529197704909151,0.01586513095761277,0.01586513095761277,0.00803829099459108
Amazon_employee_access,LightGBM,3277,0.0,0.0,0.0,-0.0002873792197322726,-0.0006063658019955797,-0.0006063658019955797,0.00877179199596867
Amazon_employee_access,LinearModel,3277,5.516459075240696e-05,0.006180964041982149,0.006180964041982149,5.516459075240696e-05,0.006180964041982149,0.006180964041982149,0.009073749999515712
Amazon_employee_access,NeuralNetFastAI,3277,0.00034850150758592406,0.0052703392325576795,0.0052703392325576795,0.00034850150758592406,0.0052703392325576795,0.0052703392325576795,0.00930037499347236
Amazon_employee_access,NeuralNetTorch,3277,0.0,0.008551189507112512,0.008551189507112512,-0.00016070236382392266,0.008551189507112512,0.008551189507112512,0.009416624990990385
Amazon_employee_access,RandomForest,3277,0.00018640589225058418,0.012173455577999636,0.012173455577999636,0.00018640589225058418,0.012173455577999636,0.012173455577999636,0.009148291006567888
Amazon_employee_access,XGBoost,3277,0.0,0.0,0.0,-0.00010594067969595106,-0.0021138471068952516,-0.0021138471068952516,0.008690292001119815
Click_prediction_small,CatBoost,3995,0.0,0.0,0.0,-0.0001413079865419771,-0.0030292449858230776,-0.0030292449858230776,0.00926995900226757
Click_prediction_small,ExtraTrees,3995,0.0,0.005106088798551427,0.005106088798551427,-8.124236350665528e-05,0.005106088798551427,0.005106088798551427,0.010812458000145853
Click_prediction_small,LightGBM,3995,0.0,0.0,0.0,-0.00014306150994112862,-0.001926619365219218,-0.001926619365219218,0.009631542008719407
Click_prediction_small,LinearModel,3995,0.0008567556472313416,0.02594816922425795,0.02594816922425795,0.0008567556472313416,0.02594816922425795,0.02594816922425795,0.010399458013125695
Click_prediction_small,NeuralNetFastAI,3995,0.0,0.0,0.0,-0.0001768898195055695,-0.0103017237325326,-0.0103017237325326,0.010052875004475936
Click_prediction_small,NeuralNetTorch,3995,0.0,0.002152172011266158,0.002152172011266158,-0.000120147017187975,0.002152172011266158,0.002152172011266158,0.009996125008910894
Click_prediction_small,RandomForest,3995,0.0,0.0,0.0,-0.00023011455908240015,-0.010820126081389948,-0.010820126081389948,0.010521832999074832
Click_prediction_small,XGBoost,3995,0.0,0.0,0.0,-0.00021129497565811636,-0.010858553108696281,-0.010858553108696281,0.0093172089982545
PhishingWebsites,CatBoost,1106,0.0,0.008820254287838595,0.008820254287838595,-0.00033169795454023027,0.008820254287838595,0.008820254287838595,0.00614687500637956
PhishingWebsites,ExtraTrees,1106,0.004832021799675146,0.047020520511690436,0.047020520511690436,0.004832021799675146,0.047020520511690436,0.047020520511690436,0.005702082999050617
PhishingWebsites,LightGBM,1106,0.0,0.009114593411210034,0.009114593411210034,-0.00022250906502995301,0.009114593411210034,0.009114593411210034,0.006514624998089857
PhishingWebsites,LinearModel,1106,0.0,0.0,0.0,-0.00023200510054681065,-0.006472207887322452,-0.006472207887322452,0.005408540993812494
PhishingWebsites,NeuralNetFastAI,1106,0.0,0.005639178011745803,0.005639178011745803,-2.9730256730266605e-05,0.005639178011745803,0.005639178011745803,0.0064363749988842756
PhishingWebsites,NeuralNetTorch,1106,0.00029460294792579757,0.011222441621227274,0.011222441621227274,0.00029460294792579757,0.011222441621227274,0.011222441621227274,0.006168291001813486
PhishingWebsites,RandomForest,1106,0.0034746178413239074,0.03748110490361918,0.03748110490361918,0.0034746178413239074,0.03748110490361918,0.03748110490361918,0.006121415994130075
PhishingWebsites,XGBoost,1106,0.0,0.009831395854671039,0.009831395854671039,-0.00023072068422182158,0.009831395854671039,0.009831395854671039,0.006547666998812929
Run_or_walk_information,CatBoost,8859,0.0,0.0,0.0,-0.00012600258062335195,-0.00031732357387646517,-0.00031732357387646517,0.019088207991444506
Run_or_walk_information,ExtraTrees,8859,0.0015267852196308345,0.01836888890087736,0.01836888890087736,0.0015267852196308345,0.01836888890087736,0.01836888890087736,0.013913083996158093
Run_or_walk_information,LightGBM,8859,0.0,0.0009362944273738294,0.0009362944273738294,-4.215615951129735e-05,0.0009362944273738294,0.0009362944273738294,0.019991417007986456
Run_or_walk_information,LinearModel,8859,0.008552105294277067,0.09584003733556616,0.09584003733556616,0.008552105294277067,0.09584003733556616,0.09584003733556616,0.01989604100526776
Run_or_walk_information,NeuralNetFastAI,8859,0.0,0.0017252477299096484,0.0017252477299096484,-1.0451346397950516e-05,0.0017252477299096484,0.0017252477299096484,0.018033333006314933
Run_or_walk_information,NeuralNetTorch,8859,2.9075948269453576e-05,0.0017154599741164285,0.0017154599741164285,2.9075948269453576e-05,0.0017154599741164285,0.0017154599741164285,0.01902991700626444
Run_or_walk_information,RandomForest,8859,0.0004961472843011632,0.00964636356409547,0.00964636356409547,0.0004961472843011632,0.00964636356409547,0.00964636356409547,0.016316708992235363
Run_or_walk_information,XGBoost,8859,0.0,0.0,0.0,-0.0001482690521005967,-0.000379452500850802,-0.000379452500850802,0.018187042005592957
adult,CatBoost,4885,0.0,0.0,0.0,-8.728166685772641e-05,-0.0053744151927749935,-0.0053744151927749935,0.011154833002365194
adult,ExtraTrees,4885,9.309939873888228e-05,0.007635002690302312,0.007635002690302312,9.309939873888228e-05,0.007635002690302312,0.007635002690302312,0.01238883301266469
adult,LightGBM,4885,0.0,0.0,0.0,-9.128403924012169e-05,-0.0008589997245524886,-0.0008589997245524886,0.012693957993178628
adult,LinearModel,4885,0.0,0.0074150627318305224,0.0074150627318305224,-9.646025994245827e-05,0.0074150627318305224,0.0074150627318305224,0.01297408300160896
adult,NeuralNetFastAI,4885,0.0,0.0,0.0,-6.704518081347191e-05,-0.003299928167519236,-0.003299928167519236,0.011880749996635132
adult,NeuralNetTorch,4885,0.0,0.0,0.0,-0.0002710247094609781,-0.01225773374377176,-0.01225773374377176,0.011844833003124222
adult,RandomForest,4885,8.458779532821425e-05,0.006293831621460208,0.006293831621460208,8.458779532821425e-05,0.006293831621460208,0.006293831621460208,0.011798416991950944
adult,XGBoost,4885,0.0,0.0,0.0,-9.724228462396905e-05,-0.0046581195268433455,-0.0046581195268433455,0.013403417004155926
ailerons,CatBoost,1375,0.0,0.006217518657911569,0.006217518657911569,-0.0002325996701039151,0.006217518657911569,0.006217518657911569,0.006446957995649427
ailerons,ExtraTrees,1375,0.0,0.0,0.0,-0.0009067559397213972,-0.0018959988634292544,-0.0018959988634292544,0.0061947089998284355
ailerons,LightGBM,1375,0.0,0.0,0.0,-0.0007925560806489729,-0.009011266074312681,-0.009011266074312681,0.006233124993741512
ailerons,LinearModel,1375,0.0,0.0,0.0,-0.001180511211800391,-0.024473213088698684,-0.024473213088698684,0.005577416988671757
ailerons,NeuralNetFastAI,1375,0.0,0.0,0.0,-0.000818884639698001,-0.007059305336532899,-0.007059305336532899,0.006509041995741427
ailerons,NeuralNetTorch,1375,0.0,0.0,0.0,-0.0007575740805094655,-0.016416582040449032,-0.016416582040449032,0.006230375001905486
ailerons,RandomForest,1375,0.0,0.0,0.0,-0.001194245637410866,-0.014669234812735918,-0.014669234812735918,0.006927208989509381
ailerons,XGBoost,1375,0.0,0.0024296760525850747,0.0024296760525850747,-0.0006067261515821182,0.0024296760525850747,0.0024296760525850747,0.006343291999655776
bank-marketing,CatBoost,4522,0.0002759114533858611,0.01070601762528574,0.01070601762528574,0.0002759114533858611,0.01070601762528574,0.01070601762528574,0.01050191700051073
bank-marketing,ExtraTrees,4522,7.923751310038762e-05,0.010965220458284472,0.010965220458284472,7.923751310038762e-05,0.010965220458284472,0.010965220458284472,0.011056625007768162
bank-marketing,LightGBM,4522,0.00024858880903335805,0.00923543851876581,0.00923543851876581,0.00024858880903335805,0.00923543851876581,0.00923543851876581,0.010991332994308323
bank-marketing,LinearModel,4522,0.0011227832167711933,0.02057398203378084,0.02057398203378084,0.0011227832167711933,0.02057398203378084,0.02057398203378084,0.010927333001745865
bank-marketing,NeuralNetFastAI,4522,0.0,0.0005259875844305565,0.0005259875844305565,-3.977996803986562e-05,0.0005259875844305565,0.0005259875844305565,0.011811290998593904
bank-marketing,NeuralNetTorch,4522,0.00010141894517123309,0.0036681575283456546,0.0036681575283456546,0.00010141894517123309,0.0036681575283456546,0.0036681575283456546,0.012146833003498614
bank-marketing,RandomForest,4522,0.0001075044114779186,0.009008347348935302,0.009008347348935302,0.0001075044114779186,0.009008347348935302,0.009008347348935302,0.011441832990385592
bank-marketing,XGBoost,4522,0.0006593936851998098,0.012362456184804733,0.012362456184804733,0.0006593936851998098,0.012362456184804733,0.012362456184804733,0.010662457993021235
delta_elevators,CatBoost,952,0.0,0.0,0.0,-0.0011055136069144445,-0.0071990755016127,-0.0071990755016127,0.005101792005007155
delta_elevators,ExtraTrees,952,0.00038109062229683206,0.028764920096899217,0.028764920096899217,0.00038109062229683206,0.028764920096899217,0.028764920096899217,0.004155542002990842
delta_elevators,LightGBM,952,0.0,0.0,0.0,-0.0010038838227242257,-0.010471679989792438,-0.010471679989792438,0.005084791002445854
delta_elevators,LinearModel,952,0.0,0.0,0.0,-0.0008663361563944075,-0.003023669316676473,-0.003023669316676473,0.005112707993248478
delta_elevators,NeuralNetFastAI,952,0.0,0.0,0.0,-0.0011203609728245188,-0.03369912345768156,-0.03369912345768156,0.005324917001416907
delta_elevators,NeuralNetTorch,952,0.0,0.0,0.0,-0.0010842067055665608,-0.03084688171895491,-0.03084688171895491,0.005508125002961606
delta_elevators,RandomForest,952,0.0,0.0,0.0,-0.00103871109101736,-0.007085566727973779,-0.007085566727973779,0.004876082995906472
delta_elevators,XGBoost,952,0.0,0.0,0.0,-0.0009918353966920917,-0.007784786592814836,-0.007784786592814836,0.0046055419952608645
eeg-eye-state,CatBoost,1498,0.00028124895714679016,0.010572534902006676,0.010572534902006676,0.00028124895714679016,0.010572534902006676,0.010572534902006676,0.006814625012339093
eeg-eye-state,ExtraTrees,1498,0.023235466580597962,0.13079216759913018,0.13079216759913018,0.023235466580597962,0.13079216759913018,0.13079216759913018,0.00543466598901432
eeg-eye-state,LightGBM,1498,0.000432589112047968,0.012748050093107506,0.012748050093107506,0.000432589112047968,0.012748050093107506,0.012748050093107506,0.00640554100391455
eeg-eye-state,LinearModel,1498,0.0,0.0,0.0,-0.0006256936475475574,-0.007202822645412427,-0.007202822645412427,0.003799790996708907
eeg-eye-state,NeuralNetFastAI,1498,0.00529083809872409,0.06192482844118193,0.06192482844118193,0.00529083809872409,0.06192482844118193,0.06192482844118193,0.005413167004007846
eeg-eye-state,NeuralNetTorch,1498,0.0,0.0,0.0,-0.0005653835384096001,-0.004332489153264694,-0.004332489153264694,0.0073775829951046035
eeg-eye-state,RandomForest,1498,0.02016447660941872,0.1255696489148026,0.1255696489148026,0.02016447660941872,0.1255696489148026,0.1255696489148026,0.00577658400288783
eeg-eye-state,XGBoost,1498,0.0005112078797371712,0.00951103268016914,0.00951103268016914,0.0005112078797371712,0.00951103268016914,0.00951103268016914,0.0063712080009281635
electricity,CatBoost,4532,0.0,0.0,0.0,-5.152158136408832e-05,-0.0017032555256038299,-0.0017032555256038299,0.011942750003072433
electricity,ExtraTrees,4532,0.005243918044784534,0.06229184984649957,0.06229184984649957,0.005243918044784534,0.06229184984649957,0.06229184984649957,0.010989542002789676
electricity,LightGBM,4532,0.0,0.0,0.0,-0.00010717200198605758,-0.003896653612366768,-0.003896653612366768,0.011308584013022482
electricity,LinearModel,4532,0.0,0.0,0.0,-0.0004445709247138622,-0.014417130614040376,-0.014417130614040376,0.008070291005424224
electricity,NeuralNetFastAI,4532,2.812193312093901e-05,0.013296563428524245,0.013296563428524245,2.812193312093901e-05,0.013296563428524245,0.013296563428524245,0.009966042009182274
electricity,NeuralNetTorch,4532,0.0,0.0039184433282154355,0.0039184433282154355,-0.0001944897341731931,0.0039184433282154355,0.0039184433282154355,0.011259958992013708
electricity,RandomForest,4532,0.0031067443544107063,0.044162988192229205,0.044162988192229205,0.0031067443544107063,0.044162988192229205,0.044162988192229205,0.010776916999020614
electricity,XGBoost,4532,0.0,0.0,0.0,-9.534688003006575e-05,-0.0022497253325503867,-0.0022497253325503867,0.011805874994024634
fried,CatBoost,4077,0.0,0.011009698091063115,0.011009698091063115,-9.927098772909428e-06,0.011009698091063115,0.011009698091063115,0.009465665993047878
fried,ExtraTrees,4077,0.004525002410087966,0.05192052887209895,0.05192052887209895,0.004525002410087966,0.05192052887209895,0.05192052887209895,0.00782841700129211
fried,LightGBM,4077,0.0,3.660925703735985e-05,3.660925703735985e-05,-0.0003752156578061042,3.660925703735985e-05,3.660925703735985e-05,0.00967441599641461
fried,LinearModel,4077,0.0005635257634869151,0.020964532831655145,0.020964532831655145,0.0005635257634869151,0.020964532831655145,0.020964532831655145,0.007212041993625462
fried,NeuralNetFastAI,4077,0.0,0.0,0.0,-0.0004089784180230626,-0.0007691683615359652,-0.0007691683615359652,0.009588332992279902
fried,NeuralNetTorch,4077,0.0,0.006461822633313716,0.006461822633313716,-0.00012507156803610249,0.006461822633313716,0.006461822633313716,0.00945983300334774
fried,RandomForest,4077,0.0018529611981286064,0.033796968395259065,0.033796968395259065,0.0018529611981286064,0.033796968395259065,0.033796968395259065,0.007158124994020909
fried,XGBoost,4077,0.0,0.0019945947960872306,0.0019945947960872306,-0.00021948275149072697,0.0019945947960872306,0.0019945947960872306,0.009769500000402331
houses,CatBoost,2064,0.0,0.0008540779306981289,0.0008540779306981289,-0.000224967340002617,0.0008540779306981289,0.0008540779306981289,0.0076133749971631914
houses,ExtraTrees,2064,0.00047456528769741817,0.007051032732778712,0.007051032732778712,0.00047456528769741817,0.007051032732778712,0.007051032732778712,0.008136582997394726
houses,LightGBM,2064,0.0,0.002449404599447853,0.002449404599447853,-2.976957783773536e-05,0.002449404599447853,0.002449404599447853,0.007910082989837974
houses,LinearModel,2064,0.0,0.0,0.0,-0.0005002441684489693,-0.0016159252694276011,-0.0016159252694276011,0.006947834001039155
houses,NeuralNetFastAI,2064,0.0001233577472756966,0.004564079699612114,0.004564079699612114,0.0001233577472756966,0.004564079699612114,0.004564079699612114,0.008352375007234514
houses,NeuralNetTorch,2064,0.0003588535709672768,0.008808835262358278,0.008808835262358278,0.0003588535709672768,0.008808835262358278,0.008808835262358278,0.008136666001519188
houses,RandomForest,2064,0.00027706403525814833,0.008428139685515076,0.008428139685515076,0.00027706403525814833,0.008428139685515076,0.008428139685515076,0.007803749991580844
houses,XGBoost,2064,4.937596669065251e-06,0.0031313553038468094,0.0031313553038468094,4.937596669065251e-06,0.0031313553038468094,0.0031313553038468094,0.0080122919898713
jm1,CatBoost,1089,0.0,0.0,0.0,-0.0013543849544367136,-0.002645438039269986,-0.002645438039269986,0.0050420420011505485
jm1,ExtraTrees,1089,0.0,0.0,0.0,-0.0013365051481728843,-0.02026237082853443,-0.02026237082853443,0.0042467090097488835
jm1,LightGBM,1089,0.0,0.0,0.0,-0.0018035561483185321,-0.009325703450361449,-0.009325703450361449,0.0049068329972215
jm1,LinearModel,1089,0.0,0.0,0.0,-0.0011016808198146834,-0.0234949747818848,-0.0234949747818848,0.004930166993290186
jm1,NeuralNetFastAI,1089,0.0,0.0,0.0,-0.0012214820313946558,-0.02138547923439845,-0.02138547923439845,0.005290790999424644
jm1,NeuralNetTorch,1089,0.0,0.0,0.0,-0.0016060618184580943,-0.03531491249343047,-0.03531491249343047,0.005347459009499289
jm1,RandomForest,1089,0.0,0.0,0.0,-0.0009247451340820424,-0.009414515264182206,-0.009414515264182206,0.004627082991646603
jm1,XGBoost,1089,0.0,0.0,0.0,-0.0015068521786830045,-0.021268557752007953,-0.021268557752007953,0.0048113330121850595
kdd_internet_usage,CatBoost,1011,0.0,0.0,0.0,-0.00024150181602298503,-0.01037929281599278,-0.01037929281599278,0.005904334000661038
kdd_internet_usage,ExtraTrees,1011,0.0,0.018991437384627392,0.018991437384627392,-0.00010938424584818508,0.018991437384627392,0.018991437384627392,0.005464541987748817
kdd_internet_usage,LightGBM,1011,0.0,0.0,0.0,-0.00053193875045385,-0.017467614459048895,-0.017467614459048895,0.0055093750124797225
kdd_internet_usage,LinearModel,1011,0.0,0.012053862195912939,0.012053862195912939,-0.00017074562609374012,0.012053862195912939,0.012053862195912939,0.00618199999735225
kdd_internet_usage,NeuralNetFastAI,1011,8.881125094840997e-05,0.010647832056503784,0.010647832056503784,8.881125094840997e-05,0.010647832056503784,0.010647832056503784,0.00601845899655018
kdd_internet_usage,NeuralNetTorch,1011,0.0,0.005805767944329496,0.005805767944329496,-0.0005232890121680128,0.005805767944329496,0.005805767944329496,0.0056284579914063215
kdd_internet_usage,RandomForest,1011,0.0,0.0,0.0,-0.0002739477575606171,-0.006359051303195552,-0.006359051303195552,0.005847459004144184
kdd_internet_usage,XGBoost,1011,0.0,0.0,0.0,-0.000488528020295932,-0.012947154221581858,-0.012947154221581858,0.0057042080006795
kick,CatBoost,7299,0.0,0.0,0.0,-0.00014818657097754773,-0.004376160445246564,-0.004376160445246564,0.012440292004612274
kick,ExtraTrees,7299,0.0,0.0025275521142795695,0.0025275521142795695,-0.00014367805324695947,0.0025275521142795695,0.0025275521142795695,0.010110208997502923
kick,LightGBM,7299,2.6720965661186e-05,0.0,0.0,2.6720965661186e-05,-0.0004226423772303294,-0.0004226423772303294,0.012034917002893053
kick,LinearModel,7299,4.591947201111324e-05,0.009006998738264918,0.009006998738264918,4.591947201111324e-05,0.009006998738264918,0.009006998738264918,0.01294620799308177
kick,NeuralNetFastAI,7299,0.0,0.0,0.0,-0.00014500984813586968,-0.0014003570643762095,-0.0014003570643762095,0.010748749991762452
kick,NeuralNetTorch,7299,0.0,0.002368666212141957,0.002368666212141957,-4.254713445728902e-05,0.002368666212141957,0.002368666212141957,0.012373791003483348
kick,RandomForest,7299,0.001252249249515239,0.016550395735202006,0.016550395735202006,0.001252249249515239,0.016550395735202006,0.016550395735202006,0.013537249993532896
kick,XGBoost,7299,0.0,0.0,0.0,-0.00014440368908948158,-0.0019152874291884293,-0.0019152874291884293,0.011499915999593213
mammography,CatBoost,1119,0.0,0.0009354157257114888,0.0009354157257114888,-9.906683613554186e-05,0.0009354157257114888,0.0009354157257114888,0.007588499996927567
mammography,ExtraTrees,1119,0.00021521699061543092,0.003360540736665093,0.003360540736665093,0.00021521699061543092,0.003360540736665093,0.003360540736665093,0.00635920801141765
mammography,LightGBM,1119,0.0,0.0034584729951807197,0.0034584729951807197,-9.809469407801419e-05,0.0034584729951807197,0.0034584729951807197,0.006909832998644561
mammography,LinearModel,1119,0.0,0.008036499902649208,0.008036499902649208,-0.00017540241440875299,0.008036499902649208,0.008036499902649208,0.007618333998834714
mammography,NeuralNetFastAI,1119,0.0,0.0,0.0,-0.0005273089918897731,-0.003885753815481647,-0.003885753815481647,0.00788499999907799
mammography,NeuralNetTorch,1119,0.0,0.0,0.0,-3.040483421606311e-05,-0.0010178101066231828,-0.0010178101066231828,0.00675545800186228
mammography,RandomForest,1119,0.00030776326471842737,0.005363625275752354,0.005363625275752354,0.00030776326471842737,0.005363625275752354,0.005363625275752354,0.006698791010421701
mammography,XGBoost,1119,0.0,0.0010473505909374887,0.0010473505909374887,-4.442656915342213e-05,0.0010473505909374887,0.0010473505909374887,0.007023666999884881
mc1,CatBoost,947,0.00042599865299457586,0.0011626589128272086,0.0011626589128272086,0.00042599865299457586,0.0011626589128272086,0.0011626589128272086,0.005933207998168655
mc1,ExtraTrees,947,0.0,0.0,0.0,-0.00045446907379139643,-0.00033743523686592946,-0.00033743523686592946,0.005977207998512313
mc1,LightGBM,947,0.0,0.0,0.0,-0.0004168669463516543,-0.001330380721930847,-0.001330380721930847,0.005427083000540733
mc1,LinearModel,947,0.0,0.0,0.0,-0.0003022857257386272,-0.0020832513928182696,-0.0020832513928182696,0.006619082996621728
mc1,NeuralNetFastAI,947,0.0,0.0,0.0,-0.0003030202089567385,-0.002779463558986693,-0.002779463558986693,0.005734958001994528
mc1,NeuralNetTorch,947,0.0,0.0,0.0,-0.0003995363725317421,-0.0007265829528493574,-0.0007265829528493574,0.006992250011535361
mc1,RandomForest,947,0.0,0.0,0.0,-0.0006624965269095325,-0.003844975323535597,-0.003844975323535597,0.0054682500049239025
mc1,XGBoost,947,0.0,0.0,0.0,-0.0008936583373145842,-0.0008986125082572196,-0.0008986125082572196,0.004979166988050565
mozilla4,CatBoost,1555,6.671497345485447e-05,0.004017232662740416,0.004017232662740416,6.671497345485447e-05,0.004017232662740416,0.004017232662740416,0.006112290997407399
mozilla4,ExtraTrees,1555,4.5252587621877724e-05,0.008595926989277173,0.008595926989277173,4.5252587621877724e-05,0.008595926989277173,0.008595926989277173,0.007466834009392187
mozilla4,LightGBM,1555,0.0,0.012663523575824077,0.012663523575824077,-3.819831493587278e-05,0.012663523575824077,0.012663523575824077,0.006782333992305212
mozilla4,LinearModel,1555,0.0,0.0,0.0,-0.00032613100420368803,-0.005579831786809802,-0.005579831786809802,0.006784958008211106
mozilla4,NeuralNetFastAI,1555,4.004433299640008e-06,0.006076390383663284,0.006076390383663284,4.004433299640008e-06,0.006076390383663284,0.006076390383663284,0.006891666998853907
mozilla4,NeuralNetTorch,1555,0.0,0.0013567957584708077,0.0013567957584708077,-0.0005656381831410925,0.0013567957584708077,0.0013567957584708077,0.007015249997493811
mozilla4,RandomForest,1555,0.0,0.004229366591266114,0.004229366591266114,-0.00031769654587435246,0.004229366591266114,0.004229366591266114,0.006778666996979155
mozilla4,XGBoost,1555,3.076280031501666e-05,0.005080753886459996,0.005080753886459996,3.076280031501666e-05,0.005080753886459996,0.005080753886459996,0.006140875004348345
nomao,CatBoost,3447,0.0,0.0003370602991968595,0.0003370602991968595,-0.00024685403100094787,0.0003370602991968595,0.0003370602991968595,0.01110212499042973
nomao,ExtraTrees,3447,0.001091963267807225,0.019028750287835232,0.019028750287835232,0.001091963267807225,0.019028750287835232,0.019028750287835232,0.011218041996471584
nomao,LightGBM,3447,0.0,0.002176148231432884,0.002176148231432884,-0.00016480458828957903,0.002176148231432884,0.002176148231432884,0.010148500005016103
nomao,LinearModel,3447,0.0,0.0,0.0,-0.00010482656819634802,-0.0032742485117670888,-0.0032742485117670888,0.00992525000765454
nomao,NeuralNetFastAI,3447,0.0,0.006221393143518778,0.006221393143518778,-0.00020078498021613596,0.006221393143518778,0.006221393143518778,0.010134915995877236
nomao,NeuralNetTorch,3447,0.0,0.0,0.0,-0.00019381036409266044,-0.0012676115883344069,-0.0012676115883344069,0.010089707997394726
nomao,RandomForest,3447,0.0015447288333061697,0.023008375107638986,0.023008375107638986,0.0015447288333061697,0.023008375107638986,0.023008375107638986,0.011645874998066574
nomao,XGBoost,3447,0.0,0.0009839893815486594,0.0009839893815486594,-0.0001644774951351648,0.0009839893815486594,0.0009839893815486594,0.01029424999433104
numerai28_6,CatBoost,9632,0.0,0.0011736765949433032,0.0011736765949433032,-2.900582280640761e-06,0.0011736765949433032,0.0011736765949433032,0.008435583004029468
numerai28_6,ExtraTrees,9632,1.0563292555269532e-05,0.00021839538508673442,0.00021839538508673442,1.0563292555269532e-05,0.00021839538508673442,0.00021839538508673442,0.007900749988039024
numerai28_6,LightGBM,9632,1.4741157397960872e-05,0.006587660661047677,0.006587660661047677,1.4741157397960872e-05,0.006587660661047677,0.006587660661047677,0.007944166995002888
numerai28_6,LinearModel,9632,2.1177755001916147e-05,0.004004230629962148,0.004004230629962148,2.1177755001916147e-05,0.004004230629962148,0.004004230629962148,0.007867666994570754
numerai28_6,NeuralNetFastAI,9632,0.0,0.0,0.0,-5.433036383291101e-05,-0.0013029627359636203,-0.0013029627359636203,0.009863709012279287
numerai28_6,NeuralNetTorch,9632,1.4847597445986743e-05,0.005900557846004187,0.005900557846004187,1.4847597445986743e-05,0.005900557846004187,0.005900557846004187,0.008236000008764677
numerai28_6,RandomForest,9632,0.00013834196260485425,0.012113175775694887,0.012113175775694887,0.00013834196260485425,0.012113175775694887,0.012113175775694887,0.007865125007811002
numerai28_6,XGBoost,9632,0.0,0.0,0.0,-3.725771721491991e-05,-0.0020588025407389152,-0.0020588025407389152,0.012364209003862925
