dataset,model,test_size,WS-CatBoost_brier,WS-CatBoost_l1,WS-CatBoost_l2,WS-CatBoost_brier_unclipped,WS-CatBoost_l1_unclipped,WS-CatBoost_l2_unclipped,WS-CatBoost_time
2dplanes,CatBoost,4077,6.916081809531309e-05,0.005379506609688881,0.005379506609688881,6.916081809531309e-05,0.005379506609688881,0.005379506609688881,3.8813065420108614
2dplanes,ExtraTrees,4077,0.00012721798105371475,0.005250832271358105,0.005250832271358105,0.00012721798105371475,0.005250832271358105,0.005250832271358105,3.3733040840015747
2dplanes,LightGBM,4077,0.0,0.0,0.0,-4.8900594210430375e-05,-0.0040975729989409645,-0.0040975729989409645,3.3732821669982513
2dplanes,LinearModel,4077,0.0006139805994181559,0.022810140706450047,0.022810140706450047,0.0006139805994181559,0.022810140706450047,0.022810140706450047,3.4124776249955175
2dplanes,NeuralNetFastAI,4077,0.0,0.0,0.0,-6.254736177576224e-05,-0.0004683263538318737,-0.0004683263538318737,3.3573125830007484
2dplanes,NeuralNetTorch,4077,0.0001691563842529313,0.0026349030824873907,0.0026349030824873907,0.0001691563842529313,0.0026349030824873907,0.0026349030824873907,3.5533575839945115
2dplanes,RandomForest,4077,0.00026671233323746383,0.0035015640486957098,0.0035015640486957098,0.00026671233323746383,0.0035015640486957098,0.0035015640486957098,3.4084667090064613
2dplanes,XGBoost,4077,6.675102469317364e-05,0.001072001849282999,0.001072001849282999,6.675102469317364e-05,0.001072001849282999,0.001072001849282999,3.2959848330065142
APSFailure,CatBoost,7600,0.0,0.001487725623385957,0.001487725623385957,-9.323714820281767e-06,0.001487725623385957,0.001487725623385957,3.5705500839976594
APSFailure,ExtraTrees,7600,0.0005315837434801168,0.004571285746958319,0.004571285746958319,0.0005315837434801168,0.004571285746958319,0.004571285746958319,3.3686818330024835
APSFailure,LightGBM,7600,0.0,0.0016076596555919759,0.0016076596555919759,-9.687848273748006e-06,0.0016076596555919759,0.0016076596555919759,3.3446901670104126
APSFailure,LinearModel,7600,0.0,0.0005591454433696146,0.0005591454433696146,-3.9581584632268885e-05,0.0005591454433696146,0.0005591454433696146,3.3272941670002183
APSFailure,NeuralNetFastAI,7600,0.00022402738652741935,0.003020486313419401,0.003020486313419401,0.00022402738652741935,0.003020486313419401,0.003020486313419401,3.382724415991106
APSFailure,NeuralNetTorch,7600,1.869969381205214e-05,0.0013478428827437183,0.0013478428827437183,1.869969381205214e-05,0.0013478428827437183,0.0013478428827437183,3.3482742500054883
APSFailure,RandomForest,7600,0.0005880219099044724,0.005070175461066691,0.005070175461066691,0.0005880219099044724,0.005070175461066691,0.005070175461066691,3.2989633749966742
APSFailure,XGBoost,7600,0.0,0.0015913769717333611,0.0015913769717333611,-1.6224488846208314e-05,0.0015913769717333611,0.0015913769717333611,3.3181083329982357
Amazon_employee_access,CatBoost,3277,0.0,0.004505003662936237,0.004505003662936237,-5.038644421460424e-05,0.004505003662936237,0.004505003662936237,3.2262072090088623
Amazon_employee_access,ExtraTrees,3277,0.0005948009135894391,0.018118801893058766,0.018118801893058766,0.0005948009135894391,0.018118801893058766,0.018118801893058766,3.2940968750044703
Amazon_employee_access,LightGBM,3277,0.0,0.004317387335995984,0.004317387335995984,-2.4567954094408798e-05,0.004317387335995984,0.004317387335995984,3.2360378749872325
Amazon_employee_access,LinearModel,3277,2.956401211582917e-05,0.0038042692288524464,0.0038042692288524464,2.956401211582917e-05,0.0038042692288524464,0.0038042692288524464,3.1841850420023547
Amazon_employee_access,NeuralNetFastAI,3277,0.0001961544652087944,0.00143151602750149,0.00143151602750149,0.0001961544652087944,0.00143151602750149,0.00143151602750149,3.194455624994589
Amazon_employee_access,NeuralNetTorch,3277,0.0001081574510316422,0.006227241494250363,0.006227241494250363,0.0001081574510316422,0.006227241494250363,0.006227241494250363,3.2049680420022923
Amazon_employee_access,RandomForest,3277,0.00045846864743836536,0.013588835221257993,0.013588835221257993,0.00045846864743836536,0.013588835221257993,0.013588835221257993,3.2078380419989116
Amazon_employee_access,XGBoost,3277,0.0,0.0,0.0,-5.9284538614877685e-05,-0.0048342952933895685,-0.0048342952933895685,3.165473832996213
Click_prediction_small,CatBoost,3995,0.0,0.0009481317007002678,0.0009481317007002678,-5.582198120589047e-05,0.0009481317007002678,0.0009481317007002678,3.420471125005861
Click_prediction_small,ExtraTrees,3995,0.0,0.0,0.0,-0.00015884016647508506,-0.0010754843428381281,-0.0010754843428381281,3.2366444159997627
Click_prediction_small,LightGBM,3995,0.0,0.0009627791220678928,0.0009627791220678928,-8.647023847449675e-05,0.0009627791220678928,0.0009627791220678928,3.349171584006399
Click_prediction_small,LinearModel,3995,0.0006213348445863536,0.027823846902959377,0.027823846902959377,0.0006213348445863536,0.027823846902959377,0.027823846902959377,3.340558500000043
Click_prediction_small,NeuralNetFastAI,3995,0.0,0.0,0.0,-0.0002863916999763748,-0.0157011690248825,-0.0157011690248825,3.2619364589918405
Click_prediction_small,NeuralNetTorch,3995,0.0,0.0045534637053199906,0.0045534637053199906,-0.00019143951119883514,0.0045534637053199906,0.0045534637053199906,3.327268084001844
Click_prediction_small,RandomForest,3995,0.0,0.0,0.0,-0.000196448178617156,-0.005174969633636432,-0.005174969633636432,3.2710581249993993
Click_prediction_small,XGBoost,3995,0.0,0.0,0.0,-0.0003554026188190423,-0.012812303747132056,-0.012812303747132056,3.239646542002447
PhishingWebsites,CatBoost,1106,0.0,0.007099178890993562,0.007099178890993562,-4.622894702769996e-05,0.007099178890993562,0.007099178890993562,3.235387875000015
PhishingWebsites,ExtraTrees,1106,0.004579119224606098,0.04550121148160253,0.04550121148160253,0.004579119224606098,0.04550121148160253,0.04550121148160253,3.4058342920034193
PhishingWebsites,LightGBM,1106,0.00012413680019091898,0.00335278474599947,0.00335278474599947,0.00012413680019091898,0.00335278474599947,0.00335278474599947,3.2272426249983255
PhishingWebsites,LinearModel,1106,0.0,0.0,0.0,-0.00042619574703307194,-0.009817136242162457,-0.009817136242162457,3.279145125008654
PhishingWebsites,NeuralNetFastAI,1106,0.0002484211870121902,0.00669638169442424,0.00669638169442424,0.0002484211870121902,0.00669638169442424,0.00669638169442424,3.50503587500134
PhishingWebsites,NeuralNetTorch,1106,0.0003761439897201317,0.007806968944352491,0.007806968944352491,0.0003761439897201317,0.007806968944352491,0.007806968944352491,3.851475292001851
PhishingWebsites,RandomForest,1106,0.0032882597163067357,0.0384425740632542,0.0384425740632542,0.0032882597163067357,0.0384425740632542,0.0384425740632542,3.506824209005572
PhishingWebsites,XGBoost,1106,0.0,0.0038863061677471976,0.0038863061677471976,-0.0001731388970341692,0.0038863061677471976,0.0038863061677471976,3.3596713329898193
Run_or_walk_information,CatBoost,8859,0.0,0.0,0.0,-5.772174373534295e-05,-4.85277622271452e-05,-4.85277622271452e-05,3.4748075410025194
Run_or_walk_information,ExtraTrees,8859,0.0016018173181266999,0.018858786184247783,0.018858786184247783,0.0016018173181266999,0.018858786184247783,0.018858786184247783,3.5483294169971487
Run_or_walk_information,LightGBM,8859,0.0,0.0012438668627329059,0.0012438668627329059,-3.0166235690227664e-06,0.0012438668627329059,0.0012438668627329059,3.3205914580030367
Run_or_walk_information,LinearModel,8859,0.03286827632992158,0.13550040150884404,0.13550040150884404,0.03286827632992158,0.13550040150884404,0.13550040150884404,3.3698592090077
Run_or_walk_information,NeuralNetFastAI,8859,2.610645719864115e-05,0.0017569523725832167,0.0017569523725832167,2.610645719864115e-05,0.0017569523725832167,0.0017569523725832167,3.3426628750021337
Run_or_walk_information,NeuralNetTorch,8859,8.302670655514062e-05,0.002902159812441797,0.002902159812441797,8.302670655514062e-05,0.002902159812441797,0.002902159812441797,3.328788667000481
Run_or_walk_information,RandomForest,8859,0.0005451484060414735,0.010018982979854056,0.010018982979854056,0.0005451484060414735,0.010018982979854056,0.010018982979854056,3.285542167010135
Run_or_walk_information,XGBoost,8859,0.0,9.192299003829583e-05,9.192299003829583e-05,-8.219143313027328e-05,9.192299003829583e-05,9.192299003829583e-05,3.282766874996014
adult,CatBoost,4885,0.0,0.0,0.0,-0.00015695219951504744,-0.008552059464059866,-0.008552059464059866,3.262673374993028
adult,ExtraTrees,4885,0.0001077311910155274,0.004242160851900086,0.004242160851900086,0.0001077311910155274,0.004242160851900086,0.004242160851900086,3.2646083330037072
adult,LightGBM,4885,0.0,0.0,0.0,-0.00013701361004371103,-0.0019609628292405336,-0.0019609628292405336,3.2654690830095205
adult,LinearModel,4885,0.0,0.008406759187617404,0.008406759187617404,-0.00014792129449991322,0.008406759187617404,0.008406759187617404,3.2962919999990845
adult,NeuralNetFastAI,4885,0.0,0.002720444662351671,0.002720444662351671,-6.023365585284886e-05,0.002720444662351671,0.002720444662351671,3.3244737920031184
adult,NeuralNetTorch,4885,0.0,0.0,0.0,-0.00014788133612771295,-0.0031666045268071265,-0.0031666045268071265,3.2641698750085197
adult,RandomForest,4885,0.0,0.0032587805389502657,0.0032587805389502657,-2.3357423535695143e-05,0.0032587805389502657,0.0032587805389502657,3.3894335420045536
adult,XGBoost,4885,0.0,0.0009307019098322038,0.0009307019098322038,-0.00014097392717194018,0.0009307019098322038,0.0009307019098322038,3.1972184170008404
ailerons,CatBoost,1375,0.0,0.008714122710368512,0.008714122710368512,-0.000182153261956706,0.008714122710368512,0.008714122710368512,3.2497159999911673
ailerons,ExtraTrees,1375,0.0,0.0,0.0,-0.0007111936147132104,-0.008125952431604012,-0.008125952431604012,3.312488209005096
ailerons,LightGBM,1375,0.0,0.0,0.0,-0.0007169705590711947,-0.016253067134710197,-0.016253067134710197,3.3215067080018343
ailerons,LinearModel,1375,0.0,0.0,0.0,-0.0007636845090091544,-0.020431302815760402,-0.020431302815760402,3.4158930419944227
ailerons,NeuralNetFastAI,1375,0.0,0.0,0.0,-0.0006182514424718615,-0.004165829002047758,-0.004165829002047758,3.3133614999969723
ailerons,NeuralNetTorch,1375,0.0,0.0,0.0,-0.000699587938456404,-0.008568578349556034,-0.008568578349556034,3.177788083004998
ailerons,RandomForest,1375,0.0,0.0,0.0,-0.0005920311440704323,-0.013720763682313687,-0.013720763682313687,3.3180414169910364
ailerons,XGBoost,1375,0.0,0.0,0.0,-0.0006742304962267476,-0.004754282564538616,-0.004754282564538616,3.208416875000694
bank-marketing,CatBoost,4522,0.00024149954614093388,0.005269463229095461,0.005269463229095461,0.00024149954614093388,0.005269463229095461,0.005269463229095461,3.38950304199534
bank-marketing,ExtraTrees,4522,5.9595291377311176e-05,0.012064534525382947,0.012064534525382947,5.9595291377311176e-05,0.012064534525382947,0.012064534525382947,3.447196499997517
bank-marketing,LightGBM,4522,0.00012470016210223178,0.0058389124507356735,0.0058389124507356735,0.00012470016210223178,0.0058389124507356735,0.0058389124507356735,3.331578208002611
bank-marketing,LinearModel,4522,0.0004733625447533534,0.0180834592407684,0.0180834592407684,0.0004733625447533534,0.0180834592407684,0.0180834592407684,3.4272016670001904
bank-marketing,NeuralNetFastAI,4522,0.0,0.002508301889143049,0.002508301889143049,-9.712440334878322e-05,0.002508301889143049,0.002508301889143049,3.443182375005563
bank-marketing,NeuralNetTorch,4522,0.0,0.006356168798060904,0.006356168798060904,-6.999057375742345e-05,0.006356168798060904,0.006356168798060904,3.4452084170043236
bank-marketing,RandomForest,4522,0.0,0.005978675892045395,0.005978675892045395,-2.5904184354559584e-05,0.005978675892045395,0.005978675892045395,3.444741166997119
bank-marketing,XGBoost,4522,0.0004623388006958635,0.00941004194537173,0.00941004194537173,0.0004623388006958635,0.00941004194537173,0.00941004194537173,3.491506832986488
delta_elevators,CatBoost,952,0.0,0.0,0.0,-0.00109998379802865,-0.025329904499812983,-0.025329904499812983,3.4084424579923507
delta_elevators,ExtraTrees,952,0.0006354958517385012,0.027507211565932242,0.027507211565932242,0.0006354958517385012,0.027507211565932242,0.027507211565932242,3.4162879580107983
delta_elevators,LightGBM,952,0.0,0.0,0.0,-0.0006947170428460749,-0.005839149819338741,-0.005839149819338741,3.458500584005378
delta_elevators,LinearModel,952,0.0,0.0027290673078670747,0.0027290673078670747,-0.0008536446228820208,0.0027290673078670747,0.0027290673078670747,3.477373790999991
delta_elevators,NeuralNetFastAI,952,0.0,0.0,0.0,-0.0008729882805503017,-0.017732135544111242,-0.017732135544111242,3.4234638329944573
delta_elevators,NeuralNetTorch,952,0.0,0.0,0.0,-0.0010501229129217485,-0.01628397866027496,-0.01628397866027496,3.419770583001082
delta_elevators,RandomForest,952,0.0,0.0068547675121201895,0.0068547675121201895,-6.079443309622862e-06,0.0068547675121201895,0.0068547675121201895,3.282937583004241
delta_elevators,XGBoost,952,0.0,0.0,0.0,-0.001227684541534595,-0.03739516955077406,-0.03739516955077406,3.1723449580022134
eeg-eye-state,CatBoost,1498,4.311019445015732e-05,0.005975135170842501,0.005975135170842501,4.311019445015732e-05,0.005975135170842501,0.005975135170842501,3.2511083749996033
eeg-eye-state,ExtraTrees,1498,0.02308133777418508,0.13119715203447777,0.13119715203447777,0.02308133777418508,0.13119715203447777,0.13119715203447777,3.3077129169978434
eeg-eye-state,LightGBM,1498,0.0003770936470417405,0.011190663964723927,0.011190663964723927,0.0003770936470417405,0.011190663964723927,0.011190663964723927,3.3100048329943093
eeg-eye-state,LinearModel,1498,0.0,0.0161599855924719,0.0161599855924719,-4.588895878283032e-05,0.0161599855924719,0.0161599855924719,3.2477278750011465
eeg-eye-state,NeuralNetFastAI,1498,0.0055964050794503695,0.061457558345728525,0.061457558345728525,0.0055964050794503695,0.061457558345728525,0.061457558345728525,3.234713832993293
eeg-eye-state,NeuralNetTorch,1498,0.0,0.0,0.0,-0.00016880516925122705,-0.005727430465934704,-0.005727430465934704,3.2386468749900814
eeg-eye-state,RandomForest,1498,0.01975211771132376,0.1238295509948088,0.1238295509948088,0.01975211771132376,0.1238295509948088,0.1238295509948088,3.2202725000097416
eeg-eye-state,XGBoost,1498,0.0002311435057280218,0.007707291960400653,0.007707291960400653,0.0002311435057280218,0.007707291960400653,0.007707291960400653,3.245756040996639
electricity,CatBoost,4532,0.00012463709135495537,0.0050305436905315635,0.0050305436905315635,0.00012463709135495537,0.0050305436905315635,0.0050305436905315635,3.2687747910094913
electricity,ExtraTrees,4532,0.005310103771502609,0.0629302729082492,0.0629302729082492,0.005310103771502609,0.0629302729082492,0.0629302729082492,3.246094500005711
electricity,LightGBM,4532,8.562713817104777e-06,0.003884863293960025,0.003884863293960025,8.562713817104777e-06,0.003884863293960025,0.003884863293960025,3.258092415999272
electricity,LinearModel,4532,0.0,0.0,0.0,-0.0004674428966376797,-0.013553647490704595,-0.013553647490704595,3.243544541008305
electricity,NeuralNetFastAI,4532,0.0,7.961309951530254e-06,7.961309951530254e-06,-4.477416313709989e-05,7.961309951530254e-06,7.961309951530254e-06,3.359544790990185
electricity,NeuralNetTorch,4532,0.0,0.0011669404022003815,0.0011669404022003815,-0.00018467099161547122,0.0011669404022003815,0.0011669404022003815,3.271377790995757
electricity,RandomForest,4532,0.0031459208090501662,0.042894968330315156,0.042894968330315156,0.0031459208090501662,0.042894968330315156,0.042894968330315156,3.2751596250018338
electricity,XGBoost,4532,0.00021395596648069427,0.0089557522557929,0.0089557522557929,0.00021395596648069427,0.0089557522557929,0.0089557522557929,3.3548024170013377
fried,CatBoost,4077,8.366799264714704e-05,0.005407901834868337,0.005407901834868337,8.366799264714704e-05,0.005407901834868337,0.005407901834868337,3.3463846249942435
fried,ExtraTrees,4077,0.0049281949211184735,0.054474694361608234,0.054474694361608234,0.0049281949211184735,0.054474694361608234,0.054474694361608234,3.3321940420137253
fried,LightGBM,4077,0.0,0.0,0.0,-0.0003416294593988201,-0.0017089689171933319,-0.0017089689171933319,3.2856442089978373
fried,LinearModel,4077,0.0001553601665991512,0.013907434387837642,0.013907434387837642,0.0001553601665991512,0.013907434387837642,0.013907434387837642,3.2490312500012806
fried,NeuralNetFastAI,4077,0.0,0.0027056986124235293,0.0027056986124235293,-7.53964702745944e-05,0.0027056986124235293,0.0027056986124235293,3.238975041997037
fried,NeuralNetTorch,4077,6.058936503852851e-05,0.006491515763288917,0.006491515763288917,6.058936503852851e-05,0.006491515763288917,0.006491515763288917,3.2461166660068557
fried,RandomForest,4077,0.00208648912595619,0.03615612799854638,0.03615612799854638,0.00208648912595619,0.03615612799854638,0.03615612799854638,3.267329875001451
fried,XGBoost,4077,0.0,0.003366559060476733,0.003366559060476733,-0.00016031826349965748,0.003366559060476733,0.003366559060476733,3.289176459002192
houses,CatBoost,2064,0.0,0.0012762510752734727,0.0012762510752734727,-4.5462982383112594e-05,0.0012762510752734727,0.0012762510752734727,3.245090374999563
houses,ExtraTrees,2064,0.00047903074896720946,0.0074709293774560155,0.0074709293774560155,0.00047903074896720946,0.0074709293774560155,0.0074709293774560155,3.226700166997034
houses,LightGBM,2064,4.845943646943687e-05,0.003829514818603069,0.003829514818603069,4.845943646943687e-05,0.003829514818603069,0.003829514818603069,3.3522334580047755
houses,LinearModel,2064,0.0008641458414499346,0.013783938159552115,0.013783938159552115,0.0008641458414499346,0.013783938159552115,0.013783938159552115,3.2610268749995157
houses,NeuralNetFastAI,2064,0.00018372577601758326,0.005819929716440254,0.005819929716440254,0.00018372577601758326,0.005819929716440254,0.005819929716440254,3.2525282080023317
houses,NeuralNetTorch,2064,0.0004392548745591261,0.008707556442811647,0.008707556442811647,0.0004392548745591261,0.008707556442811647,0.008707556442811647,3.195545457987464
houses,RandomForest,2064,0.00038296077969513745,0.007711605480560752,0.007711605480560752,0.00038296077969513745,0.007711605480560752,0.007711605480560752,3.227759125002194
houses,XGBoost,2064,8.33974954926113e-05,0.004450522931613021,0.004450522931613021,8.33974954926113e-05,0.004450522931613021,0.004450522931613021,3.11746100000164
jm1,CatBoost,1089,0.0,0.0,0.0,-0.001741779935414144,-0.010767993820819206,-0.010767993820819206,3.1778603340062546
jm1,ExtraTrees,1089,0.0,0.0,0.0,-0.0007946505762532662,-0.0160430100258663,-0.0160430100258663,3.1917655829893192
jm1,LightGBM,1089,0.0,0.0,0.0,-0.001328964855446355,-0.011583122497474086,-0.011583122497474086,3.441341249999823
jm1,LinearModel,1089,0.0,0.0,0.0,-0.000948344782447107,-0.011424033161974533,-0.011424033161974533,3.232169041992165
jm1,NeuralNetFastAI,1089,0.0,0.0,0.0,-0.0007351145668288171,-0.003874254557479402,-0.003874254557479402,3.2968354589975206
jm1,NeuralNetTorch,1089,0.0,0.0,0.0,-0.0010455625819525995,-0.005437002049911257,-0.005437002049911257,3.2361117499967804
jm1,RandomForest,1089,0.0,0.0,0.0,-0.000901762059833705,-0.02340381623326379,-0.02340381623326379,3.2538217499968596
jm1,XGBoost,1089,0.0,0.0,0.0,-0.0011310420045670322,-0.03911422565750456,-0.03911422565750456,3.2519032080017496
kdd_internet_usage,CatBoost,1011,0.0,0.0,0.0,-0.00039326829831957445,-0.0005617518053720792,-0.0005617518053720792,3.3039295420021517
kdd_internet_usage,ExtraTrees,1011,0.0,0.013834086537754838,0.013834086537754838,-0.00048546041322040636,0.013834086537754838,0.013834086537754838,3.2619819579995237
kdd_internet_usage,LightGBM,1011,0.0,0.0,0.0,-0.0008632353365484123,-0.013964200451321584,-0.013964200451321584,3.2399741249973886
kdd_internet_usage,LinearModel,1011,2.198882873156149e-05,0.019907116414868125,0.019907116414868125,2.198882873156149e-05,0.019907116414868125,0.019907116414868125,3.222852208011318
kdd_internet_usage,NeuralNetFastAI,1011,0.0,0.0016182577620931964,0.0016182577620931964,-0.000262083762669554,0.0016182577620931964,0.0016182577620931964,3.216996292001568
kdd_internet_usage,NeuralNetTorch,1011,0.0,0.0023152067799961265,0.0023152067799961265,-0.00037527852201814203,0.0023152067799961265,0.0023152067799961265,3.2560212500102352
kdd_internet_usage,RandomForest,1011,0.0,0.013881470904198247,0.013881470904198247,-0.0001685206565030081,0.013881470904198247,0.013881470904198247,3.2293477499915753
kdd_internet_usage,XGBoost,1011,0.0,0.0,0.0,-0.00043578266281661535,-0.01049659840574232,-0.01049659840574232,3.2359473750111647
kick,CatBoost,7299,0.0,0.0,0.0,-6.254573136683101e-05,-0.0006464907647433212,-0.0006464907647433212,3.2605750410002656
kick,ExtraTrees,7299,0.0,0.0,0.0,-0.00017489873523266988,-0.0017424991898518922,-0.0017424991898518922,3.2762969579925993
kick,LightGBM,7299,0.0,0.0033258704188790064,0.0033258704188790064,-1.0104103199506485e-05,0.0033258704188790064,0.0033258704188790064,3.2613957499997923
kick,LinearModel,7299,0.0,0.004437850440776042,0.004437850440776042,-5.5181053376730755e-05,0.004437850440776042,0.004437850440776042,3.360385749998386
kick,NeuralNetFastAI,7299,0.0,0.0,0.0,-8.734312874983934e-05,-0.005327492829152947,-0.005327492829152947,3.2818894170050044
kick,NeuralNetTorch,7299,0.0,0.00028059500663097606,0.00028059500663097606,-6.957243966668787e-05,0.00028059500663097606,0.00028059500663097606,3.2594167909992393
kick,RandomForest,7299,0.0016278872301776115,0.016187115733099992,0.016187115733099992,0.0016278872301776115,0.016187115733099992,0.016187115733099992,3.2926430000079563
kick,XGBoost,7299,0.0,0.0,0.0,-9.701706397934578e-05,-0.0019905062046313895,-0.0019905062046313895,3.2809962920000544
mammography,CatBoost,1119,0.0,0.0019464809855669792,0.0019464809855669792,-7.268476806201439e-05,0.0019464809855669792,0.0019464809855669792,3.295176375002484
mammography,ExtraTrees,1119,5.661866530179795e-06,0.0,0.0,5.661866530179795e-06,-0.0036230427555093716,-0.0036230427555093716,3.2836544169986155
mammography,LightGBM,1119,0.0,0.0,0.0,-0.00011196519545425931,-0.0023543237347715103,-0.0023543237347715103,3.124591166008031
mammography,LinearModel,1119,0.0001791208401092746,0.008779079122467084,0.008779079122467084,0.0001791208401092746,0.008779079122467084,0.008779079122467084,3.30853408400435
mammography,NeuralNetFastAI,1119,0.0,0.005042987898282767,0.005042987898282767,-5.860012309508678e-05,0.005042987898282767,0.005042987898282767,3.3307675830001244
mammography,NeuralNetTorch,1119,0.0,0.0009618279477661404,0.0009618279477661404,-7.273529367231302e-05,0.0009618279477661404,0.0009618279477661404,3.2469767090078676
mammography,RandomForest,1119,0.00010166876160494011,0.004800092074348138,0.004800092074348138,0.00010166876160494011,0.004800092074348138,0.004800092074348138,3.2586692920012865
mammography,XGBoost,1119,0.0,0.0,0.0,-8.317871111061752e-05,-0.002977114142232073,-0.002977114142232073,3.2605886250094045
mc1,CatBoost,947,0.0,0.0,0.0,-0.00028457255519636384,-0.004478578532239768,-0.004478578532239768,3.2842597080016276
mc1,ExtraTrees,947,0.0,4.637644364757448e-05,4.637644364757448e-05,-0.00046228081319773514,4.637644364757448e-05,4.637644364757448e-05,3.261429083009716
mc1,LightGBM,947,0.0,0.0,0.0,-0.00041685830689431355,-0.00040408809367644007,-0.00040408809367644007,3.1570153339998797
mc1,LinearModel,947,0.0,7.240571987849462e-05,7.240571987849462e-05,-0.00011700866012729289,7.240571987849462e-05,7.240571987849462e-05,3.611746459006099
mc1,NeuralNetFastAI,947,0.0,0.0,0.0,-6.823129941423287e-05,-0.001843614391800426,-0.001843614391800426,3.7015404580015456
mc1,NeuralNetTorch,947,0.0,0.0,0.0,-3.356200269427151e-05,-0.0007635140874187029,-0.0007635140874187029,3.258766625003773
mc1,RandomForest,947,0.0,0.00022746367428304014,0.00022746367428304014,-0.00013815139934761619,0.00022746367428304014,0.00022746367428304014,3.5170512500044424
mc1,XGBoost,947,0.0,0.0,0.0,-0.0005591482513716032,-0.0011319076409317562,-0.0011319076409317562,3.4658185000007506
mozilla4,CatBoost,1555,7.992766703591764e-05,0.01286813641215283,0.01286813641215283,7.992766703591764e-05,0.01286813641215283,0.01286813641215283,3.4776997919980204
mozilla4,ExtraTrees,1555,0.0,0.007091102820081439,0.007091102820081439,-5.342311068598431e-05,0.007091102820081439,0.007091102820081439,3.5210391669970704
mozilla4,LightGBM,1555,0.00027519628644293975,0.0051234479271881645,0.0051234479271881645,0.00027519628644293975,0.0051234479271881645,0.0051234479271881645,3.335459458990954
mozilla4,LinearModel,1555,0.0011256274575879358,0.011740097173903166,0.011740097173903166,0.0011256274575879358,0.011740097173903166,0.011740097173903166,3.443986041995231
mozilla4,NeuralNetFastAI,1555,0.0,0.0,0.0,-0.0005659256528471539,-0.0029257939858931053,-0.0029257939858931053,3.3233813749975525
mozilla4,NeuralNetTorch,1555,0.0,0.012244755216329076,0.012244755216329076,-0.00019360254691302972,0.012244755216329076,0.012244755216329076,3.3364964999927906
mozilla4,RandomForest,1555,0.0,0.004542334558639879,0.004542334558639879,-0.0001460040858775551,0.004542334558639879,0.004542334558639879,3.4286970420071157
mozilla4,XGBoost,1555,7.803855812143884e-05,0.005038194610962608,0.005038194610962608,7.803855812143884e-05,0.005038194610962608,0.005038194610962608,3.452596666989848
nomao,CatBoost,3447,0.0,0.0,0.0,-0.0002080893154112035,-0.004430841212152125,-0.004430841212152125,3.3673237080074614
nomao,ExtraTrees,3447,0.0012828528554548948,0.019699865180354922,0.019699865180354922,0.0012828528554548948,0.019699865180354922,0.019699865180354922,3.3829721250076545
nomao,LightGBM,3447,0.0,0.0025013016951607645,0.0025013016951607645,-0.00016263874199603107,0.0025013016951607645,0.0025013016951607645,3.441023541992763
nomao,LinearModel,3447,0.0,0.0,0.0,-0.0001816227884576229,-0.008457796606730671,-0.008457796606730671,3.4764154169970425
nomao,NeuralNetFastAI,3447,2.348090443903455e-05,0.0038135829296396255,0.0038135829296396255,2.348090443903455e-05,0.0038135829296396255,0.0038135829296396255,3.407891708004172
nomao,NeuralNetTorch,3447,0.0,0.0,0.0,-0.0001790093837042971,-0.0007905868278026867,-0.0007905868278026867,3.515246124996338
nomao,RandomForest,3447,0.0015556053636121207,0.02330041653307791,0.02330041653307791,0.0015556053636121207,0.02330041653307791,0.02330041653307791,3.471285000006901
nomao,XGBoost,3447,0.0,1.8747218893810228e-05,1.8747218893810228e-05,-0.000171257484322171,1.8747218893810228e-05,1.8747218893810228e-05,3.3706476670049597
numerai28_6,CatBoost,9632,7.497743014829968e-05,0.007357133762830516,0.007357133762830516,7.497743014829968e-05,0.007357133762830516,0.007357133762830516,3.554146833004779
numerai28_6,ExtraTrees,9632,2.7996676167104268e-06,0.0008567351278573572,0.0008567351278573572,2.7996676167104268e-06,0.0008567351278573572,0.0008567351278573572,3.408336833002977
numerai28_6,LightGBM,9632,4.480699605365783e-05,0.003128188198116729,0.003128188198116729,4.480699605365783e-05,0.003128188198116729,0.003128188198116729,3.361516749995644
numerai28_6,LinearModel,9632,0.0,0.0027079177197328833,0.0027079177197328833,-0.0001001508469238088,0.0027079177197328833,0.0027079177197328833,3.4312610829947516
numerai28_6,NeuralNetFastAI,9632,0.00022080067161288976,0.004589053715557553,0.004589053715557553,0.00022080067161288976,0.004589053715557553,0.004589053715557553,3.4336906249955064
numerai28_6,NeuralNetTorch,9632,0.0001225323108685777,0.009761014182826015,0.009761014182826015,0.0001225323108685777,0.009761014182826015,0.009761014182826015,3.437513290991774
numerai28_6,RandomForest,9632,8.762443115171009e-05,0.012524974792329379,0.012524974792329379,8.762443115171009e-05,0.012524974792329379,0.012524974792329379,3.45326575000945
numerai28_6,XGBoost,9632,1.746331803660999e-05,0.0036569689415964575,0.0036569689415964575,1.746331803660999e-05,0.0036569689415964575,0.0036569689415964575,3.4855070420017
